our_id,our_name,our_price,our_capacite,our_size,taiba_id,taiba_name,taiba_price,taiba_size,name_score,coverage,fuzzy,size_match,confidence,flag,image_url,image_transparent,action,old_image,new_image,error
6a7b92cd0d97848094f62c06,هريسة هروس 135 غ,"80,00",,135g,44896,Cara Harissa 135 G,8000,135g,0.667,0.667,0.297,True,HIGH,,https://i0.wp.com/www.taibaoline.com/wp-content/uploads/2025/05/Remove-bg.ai_1748510487469.png?fit=964%2C1280&ssl=1,True,WOULD_APPLY,,,
6a7b92cd0d97848094f62c05,حليب ميلكوسبراي 500 غ,"435,00",,500g,6272, Milkospray Lait 500 G,42500,500g,1.0,1.0,0.37,True,HIGH,,https://i0.wp.com/www.taibaoline.com/wp-content/uploads/2023/12/Milkospray-Lait-Instantanee-500g-1.jpg?fit=600%2C600&ssl=1,False,WOULD_APPLY,https://api.delivap.com/uploads/1786563750007-d854c67d-6726-4dbf-8134-3011efb828d0.webp,,
6a7b92cd0d97848094f62bf7,حليب موندور 500 غ,"350,00",,500g,41465,MONT D&#8217;OR Gout à L’édam 500G,29000,500g,1.0,1.0,0.26,True,HIGH,,https://i0.wp.com/www.taibaoline.com/wp-content/uploads/2024/12/Remove-bg.ai_1735379593268.png?fit=964%2C1280&ssl=1,True,WOULD_APPLY,,,
6a7b92cd0d97848094f62bf8,حليب لويا 500 غ,"600,00",,500g,7865, Loya Laite 500 G,58000,500g,1.0,1.0,0.314,True,HIGH,,https://i0.wp.com/www.taibaoline.com/wp-content/uploads/2024/01/Remove-bg.ai_1704795521489.png?fit=1200%2C1200&ssl=1,True,WOULD_APPLY,https://api.delivap.com/uploads/1786563763403-bb8ec090-1def-424f-a61a-f40b45be7f62.webp,,
6a7b92cd0d97848094f62bfd,قهوة 1001 غولد 250 غ,"330,00",,250g,7751,Café 1001 250 G,25000,250g,0.667,0.667,0.423,True,HIGH,,https://i0.wp.com/www.taibaoline.com/wp-content/uploads/2024/01/Remove-bg.ai_1704638400850.png?fit=700%2C700&ssl=1,True,WOULD_APPLY,https://api.delivap.com/uploads/1786563760171-6d834889-86ce-4d97-8e16-9a7e1a7f3398.webp,,
6a7b92cd0d97848094f62bff,قهوة فاميكو 250 غ,"250,00",,250g,7706,Café Famico Exclusive 250 G,25000,250g,1.0,1.0,0.268,True,HIGH,,https://i0.wp.com/www.taibaoline.com/wp-content/uploads/2024/01/Remove-bg.ai_1749548594862.png?fit=1080%2C1080&ssl=1,True,WOULD_APPLY,https://api.delivap.com/uploads/1786563757359-cf630d70-7f55-4bfa-99d0-8a65d80b667a.webp,,
6a7b92cd0d97848094f62c00,قهوة 1001 عادي 250 غ,"250,00",,250g,7751,Café 1001 250 G,25000,250g,0.667,0.667,0.423,True,HIGH,,https://i0.wp.com/www.taibaoline.com/wp-content/uploads/2024/01/Remove-bg.ai_1704638400850.png?fit=700%2C700&ssl=1,True,WOULD_APPLY,https://api.delivap.com/uploads/1786563753685-f6ce45da-bd12-4b71-9dc3-bb221373a5fc.webp,,
6a7b92cd0d97848094f62c02,حميرة باكمايا 125 غ,"150,00",,125g,8232,Pakmaya Levure 125G,14000,125g,0.667,0.667,0.318,True,HIGH,,https://i0.wp.com/www.taibaoline.com/wp-content/uploads/2024/01/Remove-bg.ai_1751798528891.png?fit=1200%2C1190&ssl=1,True,WOULD_APPLY,,,
6a7b92cd0d97848094f62c05,حليب ميلكوسبراي 125 غ,"140,00",,125g,6295, Milkospray Lait 125 G,12500,125g,1.0,1.0,0.37,True,HIGH,,https://i0.wp.com/www.taibaoline.com/wp-content/uploads/2023/12/item1060980454.jpg?fit=800%2C800&ssl=1,False,WOULD_APPLY,https://api.delivap.com/uploads/1786563750007-d854c67d-6726-4dbf-8134-3011efb828d0.webp,,
6a7b92cd0d97848094f62c07,طماطم الحارة 800 غ,"310,00",,800g,5981, Avril Tomate Double Concentrée 28% 800 G,31000,800g,0.667,0.667,0.211,True,HIGH,DUP_SOURCE,https://i0.wp.com/www.taibaoline.com/wp-content/uploads/2023/12/avril-800g.jpg?fit=800%2C800&ssl=1,False,WOULD_REVIEW,,,
6a7b92cd0d97848094f62c0a,طماطم افريل 800 غ,"300,00",,800g,5981, Avril Tomate Double Concentrée 28% 800 G,31000,800g,1.0,1.0,0.227,True,HIGH,,https://i0.wp.com/www.taibaoline.com/wp-content/uploads/2023/12/avril-800g.jpg?fit=800%2C800&ssl=1,False,WOULD_APPLY,https://api.delivap.com/uploads/1786563748122-64da19fd-3b33-4312-9588-3beaf2b20c87.webp,,
6a7b92cd0d97848094f62c0b,طماطم سيم 28 %  800 غ,"280,00",,800g,5981, Avril Tomate Double Concentrée 28% 800 G,31000,800g,0.75,0.75,0.221,True,HIGH,DUP_SOURCE,https://i0.wp.com/www.taibaoline.com/wp-content/uploads/2023/12/avril-800g.jpg?fit=800%2C800&ssl=1,False,WOULD_REVIEW,https://api.delivap.com/uploads/1786563745534-c9ac1980-fbb1-4a4c-b3bb-8053c84f9214.webp,,
6a7b92cd0d97848094f62c0c,سكر 1 كغ,"95,00",,1kg,7977,Sucre Roux Cristallisé 1 kg,17000,1kg,1.0,1.0,0.186,True,HIGH,,https://i0.wp.com/www.taibaoline.com/wp-content/uploads/2024/01/Remove-bg.ai_1749547713291.png?fit=600%2C735&ssl=1,True,WOULD_APPLY,https://api.delivap.com/uploads/1786563741640-7dd081e0-b9c7-4951-9e54-4bfd4fea10c5.webp,,
6a7b92cd0d97848094f62c0f,زيت اليو 1 لتر,"125,00",,1L,6255,حليب أوبي 1 لتر,12500,1L,0.667,0.0,0.667,True,HIGH,COMMON_ONLY+DUP_SOURCE,https://i0.wp.com/www.taibaoline.com/wp-content/uploads/2023/12/leche-obei-1l-1.jpg?fit=800%2C800&ssl=1,False,WOULD_REVIEW,,,
6a7b92cd0d97848094f62c10,ملح 1 كغ,"40,00",,1kg,36489,Salis Sel De Cuisine Iodé 1KG,4000,1kg,1.0,1.0,0.163,True,HIGH,,https://i0.wp.com/www.taibaoline.com/wp-content/uploads/2024/03/Remove-bg.ai_1710929572730.png?fit=1200%2C674&ssl=1,True,WOULD_APPLY,https://api.delivap.com/uploads/1786563738883-6506eb0f-5f86-4de4-b7e8-09db7b171546.webp,,
6a7b92cd0d97848094f62c17,حمص ويدو 580 غ,"210,00",,580g,37785,Wedo Petits Pois 580G,14500,580g,0.667,0.667,0.278,True,HIGH,,https://i0.wp.com/www.taibaoline.com/wp-content/uploads/2024/04/Remove-bg.ai_1713170629893.webp?fit=1280%2C719&ssl=1,True,WOULD_APPLY,,,
6a7b92cd0d97848094f62c1b,فطر فيتر كامل 380 غ,"300,00",,380g,18465,Extra Champignons De Paris Entiers 380 G,39000,380g,0.75,0.75,0.242,True,HIGH,,https://i0.wp.com/www.taibaoline.com/wp-content/uploads/2024/02/Remove-bg.ai_1707628871600.png?fit=675%2C1198&ssl=1,True,WOULD_APPLY,https://api.delivap.com/uploads/1786563736340-f5d5210d-0401-4bdc-bcad-ebc5a1970d87.webp,,
6a7b92cd0d97848094f62c29,ارز بسمتس الوسام 500 غ,"220,00",,500g,40657,El Wissam Riz Sella Basmati Indien Golden 500 G,20500,500g,0.667,0.667,0.176,True,HIGH,DUP_SOURCE,https://i0.wp.com/www.taibaoline.com/wp-content/uploads/2024/10/Remove-bg.ai_1729347109182.png?fit=1094%2C879&ssl=1,True,WOULD_REVIEW,https://api.delivap.com/uploads/1786563734033-a9b1d844-30a6-4766-9aed-ecf8642079f8.webp,,
6a7b92cd0d97848094f62c2c,محمصة عمر بن عمر 500 غ,"70,00",,500g,41197,Amor Benamor Plombs 500 G,9000,500g,1.0,1.0,0.34,True,HIGH,,https://i0.wp.com/www.taibaoline.com/wp-content/uploads/2024/11/Remove-bg.ai_1731840491320.png?fit=600%2C600&ssl=1,True,WOULD_APPLY,https://api.delivap.com/uploads/1786563731845-fce8dc23-50ed-4031-866c-a8aba77ba6bf.webp,,
6a7b92cd0d97848094f62c2e,ماقرون عمر بن عمر 500 غ,"70,00",,500g,41197,Amor Benamor Plombs 500 G,9000,500g,0.667,0.667,0.337,True,HIGH,DUP_SOURCE,https://i0.wp.com/www.taibaoline.com/wp-content/uploads/2024/11/Remove-bg.ai_1731840491320.png?fit=600%2C600&ssl=1,True,WOULD_REVIEW,https://api.delivap.com/uploads/1786563727817-3865a177-4b64-4ad9-a73e-135f58b62dd6.webp,,
6a7b92cd0d97848094f62c49,طعام ماما رقيق 1 كغ,"180,00",,1kg,59553,Mama Semoule Fine 1 KG,11000,1kg,0.667,0.667,0.341,True,HIGH,,https://i0.wp.com/www.taibaoline.com/wp-content/uploads/2025/12/Semoule-Fine-Mama-1kg-.webp?fit=1080%2C1080&ssl=1,False,WOULD_APPLY,https://api.delivap.com/uploads/1786563724342-584f234a-75d1-4105-a59f-102ae2817913.webp,,
6a7b92cd0d97848094f62c4a,شخشوخة سنوبر 900 غ,"140,00",,900g,8781,El sanoubar Chakhchoukha 900 G,11500,900g,0.667,0.667,0.231,True,HIGH,,https://i0.wp.com/www.taibaoline.com/wp-content/uploads/2024/01/Remove-bg.ai_1706003199898.png?fit=800%2C800&ssl=1,True,WOULD_APPLY,,,
6a7b92cd0d97848094f62c4b,ارز بسمتي روعة 500 غ,"180,00",,500g,40657,El Wissam Riz Sella Basmati Indien Golden 500 G,20500,500g,0.667,0.667,0.217,True,HIGH,DUP_SOURCE,https://i0.wp.com/www.taibaoline.com/wp-content/uploads/2024/10/Remove-bg.ai_1729347109182.png?fit=1094%2C879&ssl=1,True,WOULD_REVIEW,https://api.delivap.com/uploads/1786563722322-a7176572-a51c-403f-a587-139cf075826c.webp,,
6a7b92cd0d97848094f62c4c,ارز بسمتي ذهبي 500 غ,"160,00",,500g,40657,El Wissam Riz Sella Basmati Indien Golden 500 G,20500,500g,1.0,1.0,0.255,True,HIGH,,https://i0.wp.com/www.taibaoline.com/wp-content/uploads/2024/10/Remove-bg.ai_1729347109182.png?fit=1094%2C879&ssl=1,True,WOULD_APPLY,https://api.delivap.com/uploads/1786563719977-91edaa2e-ceff-4df0-8f8c-f101219e9c6a.webp,,
6a7b92cd0d97848094f62c4d,محمصة ماما 500 غ,"90,00",,500g,46687,Mama Plomb 500G,9000,500g,1.0,1.0,0.31,True,HIGH,,https://i0.wp.com/www.taibaoline.com/wp-content/uploads/2025/06/Remove-bg.ai_1751143880237.png?fit=400%2C400&ssl=1,True,WOULD_APPLY,https://api.delivap.com/uploads/1786563715645-73c0e35c-d326-4da1-8532-b73cd82fa405.webp,,
6a7b92cd0d97848094f62c4f,محمصة سيم 500 غ,"60,00",,500g,8517,Sim Plomb 500 G,6000,500g,1.0,1.0,0.333,True,HIGH,,https://i0.wp.com/www.taibaoline.com/wp-content/uploads/2024/01/SnapBG.ai_1786009562478.png?fit=480%2C480&ssl=1,True,WOULD_APPLY,https://api.delivap.com/uploads/1786563713353-f1caeded-0ab5-401b-9417-c23fd516eaad.webp,,
6a7b92cd0d97848094f62c5b,ارز مفور روعة 500 غ,"80,00",,500g,37928,SOS Parboiled Long Grain 500 G,12500,500g,0.667,0.667,0.291,True,HIGH,,https://i0.wp.com/www.taibaoline.com/wp-content/uploads/2024/04/Remove-bg.ai_1713775800447.png?fit=1280%2C719&ssl=1,True,WOULD_APPLY,https://api.delivap.com/uploads/1786563696918-a4c8f8cd-677a-4312-8c95-f5ac45dece75.webp,,
6a7b92cd0d97848094f62c5a,ارز بسمتي كريمي 1 كغ,"230,00",,1kg,40650,Wissam Rice Basmati Brown 1KG,37500,1kg,0.667,0.667,0.294,True,HIGH,,https://i0.wp.com/www.taibaoline.com/wp-content/uploads/2024/10/Remove-bg.ai_1729612411005.png?fit=720%2C720&ssl=1,True,WOULD_APPLY,https://api.delivap.com/uploads/1786563699235-4d2ccdb6-0edc-4a30-9c16-848572b6913e.webp,,
6a7b92cd0d97848094f62c5b,ارز مفور روعة 1 كغ,"160,00",,1kg,37941, Shazia Premium Indian Basmati Rice 1 KG,35000,1kg,0.667,0.667,0.207,True,HIGH,,https://i0.wp.com/www.taibaoline.com/wp-content/uploads/2024/04/Remove-bg.ai_1749550622480.png?fit=1280%2C1280&ssl=1,True,WOULD_APPLY,https://api.delivap.com/uploads/1786563696918-a4c8f8cd-677a-4312-8c95-f5ac45dece75.webp,,
6a7b92cd0d97848094f62c67,سميد مولى رقيق 1 كغ,"120,00",,1kg,59553,Mama Semoule Fine 1 KG,11000,1kg,0.667,0.667,0.318,True,HIGH,,https://i0.wp.com/www.taibaoline.com/wp-content/uploads/2025/12/Semoule-Fine-Mama-1kg-.webp?fit=1080%2C1080&ssl=1,False,WOULD_APPLY,https://api.delivap.com/uploads/1786563695256-cf25b1f3-f7aa-4ae7-a113-4c689428cdb0.webp,,
6a7b92cd0d97848094f62e55,فرينة سفينة 1كغ,"80,00",,1kg,17460,Safina Farine 1KG,8500,1kg,1.0,1.0,0.286,True,HIGH,,https://i0.wp.com/www.taibaoline.com/wp-content/uploads/2024/02/Remove-bg.ai_1707430867706.png?fit=675%2C1198&ssl=1,True,WOULD_APPLY,https://api.delivap.com/uploads/1786563576873-05e9060b-3689-4bd9-93f1-f598d8debf5f.webp,,
6a7b92cd0d97848094f62c69,سميد سفينة رقيق 1 كغ,"110,00",,1kg,59553,Mama Semoule Fine 1 KG,11000,1kg,0.667,0.667,0.315,True,HIGH,,https://i0.wp.com/www.taibaoline.com/wp-content/uploads/2025/12/Semoule-Fine-Mama-1kg-.webp?fit=1080%2C1080&ssl=1,False,WOULD_APPLY,https://api.delivap.com/uploads/1786563690881-c985b6fd-0926-4c94-b1c9-de37299e07f5.webp,,
6a7b92cd0d97848094f62c6a,سميد ماما رقيق 2 كغ,"250,00",,2kg,37655,Mama Semoule Fine 2 KG,21500,2kg,1.0,1.0,0.341,True,HIGH,,https://i0.wp.com/www.taibaoline.com/wp-content/uploads/2024/04/487077447_1162265022362754_2029519563942110991_n-removebg-preview-1.webp?fit=1080%2C1073&ssl=1,True,WOULD_APPLY,https://api.delivap.com/uploads/1786563688819-d71f6536-2112-4b32-9dce-152c16d6846b.webp,,
6a7b92cd0d97848094f62c6b,سميد ماما خشن 2 كغ,"250,00",,2kg,37664,Mama Semoule Gros 2KG,21500,2kg,1.0,1.0,0.313,True,HIGH,,https://i0.wp.com/www.taibaoline.com/wp-content/uploads/2024/04/Remove-bg.ai_1750260767194.png?fit=800%2C800&ssl=1,True,WOULD_APPLY,https://api.delivap.com/uploads/1786563687157-f82f8420-47f7-4d69-a96b-ce0e7ed176be.webp,,
6a7b92cd0d97848094f62c76,شيكولة اوبتيلا 350 غ,"240,00",,350g,16319,Optilla Pate A Tartiner Aux Noisettes 350 G,24000,350g,0.667,0.667,0.181,True,HIGH,,https://i0.wp.com/www.taibaoline.com/wp-content/uploads/2024/02/Remove-bg.ai_1755507654328.webp?fit=768%2C950&ssl=1,True,WOULD_APPLY,,,
6a7b92cd0d97848094f62c76,شيكولة اوبتيلا 700 غ,"440,00",,700g,16313,Optilla Pate A Tartiner Aux Noisettes 700 G,43000,700g,0.667,0.667,0.181,True,HIGH,,https://i0.wp.com/www.taibaoline.com/wp-content/uploads/2024/02/Remove-bg.ai_1755507592648.webp?fit=768%2C866&ssl=1,True,WOULD_APPLY,,,
6a7b92cd0d97848094f62c87,كنافة محمصة 250غ,"200,00",,250g,18039,Hani kunafa grillée 250g,18000,250g,0.667,0.667,0.258,True,HIGH,,https://i0.wp.com/www.taibaoline.com/wp-content/uploads/2024/02/Remove-bg.ai_1707430801308.png?fit=675%2C1198&ssl=1,True,WOULD_APPLY,,,
6a7b92cd0d97848094f62cff,منظف زجاج بريلكس 750مل,"160,00",,750ml,27644,Brilex Lave Viter 750 ML,14000,750ml,0.667,0.667,0.28,True,HIGH,,https://i0.wp.com/www.taibaoline.com/wp-content/uploads/2024/02/Remove-bg.ai_1751022322366.png?fit=675%2C1195&ssl=1,True,WOULD_APPLY,,,
6a7b92cd0d97848094f62d20,صانيبو امير عادي1ل,"120,00",,1L,36692,Amir SaniBon Senteur Lavande 1L,12500,1L,0.667,0.667,0.179,True,HIGH,,https://i0.wp.com/www.taibaoline.com/wp-content/uploads/2024/03/amir-sanibon-lavande-1L-2.png?fit=563%2C563&ssl=1,False,WOULD_APPLY,,,
6a7b92cd0d97848094f62dd0,صانيبو بريلكس 1ل,"110,00",,1L,36892, SaniBon Brilex Marine 1L,12000,1L,0.667,0.667,0.32,True,HIGH,,https://i0.wp.com/www.taibaoline.com/wp-content/uploads/2024/03/Remove-bg.ai_1751016967500.png?fit=1280%2C1280&ssl=1,True,WOULD_APPLY,,,
6a7b92cd0d97848094f62d2b,مايونيز فلوريال بلاستيك 200غ,"160,00",,200g,18407,Fleurial Mayonnaise Aux Oeufs Frais 200 G,15500,200g,0.75,0.75,0.227,True,HIGH,,https://i0.wp.com/www.taibaoline.com/wp-content/uploads/2024/02/Remove-bg.ai_1707627624361.png?fit=675%2C1198&ssl=1,True,WOULD_APPLY,https://api.delivap.com/uploads/1786563681579-5a04147f-8909-4c9a-aa40-10688a58d0ba.webp,,
6a7b92cd0d97848094f62d2c,مايونيز زجاج فلوريال 200غ,"160,00",,200g,18407,Fleurial Mayonnaise Aux Oeufs Frais 200 G,15500,200g,0.75,0.75,0.19,True,HIGH,,https://i0.wp.com/www.taibaoline.com/wp-content/uploads/2024/02/Remove-bg.ai_1707627624361.png?fit=675%2C1198&ssl=1,True,WOULD_APPLY,https://api.delivap.com/uploads/1786563679043-c3289535-69eb-4396-a485-9b9fd18b8e2a.webp,,
6a7b92cd0d97848094f62d37,مرغرين صول 250غ,"110,00",,250g,19031,MARGARINE SOL 250G,9500,250g,0.667,0.667,0.324,True,HIGH,,https://i0.wp.com/www.taibaoline.com/wp-content/uploads/2024/02/Sol-Margarines-250G.jpg?fit=600%2C600&ssl=1,False,WOULD_APPLY,,,
6a7b92cd0d97848094f62d39,مرغرين ديما 250غ,"110,00",,250g,19021,Dima Margarine 250 G ,9500,250g,0.667,0.667,0.268,True,HIGH,,https://i0.wp.com/www.taibaoline.com/wp-content/uploads/2024/02/Capture-decran-2024-02-13-a-23.21.01.png?fit=677%2C611&ssl=1,False,WOULD_APPLY,,,
6a7b92cd0d97848094f62d3b,فرينة سيم 1كغ,"90,00",,1kg,17515,SIM Farine 1KG,9500,1kg,1.0,1.0,0.3,True,HIGH,,https://i0.wp.com/www.taibaoline.com/wp-content/uploads/2024/02/Remove-bg.ai_1707431087672.png?fit=675%2C1198&ssl=1,True,WOULD_APPLY,https://api.delivap.com/uploads/1786563672054-9236dd3e-2e1c-49e3-abc9-b841ce1da6f8.webp,,
6a7b92cd0d97848094f62d3c,سميد ماما 1كغ,"130,00",,1kg,17529,Galb Elhaba Semoule 1 KG,12000,1kg,0.667,0.667,0.188,True,HIGH,,https://i0.wp.com/www.taibaoline.com/wp-content/uploads/2024/02/Remove-bg.ai_1707430664799.png?fit=675%2C1198&ssl=1,True,WOULD_APPLY,https://api.delivap.com/uploads/1786563669078-af9dabe7-4008-48a1-b0de-8325d496739b.webp,,
6a7b92cd0d97848094f62d3d,سميد مولا 1كغ,"130,00",,1kg,17529,Galb Elhaba Semoule 1 KG,12000,1kg,0.667,0.667,0.188,True,HIGH,,https://i0.wp.com/www.taibaoline.com/wp-content/uploads/2024/02/Remove-bg.ai_1707430664799.png?fit=675%2C1198&ssl=1,True,WOULD_APPLY,,,
6a7b92cd0d97848094f62d3f,كريم شونتي 200غ,"200,00",,200g,33894,Double Mix Gaufrettes Double Créme Vanille Et Noisette 200G,11500,200g,0.667,0.667,0.14,True,HIGH,,https://i0.wp.com/www.taibaoline.com/wp-content/uploads/2024/03/Remove-bg.ai_1709841832085.png?fit=675%2C1198&ssl=1,True,WOULD_APPLY,,,
6a7b92cd0d97848094f62d45,عسل 500غ,"110,00",,500g,16643,Buram natural honey 500g,160000,500g,1.0,1.0,0.195,True,HIGH,,https://i0.wp.com/www.taibaoline.com/wp-content/uploads/2024/02/Remove-bg.ai_1707280041200.png?fit=675%2C1198&ssl=1,True,WOULD_APPLY,https://api.delivap.com/uploads/1786563663852-cf35c8aa-4eac-4c05-8d27-bfb82bf18d75.webp,,
6a7b92cd0d97848094f62d46,حمص مرحي التناج 400غ,"140,00",,400g,18740,Altadj pois chiche moulu 400g,21000,400g,0.75,0.75,0.255,True,HIGH,,https://i0.wp.com/www.taibaoline.com/wp-content/uploads/2024/02/Remove-bg.ai_1707629890491.png?fit=675%2C1198&ssl=1,True,WOULD_APPLY,https://api.delivap.com/uploads/1786563659269-34aaac0b-98c0-4d26-834d-4d756a50418a.webp,,
6a7b92cd0d97848094f62d47,سكر قلاصي 700غ,"135,00",,700g,17977,Elmordjene sucre glace extra fin 700g,13000,700g,0.667,0.667,0.177,True,HIGH,,https://i0.wp.com/www.taibaoline.com/wp-content/uploads/2024/02/Remove-bg.ai_1707424679547.png?fit=675%2C1198&ssl=1,True,WOULD_APPLY,,,
6a7b92cd0d97848094f62d5e,مرغرين فلوريال 250غ,"100,00",,250g,19037,MARGARINE FLEURIAL 250G,12000,250g,0.667,0.667,0.413,True,HIGH,,https://i0.wp.com/www.taibaoline.com/wp-content/uploads/2024/02/20230209_113828-removebg-preview.png?fit=581%2C351&ssl=1,True,WOULD_APPLY,https://api.delivap.com/uploads/1786563655300-f450d66a-8766-4d8f-b11d-23dcb48844ea.webp,,
6a7b92cd0d97848094f62d5f,زبدة ستار 200غ,"160,00",,200g,18996,Star Beurre 200 G,18000,200g,0.667,0.667,0.257,True,HIGH,,https://i0.wp.com/www.taibaoline.com/wp-content/uploads/2024/02/Remove-bg.ai_1753869376192.webp?fit=1073%2C1020&ssl=1,True,WOULD_APPLY,https://api.delivap.com/uploads/1786563650859-64f75986-25dc-497a-8f9d-8ffb7f777499.webp,,
6a7b92cd0d97848094f62d82,قازوز حمود 2ل,"140,00",,2L,30943,Eau Gazeuse Selecto _ 2L,14000,2L,1.0,1.0,0.241,True,HIGH,,https://i0.wp.com/www.taibaoline.com/wp-content/uploads/2024/02/Removal-503.png?fit=800%2C800&ssl=1,False,WOULD_APPLY,https://api.delivap.com/uploads/1786563631705-4143a5e2-a018-44af-aa70-45ff653e97f7.webp,,
6a7b92cd0d97848094f62d84,قازوز حمود سليم 1ل,"90,00",,1L,31339,Eau Gazeuse Slim Litchi _ 1L,9000,1L,0.667,0.667,0.234,True,HIGH,,https://i0.wp.com/www.taibaoline.com/wp-content/uploads/2024/02/Removal-509.png?fit=800%2C800&ssl=1,False,WOULD_APPLY,https://api.delivap.com/uploads/1786563625337-3732233e-ab94-429a-aef2-74dc6d8395de.webp,,
6a7b92cd0d97848094f62e96,حليب كانديا 1ل,"140,00",,1L,6255,حليب أوبي 1 لتر,12500,1L,0.667,0.0,0.667,True,HIGH,COMMON_ONLY+DUP_SOURCE,https://i0.wp.com/www.taibaoline.com/wp-content/uploads/2023/12/leche-obei-1l-1.jpg?fit=800%2C800&ssl=1,False,WOULD_REVIEW,https://api.delivap.com/uploads/1786563553380-a81a7700-5386-4781-b44b-eb82d4b54096.webp,,
6a7b92cd0d97848094f62da5,حليب صومام 1ل,"140,00",,1L,27772,Dorilfor degraissant for active 1l,18000,1L,1.0,1.0,0.127,True,HIGH,,https://i0.wp.com/www.taibaoline.com/wp-content/uploads/2024/02/Remove-bg.ai_1708289306686.png?fit=675%2C1198&ssl=1,True,WOULD_APPLY,https://api.delivap.com/uploads/1786563599502-cda9721a-66a8-4ef2-93b0-fc903699e99b.webp,,
6a7b92cd0d97848094f62da5,حليب صومام 0.5ل,"80,00",,500ml,36982,Guedila Fardeau de 12 bouteilles d&#8217;eau minérale 0.5L,24000,500ml,1.0,1.0,0.072,True,HIGH,,https://i0.wp.com/www.taibaoline.com/wp-content/uploads/2024/03/Remove-bg.ai_1711278975183.png?fit=1200%2C673&ssl=1,True,WOULD_APPLY,https://api.delivap.com/uploads/1786563599502-cda9721a-66a8-4ef2-93b0-fc903699e99b.webp,,
6a7b92cd0d97848094f62db3,شاربات صومام 1ل,"120,00",,1L,34937,Dozili Benna Charbat Gout Grenadine 1L,7000,1L,1.0,1.0,0.203,True,HIGH,,https://i0.wp.com/www.taibaoline.com/wp-content/uploads/2024/03/Remove-bg.ai_1710097938842.png?fit=675%2C1198&ssl=1,True,WOULD_APPLY,https://api.delivap.com/uploads/1786563594719-3a63a5f2-806c-4468-959c-d7f74f2ac17f.webp,,
6a7b92cd0d97848094f62db4,بريلكس مزيل الدهون 950مل,"340,00",,950ml,27738,Brilex Degraissant Professionnel 950 ML,29500,950ml,1.0,1.0,0.364,True,HIGH,,https://i0.wp.com/www.taibaoline.com/wp-content/uploads/2024/02/Remove-bg.ai_1751021912827.png?fit=844%2C844&ssl=1,True,WOULD_APPLY,,,
6a7b92cd0d97848094f62db5,فورس اكسبرس 950مل,"350,00",,950ml,27760, Force Xpress Degraissant Professionnel 950 ML,33000,950ml,1.0,1.0,0.236,True,HIGH,,https://i0.wp.com/www.taibaoline.com/wp-content/uploads/2024/02/Remove-bg.ai_1751034886010.png?fit=341%2C511&ssl=1,True,WOULD_APPLY,,,
6a7b92cd0d97848094f62dbc,مبيد الحشرات ستوب 300مل,"190,00",,300ml,29729,Forcexpress anti cafards 300ml,30000,300ml,0.75,0.75,0.299,True,HIGH,,https://i0.wp.com/www.taibaoline.com/wp-content/uploads/2024/02/Remove-bg.ai_1708473537618.png?fit=675%2C1198&ssl=1,True,WOULD_APPLY,,,
6a7b92cd0d97848094f62df6,مومنت شوكولاطة 90غ,"230,00",,90g,35710,MOMENT Chocolat Noir 90 g,18000,90g,0.667,0.667,0.261,True,HIGH,,https://i0.wp.com/www.taibaoline.com/wp-content/uploads/2024/03/Remove-bg.ai_1710540561939.png?fit=768%2C768&ssl=1,True,WOULD_APPLY,https://api.delivap.com/uploads/1786563591967-cef9bb46-4f68-4fcc-bb19-b3a1819480b4.webp,,
6a7b92cd0d97848094f62e0d,معطر الجو فورس اكسبرس 430مل,"300,00",,430ml,28632,Forcexpress désodorise mesk elil 430ml,28000,430ml,1.0,1.0,0.26,True,HIGH,,https://i0.wp.com/www.taibaoline.com/wp-content/uploads/2024/02/Remove-bg.ai_1708472204855.png?fit=675%2C1198&ssl=1,True,WOULD_APPLY,,,
6a7b92cd0d97848094f62e4c,فانتا 2ل,"140,00",,2L,33056,Eau Gazeuse Fanta Orange 2L,14000,2L,1.0,1.0,0.178,True,HIGH,,https://i0.wp.com/www.taibaoline.com/wp-content/uploads/2024/03/boisson-orange.jpg?fit=800%2C800&ssl=1,False,WOULD_APPLY,https://api.delivap.com/uploads/1786563583864-47f1f899-66db-4f88-871c-0f82689f7725.webp,,
6a7b92cd0d97848094f62e53,شاي الراقي 125غ,"170,00",,125g,18879,E&#8217;RAKI THÉ VERT DE CHINE 125g,18500,125g,0.667,0.667,0.206,True,HIGH,,https://i0.wp.com/www.taibaoline.com/wp-content/uploads/2024/02/Remove-bg.ai_1707766538883.png?fit=1200%2C899&ssl=1,True,WOULD_APPLY,https://api.delivap.com/uploads/1786563581318-151c236a-51c6-4d30-b91a-4286c286c01e.webp,,
6a7b92cd0d97848094f62e55,فرينة سفينة 5كغ,"350,00",,5kg,26325,Safina Farine 5 KG,36000,5kg,0.667,0.667,0.274,True,HIGH,,https://i0.wp.com/www.taibaoline.com/wp-content/uploads/2024/02/Remove-bg.ai_1707631453260.png?fit=675%2C1198&ssl=1,True,WOULD_APPLY,https://api.delivap.com/uploads/1786563576873-05e9060b-3689-4bd9-93f1-f598d8debf5f.webp,,
6a7b92cd0d97848094f62e5d,معجون اسنان مسواك 25غ,"150,00",,25g,17435,DABUR MISWAK TOOTHPASTE -50 g,14000,"25g,50g",0.667,0.667,0.125,True,HIGH,,https://i0.wp.com/www.taibaoline.com/wp-content/uploads/2024/02/miswak-herbal-tooth-paste-dentifrice-5025-gr-1.jpg?fit=800%2C800&ssl=1,False,WOULD_APPLY,,,
6a7b92cd0d97848094f62e60,كريم الحلاقة 75مل,"110,00",,75ml,26425,ALIBI Crème à Raser 75ml,15000,75ml,1.0,1.0,0.347,True,HIGH,,https://i0.wp.com/www.taibaoline.com/wp-content/uploads/2024/02/Remove-bg.ai_1708099710012.png?fit=900%2C1198&ssl=1,True,WOULD_APPLY,,,
6a7b92cd0d97848094f62e74,جافيل امير 1ل,"110,00",,1L,36853, Gel Javel AMIR 1L,15000,1L,0.667,0.667,0.347,True,HIGH,,https://i0.wp.com/www.taibaoline.com/wp-content/uploads/2024/03/amir-clean-gel-javel-moussant-parfume-563-x-563.png?fit=563%2C563&ssl=1,False,WOULD_APPLY,,,
6a7b92cd0d97848094f62e81,خبز اللب 500غ,"150,00",,500g,36129,Hana Pain De Mie Nature Fromat Moyen 500G,12500,500g,0.667,0.667,0.19,True,HIGH,,https://i0.wp.com/www.taibaoline.com/wp-content/uploads/2024/03/Remove-bg.ai_1710838610322.png?fit=675%2C1198&ssl=1,True,WOULD_APPLY,https://api.delivap.com/uploads/1786563559168-b4f3305b-8393-4f85-b6a9-09067a058b17.webp,,
6a7b92cd0d97848094f62e89,جي فرويتي 1 لتر,"100,00",,1L,6255,حليب أوبي 1 لتر,12500,1L,0.645,0.0,0.645,True,HIGH,COMMON_ONLY+DUP_SOURCE,https://i0.wp.com/www.taibaoline.com/wp-content/uploads/2023/12/leche-obei-1l-1.jpg?fit=800%2C800&ssl=1,False,WOULD_REVIEW,,,
6a7b92cd0d97848094f62e8d,لبن ساشي 1 لتر,"100,00",,1L,6255,حليب أوبي 1 لتر,12500,1L,0.733,0.0,0.733,True,HIGH,COMMON_ONLY,https://i0.wp.com/www.taibaoline.com/wp-content/uploads/2023/12/leche-obei-1l-1.jpg?fit=800%2C800&ssl=1,False,WOULD_REVIEW,,,
6a7b92cd0d97848094f62ee3,مقرون بدون غلوتين 300غ,"210,00",,300g,36802,Pàtes Mermoura Cheveux D&#8217;Ange 300 G,19000,300g,0.667,0.667,0.114,True,HIGH,,https://i0.wp.com/www.taibaoline.com/wp-content/uploads/2024/03/Remove-bg.ai_1711203321469.png?fit=1200%2C674&ssl=1,True,WOULD_APPLY,https://api.delivap.com/uploads/1786563548186-4281aac9-30ad-47a2-a31d-42be47548ef8.webp,,
6a7b92cd0d97848094f62ee7,فرينة بدون غلوتين 3كغ,"950,00",,3kg,8407,Reginat Farina Mxi Multi Usage 3KG,95000,3kg,0.667,0.667,0.194,True,HIGH,,https://i0.wp.com/www.taibaoline.com/wp-content/uploads/2024/01/Remove-bg.ai_1751705116581.png?fit=476%2C476&ssl=1,True,WOULD_APPLY,,,
6a7b92cd0d97848094f62efe,جافيل رغوي 1 لتر,"110,00",,1L,6255,حليب أوبي 1 لتر,12500,1L,0.562,0.0,0.562,True,HIGH,COMMON_ONLY+DUP_SOURCE,https://i0.wp.com/www.taibaoline.com/wp-content/uploads/2023/12/leche-obei-1l-1.jpg?fit=800%2C800&ssl=1,False,WOULD_REVIEW,,,
6a7b92cd0d97848094f62f08,صابون لايف 10 لتر,"1 270,00",,10L,32594,Life Gel Machine Savon de marseille 10L,130000,10L,1.0,1.0,0.134,True,HIGH,,https://i0.wp.com/www.taibaoline.com/wp-content/uploads/2024/03/Remove-bg.ai_1709549646045.png?fit=1200%2C675&ssl=1,True,WOULD_APPLY,,,
6a7b92cd0d97848094f62f22,افري1 لتر,"80,00",,1L,6255,حليب أوبي 1 لتر,12500,1L,0.56,0.0,0.56,True,HIGH,COMMON_ONLY+DUP_SOURCE,https://i0.wp.com/www.taibaoline.com/wp-content/uploads/2023/12/leche-obei-1l-1.jpg?fit=800%2C800&ssl=1,False,WOULD_REVIEW,https://api.delivap.com/uploads/1786563545408-75112a86-1386-4927-90e0-5de871481f6f.webp,,
6a7b92cd0d97848094f62f34,جي دايلي 1لتر,"90,00",,1L,6255,حليب أوبي 1 لتر,12500,1L,0.621,0.5,0.621,True,HIGH,DUP_SOURCE,https://i0.wp.com/www.taibaoline.com/wp-content/uploads/2023/12/leche-obei-1l-1.jpg?fit=800%2C800&ssl=1,False,WOULD_REVIEW,,,
6a7b92cd0d97848094f62bec,طماطم الزهرة 400 غ,"165,00",,400g,9219,Lala Salha Tomate Double Concentrée (400G),12500,400g,0.5,0.5,0.208,True,MEDIUM,,https://i0.wp.com/www.taibaoline.com/wp-content/uploads/2024/01/Remove-bg.ai_1748251186815.png?fit=1280%2C962&ssl=1,True,WOULD_REVIEW,,,
6a7b92cd0d97848094f62bed,طماطم هلو 400 غ,"165,00",,400g,9219,Lala Salha Tomate Double Concentrée (400G),12500,400g,0.5,0.5,0.184,True,MEDIUM,,https://i0.wp.com/www.taibaoline.com/wp-content/uploads/2024/01/Remove-bg.ai_1748251186815.png?fit=1280%2C962&ssl=1,True,WOULD_REVIEW,,,
6a7b92cd0d97848094f62c08,طماطم عمور 400 غ,"175,00",,400g,9219,Lala Salha Tomate Double Concentrée (400G),12500,400g,0.5,0.5,0.197,True,MEDIUM,,https://i0.wp.com/www.taibaoline.com/wp-content/uploads/2024/01/Remove-bg.ai_1748251186815.png?fit=1280%2C962&ssl=1,True,WOULD_REVIEW,,,
6a7b92cd0d97848094f62c07,طماطم الحارة 400 غ,"175,00",,400g,9239,EL HARA Tomate Double Concentrée 28% (400G),17500,400g,0.5,0.5,0.169,True,MEDIUM,,https://i0.wp.com/www.taibaoline.com/wp-content/uploads/2024/01/Remove-bg.ai_1706715300080.png?fit=1200%2C835&ssl=1,True,WOULD_REVIEW,,,
6a7b92cd0d97848094f62bfa,قهوة قوسطو 250 غ,"250,00",,250g,7822,Café Oscar Trésor Noir 250 G,25000,250g,0.5,0.5,0.274,True,MEDIUM,,https://i0.wp.com/www.taibaoline.com/wp-content/uploads/2024/01/Remove-bg.ai_1704718716746.png?fit=1200%2C909&ssl=1,True,WOULD_REVIEW,,,
6a7b92cd0d97848094f62bfc,قهوة اروما 250 غ,"250,00",,250g,7822,Café Oscar Trésor Noir 250 G,25000,250g,0.5,0.5,0.274,True,MEDIUM,,https://i0.wp.com/www.taibaoline.com/wp-content/uploads/2024/01/Remove-bg.ai_1704718716746.png?fit=1200%2C909&ssl=1,True,WOULD_REVIEW,,,
6a7b92cd0d97848094f62bfe,قهوة دوزيا 250 غ,"250,00",,250g,7822,Café Oscar Trésor Noir 250 G,25000,250g,0.5,0.5,0.274,True,MEDIUM,,https://i0.wp.com/www.taibaoline.com/wp-content/uploads/2024/01/Remove-bg.ai_1704718716746.png?fit=1200%2C909&ssl=1,True,WOULD_REVIEW,,,
6a7b92cd0d97848094f62c01,خميرو باكمايا 500 غ,"350,00",,500g,43059,Pakmaya Levure 500 G,39000,500g,0.5,0.5,0.311,True,MEDIUM,,https://i0.wp.com/www.taibaoline.com/wp-content/uploads/2025/03/Remove-bg.ai_1751798371033.png?fit=1280%2C960&ssl=1,True,WOULD_REVIEW,,,
6a7b92cd0d97848094f62c03,خميرة صاف  500 غ,"400,00",,500g,62004,Eagle خميرة فورية 500 غ,35000,500g,0.5,0.5,0.4,True,MEDIUM,,https://i0.wp.com/www.taibaoline.com/wp-content/uploads/2026/03/SnapBG.ai_1772614538767.png?fit=572%2C1280&ssl=1,True,WOULD_REVIEW,,,
6a7b92cd0d97848094f62c04,خميرة فيغا 500 غ,"340,00",,500g,62004,Eagle خميرة فورية 500 غ,35000,500g,0.5,0.5,0.431,True,MEDIUM,,https://i0.wp.com/www.taibaoline.com/wp-content/uploads/2026/03/SnapBG.ai_1772614538767.png?fit=572%2C1280&ssl=1,True,WOULD_REVIEW,,,
6a7b92cd0d97848094f62c06,هريسة هروس 400 غ,"170,00",,400g,16793,Sim Harissa 380 G,16000,380g,0.5,0.5,0.24,True,MEDIUM,,https://i0.wp.com/www.taibaoline.com/wp-content/uploads/2024/02/Remove-bg.ai_1707320139754.png?fit=1200%2C869&ssl=1,True,WOULD_REVIEW,,,
6a7b92cd0d97848094f62c13,زعتر كبير,"180,00",,,18931,KABIR THYM NATUREL 37.5g,17000,37.5g,1.0,1.0,0.168,False,MEDIUM,,https://i0.wp.com/www.taibaoline.com/wp-content/uploads/2024/02/Remove-bg.ai_1707773337886.png?fit=1200%2C899&ssl=1,True,WOULD_REVIEW,,,
6a7b92cd0d97848094f62c15,عطر فانيلا 60 غ,"60,00",,60g,27718,تاشفين &#8211; حب الجلجلان 60 غ,10000,60g,0.5,0.5,0.138,True,MEDIUM,,https://i0.wp.com/www.taibaoline.com/wp-content/uploads/2024/02/Remove-bg.ai_1708434613562.png?fit=900%2C1198&ssl=1,True,WOULD_REVIEW,,,
6a7b92cd0d97848094f62c2a,سباغيتي اغروديف 500 غ,"65,00",,500g,46690,Mama Spaghetti 500G,9000,500g,0.5,0.5,0.313,True,MEDIUM,,https://i0.wp.com/www.taibaoline.com/wp-content/uploads/2025/06/Remove-bg.ai_1751144571229.png?fit=400%2C400&ssl=1,True,WOULD_REVIEW,,,
6a7b92cd0d97848094f62c2b,سباغيتي سيم 500 غ,"70,00",,500g,41115,Sim Gros Coude 500 G,6000,500g,0.5,0.5,0.235,True,MEDIUM,,https://i0.wp.com/www.taibaoline.com/wp-content/uploads/2024/11/Remove-bg.ai_1731488571490.png?fit=1280%2C962&ssl=1,True,WOULD_REVIEW,,,
6a7b92cd0d97848094f62c2d,ماقرون عمر بن عمر كود 6 500غ,"70,00",,500g,8721,Amor Benamor Farfalle N°1 (500g) عمر بن عمر فارفاليني رقم 1,14000,500g,0.4,0.4,0.225,True,MEDIUM,,https://i0.wp.com/www.taibaoline.com/wp-content/uploads/2024/01/Remove-bg.ai_1705927037839.png?fit=750%2C998&ssl=1,True,WOULD_REVIEW,,,
6a7b92cd0d97848094f62c2f,شربة زريعة عمر بن عمر 500 غ,"70,00",,500g,41197,Amor Benamor Plombs 500 G,9000,500g,0.5,0.5,0.343,True,MEDIUM,DUP_SOURCE,https://i0.wp.com/www.taibaoline.com/wp-content/uploads/2024/11/Remove-bg.ai_1731840491320.png?fit=600%2C600&ssl=1,True,WOULD_REVIEW,,,
6a7b92cd0d97848094f62c30,شربة فارميسال 500 غ,"70,00",,500g,62004,Eagle خميرة فورية 500 غ,35000,500g,0.353,0.0,0.353,True,MEDIUM,COMMON_ONLY+DUP_SOURCE,https://i0.wp.com/www.taibaoline.com/wp-content/uploads/2026/03/SnapBG.ai_1772614538767.png?fit=572%2C1280&ssl=1,True,WOULD_REVIEW,,,
6a7b92cd0d97848094f62c3b,شاي كمية 100 غ,"270,00",,100g,18849,EL BERRAD THE VERT DE CHINE 100 G,23000,100g,0.5,0.5,0.185,True,MEDIUM,,https://i0.wp.com/www.taibaoline.com/wp-content/uploads/2024/02/Remove-bg.ai_1707706726372.png?fit=1200%2C899&ssl=1,True,WOULD_REVIEW,,,
6a7b92cd0d97848094f62c3e,طعام كنزة 1 كغ,"140,00",,1kg,17472,Kanza Farine 1KG,7500,1kg,0.5,0.5,0.273,True,MEDIUM,,https://i0.wp.com/www.taibaoline.com/wp-content/uploads/2024/02/Remove-bg.ai_1707430910264.png?fit=675%2C1198&ssl=1,True,WOULD_REVIEW,,,
6a7b92cd0d97848094f62c3f,طعام سفينة 1 كغ,"170,00",,1kg,17460,Safina Farine 1KG,8500,1kg,0.5,0.5,0.286,True,MEDIUM,DUP_SOURCE,https://i0.wp.com/www.taibaoline.com/wp-content/uploads/2024/02/Remove-bg.ai_1707430867706.png?fit=675%2C1198&ssl=1,True,WOULD_REVIEW,,,
6a7b92cd0d97848094f62c40,طعام البركة 1 كغ,"180,00",,1kg,8916,Albaraka Couscous Fin (1Kg),16500,1kg,0.5,0.5,0.253,True,MEDIUM,,https://i0.wp.com/www.taibaoline.com/wp-content/uploads/2024/01/Remove-bg.ai_1706174277261.png?fit=720%2C958&ssl=1,True,WOULD_REVIEW,,,
6a7b92cd0d97848094f62c43,طعام سيم 1 كغ,"140,00",,1kg,17515,SIM Farine 1KG,9500,1kg,0.5,0.5,0.267,True,MEDIUM,DUP_SOURCE,https://i0.wp.com/www.taibaoline.com/wp-content/uploads/2024/02/Remove-bg.ai_1707431087672.png?fit=675%2C1198&ssl=1,True,WOULD_REVIEW,,,
6a7b92cd0d97848094f62c4e,تليتلي سباو 500 غ,"60,00",,500g,46705, Mama Tlitli 500G,9000,500g,0.5,0.5,0.312,True,MEDIUM,,https://i0.wp.com/www.taibaoline.com/wp-content/uploads/2025/06/Remove-bg.ai_1751147239630.png?fit=845%2C1066&ssl=1,True,WOULD_REVIEW,,,
6a7b92cd0d97848094f62c54,ماقرون سيم كود 4 500غ,"60,00",,500g,47203,Sim Pàtes Coude Moyen 500 G,29000,500g,0.5,0.5,0.264,True,MEDIUM,,https://i0.wp.com/www.taibaoline.com/wp-content/uploads/2025/07/Remove-bg.ai_1751902941297.png?fit=963%2C1278&ssl=1,True,WOULD_REVIEW,https://api.delivap.com/uploads/1786563709896-5cd20d9a-55e5-47ff-b7f4-12eb6f6c97ee.webp,,
6a7b92cd0d97848094f62c56,لوبيا كاردينال 1 كغ,"380,00",,1kg,34326,1kg لوبيا بيضاء _ Assil Haricot Blanc,38000,1kg,0.5,0.5,0.212,True,MEDIUM,,https://i0.wp.com/www.taibaoline.com/wp-content/uploads/2024/03/Remove-bg.ai_1709925952664.png?fit=1200%2C1200&ssl=1,True,WOULD_REVIEW,,,
6a7b92cd0d97848094f62c57,عدس نون 1 كغ,"125,00",,1kg,40112,Lentilles Vrac Oaice 1 KG,12500,1kg,0.5,0.5,0.235,True,MEDIUM,,https://i0.wp.com/www.taibaoline.com/wp-content/uploads/2024/07/Remove-bg.ai_1749550512480.png?fit=1200%2C798&ssl=1,True,WOULD_REVIEW,,,
6a7b92cd0d97848094f62c58,حمص 12 -- 1كغ,"450,00",,1kg,17529,Galb Elhaba Semoule 1 KG,12000,1kg,0.5,0.5,0.165,True,MEDIUM,DUP_SOURCE,https://i0.wp.com/www.taibaoline.com/wp-content/uploads/2024/02/Remove-bg.ai_1707430664799.png?fit=675%2C1198&ssl=1,True,WOULD_REVIEW,,,
6a7b92cd0d97848094f62c5c,ارز تايلندي 1 كغ,"170,00",,1kg,40650,Wissam Rice Basmati Brown 1KG,37500,1kg,0.5,0.5,0.248,True,MEDIUM,DUP_SOURCE,https://i0.wp.com/www.taibaoline.com/wp-content/uploads/2024/10/Remove-bg.ai_1729612411005.png?fit=720%2C720&ssl=1,True,WOULD_REVIEW,,,
6a7b92cd0d97848094f62c5d,طراشن وفاء 80 قطعة,"75,00",,,26984,Wafa Servittes de table 80 Servitte,9000,,0.667,0.667,0.136,False,MEDIUM,,https://i0.wp.com/www.taibaoline.com/wp-content/uploads/2024/02/Remove-bg.ai_1708196426766.png?fit=675%2C1198&ssl=1,True,WOULD_REVIEW,,,
6a7b92cd0d97848094f62c6f,كراميل توفيا 400 غ,"250,00",,400g,37477,Tofian créme Caramel 400 G,22500,400g,0.5,0.5,0.235,True,MEDIUM,,https://i0.wp.com/www.taibaoline.com/wp-content/uploads/2024/04/SnapBG.ai_1772458308181.png?fit=572%2C1280&ssl=1,True,WOULD_REVIEW,,,
6a7b92cd0d97848094f62c76,شيكولة اوبتيلا 200 غ,"150,00",,200g,16324,Optilla Pate A Tartiner Aux Noisettes 200G,15000,200g,0.5,0.5,0.183,True,MEDIUM,,https://i0.wp.com/www.taibaoline.com/wp-content/uploads/2024/02/Remove-bg.ai_1755506865008.webp?fit=1000%2C1000&ssl=1,True,WOULD_REVIEW,,,
6a7b92cd0d97848094f62c74,شيكولة تويسكو 300 غ,"260,00",,300g,7930,Twisco Chocolat En Poudre 300 G,26000,300g,0.5,0.5,0.226,True,MEDIUM,,https://i0.wp.com/www.taibaoline.com/wp-content/uploads/2024/01/Twisco-chocolat-en-poudre-instantanee-500g-1.jpg?fit=600%2C600&ssl=1,False,WOULD_REVIEW,,,
6a7b92cd0d97848094f62c83,شرشال بوبس250غ,"180,00",,250g,32850,cherchell-pops-cereales-croustillantes-chocolat-250g,16000,250g,0.5,0.5,0.175,True,MEDIUM,,https://i0.wp.com/www.taibaoline.com/wp-content/uploads/2024/03/Remove-bg.ai_1709580750015.png?fit=675%2C1198&ssl=1,True,WOULD_REVIEW,,,
6a7b92cd0d97848094f62c86,عسل البركة الاصيل  125غ,"140,00",,125g,16660,Baraka Al Assil Succédané De Miel 125G,12500,125g,0.5,0.5,0.273,True,MEDIUM,,https://i0.wp.com/www.taibaoline.com/wp-content/uploads/2024/02/Remove-bg.ai_1707280119876.png?fit=675%2C1198&ssl=1,True,WOULD_REVIEW,,,
6a7b92cd0d97848094f62c88,بسكويت بودوار,"130,00",,,33436,Chafia Boudoirs Biscuits Saveur Vanille 170 G,9500,170g,1.0,1.0,0.11,False,MEDIUM,,https://i0.wp.com/www.taibaoline.com/wp-content/uploads/2024/03/Remove-bg.ai_1709763357980.png?fit=1200%2C674&ssl=1,True,WOULD_REVIEW,,,
6a7b92cd0d97848094f62c89,قفريط دوبل ميكس بيمو,"120,00",,,33894,Double Mix Gaufrettes Double Créme Vanille Et Noisette 200G,11500,200g,0.75,0.75,0.147,False,MEDIUM,DUP_SOURCE,https://i0.wp.com/www.taibaoline.com/wp-content/uploads/2024/03/Remove-bg.ai_1709841832085.png?fit=675%2C1198&ssl=1,True,WOULD_REVIEW,,,
6a7b92cd0d97848094f62c8b,دوبل ميكس صاشي,"120,00",,,33894,Double Mix Gaufrettes Double Créme Vanille Et Noisette 200G,11500,200g,0.667,0.667,0.13,False,MEDIUM,DUP_SOURCE,https://i0.wp.com/www.taibaoline.com/wp-content/uploads/2024/03/Remove-bg.ai_1709841832085.png?fit=675%2C1198&ssl=1,True,WOULD_REVIEW,,,
6a7b92cd0d97848094f62c91,صابون غبرة امو 300 غ,"120,00",,300g,33442,Omo lave linge confort fleurs 300g,11000,300g,0.5,0.5,0.129,True,MEDIUM,,https://i0.wp.com/www.taibaoline.com/wp-content/uploads/2024/03/Remove-bg.ai_1709807382888-2.png?fit=1200%2C675&ssl=1,True,WOULD_REVIEW,,,
6a7b92cd0d97848094f62cae,صابون اواني لايف 2 لتر,"380,00",,2L,36927,Life  &#8211; eau de javel 2L,19000,2L,0.5,0.5,0.237,True,MEDIUM,,https://i0.wp.com/www.taibaoline.com/wp-content/uploads/2024/03/Remove-bg.ai_1711154073347.png?fit=1200%2C1200&ssl=1,True,WOULD_REVIEW,,,
6a7b92cd0d97848094f62dcf,جافيل دوز 2 لتر,"170,00",,2L,36704,Atack plus &#8211; javel Moussant 2L,23000,2L,0.5,0.5,0.239,True,MEDIUM,,https://i0.wp.com/www.taibaoline.com/wp-content/uploads/2024/03/Remove-bg.ai_1711148228566.png?fit=1200%2C1200&ssl=1,True,WOULD_REVIEW,,,
6a7b92cd0d97848094f62ca0,صابون اواني بريل 3 لتر,"630,00",,3L,46938,Pril ISIS Liquide Vaisselle 3 L,76000,3L,0.5,0.5,0.218,True,MEDIUM,,https://i0.wp.com/www.taibaoline.com/wp-content/uploads/2025/06/Remove-bg.ai_1751307857644.png?fit=960%2C1275&ssl=1,True,WOULD_REVIEW,,,
6a7b92cd0d97848094f62ca9,هابي دراي  5/25,"640,00",,,41302,Happy Dry N2 3-6 KG 40 Couches ,79000,6kg,1.0,1.0,0.198,False,MEDIUM,,https://i0.wp.com/www.taibaoline.com/wp-content/uploads/2024/11/IMG20251124110911.webp?fit=1080%2C607&ssl=1,False,WOULD_REVIEW,,,
6a7b92cd0d97848094f62ca3,هابي دراي 6/20,"570,00",,,41302,Happy Dry N2 3-6 KG 40 Couches ,79000,6kg,1.0,1.0,0.218,False,MEDIUM,,https://i0.wp.com/www.taibaoline.com/wp-content/uploads/2024/11/IMG20251124110911.webp?fit=1080%2C607&ssl=1,False,WOULD_REVIEW,,,
6a7b92cd0d97848094f62ca9,هابي دراي 4/25,"610,00",,,41302,Happy Dry N2 3-6 KG 40 Couches ,79000,6kg,1.0,1.0,0.2,False,MEDIUM,,https://i0.wp.com/www.taibaoline.com/wp-content/uploads/2024/11/IMG20251124110911.webp?fit=1080%2C607&ssl=1,False,WOULD_REVIEW,,,
6a7b92cd0d97848094f62ca9,هابي دراي 3/25,"570,00",,,41302,Happy Dry N2 3-6 KG 40 Couches ,79000,6kg,1.0,1.0,0.2,False,MEDIUM,,https://i0.wp.com/www.taibaoline.com/wp-content/uploads/2024/11/IMG20251124110911.webp?fit=1080%2C607&ssl=1,False,WOULD_REVIEW,,,
6a7b92cd0d97848094f62ca9,هابي دراي 2 /25,"460,00",,,41302,Happy Dry N2 3-6 KG 40 Couches ,79000,6kg,1.0,1.0,0.216,False,MEDIUM,,https://i0.wp.com/www.taibaoline.com/wp-content/uploads/2024/11/IMG20251124110911.webp?fit=1080%2C607&ssl=1,False,WOULD_REVIEW,,,
6a7b92cd0d97848094f62caa,صابون غسالة لايف 3 لتر,"520,00",,3L,30812,Life Gel Machine Aloe Vera 3L,55000,3L,0.5,0.5,0.203,True,MEDIUM,,https://i0.wp.com/www.taibaoline.com/wp-content/uploads/2024/02/Remove-bg.ai_1709054739280.png?fit=1200%2C675&ssl=1,True,WOULD_REVIEW,,,
6a7b92cd0d97848094f62cba,فطور الصباح بيمو,"100,00",,,32537,Gouter Matin Biscuits Casse Croute 240G,6000,240g,0.667,0.667,0.22,False,MEDIUM,,https://i0.wp.com/www.taibaoline.com/wp-content/uploads/2024/03/Remove-bg.ai_1709443519567.png?fit=674%2C1200&ssl=1,True,WOULD_REVIEW,,,
6a7b92cd0d97848094f62cc5,مادلين مون قوتي,"150,00",,,32903,Mon Goùter Fourré Au Goùt Vanille Et Enrobé Au Vegecao 10 PS,15000,,0.667,0.667,0.092,False,MEDIUM,,https://i0.wp.com/www.taibaoline.com/wp-content/uploads/2024/03/Remove-bg.ai_1709578770965.png?fit=675%2C1198&ssl=1,True,WOULD_REVIEW,,,
6a7b92cd0d97848094f62cc9,اورو قاليت بيفا,"75,00",,,32495,Oro Galette Céréales et Lait 270G,7500,270g,0.667,0.667,0.22,False,MEDIUM,,https://i0.wp.com/www.taibaoline.com/wp-content/uploads/2024/03/Remove-bg.ai_1709443997592.png?fit=675%2C1198&ssl=1,True,WOULD_REVIEW,,,
6a7b92cd0d97848094f62ccf,بيسكويت ماكسون قاليت,"110,00",,,32304,Maxon Galette Biscuit au cacao 330G,12500,330g,0.667,0.667,0.198,False,MEDIUM,,https://i0.wp.com/www.taibaoline.com/wp-content/uploads/2024/03/Remove-bg.ai_1709443793737.png?fit=675%2C1198&ssl=1,True,WOULD_REVIEW,,,
6a7b92cd0d97848094f62cd3,كوكيز بيفا شوكولاطة,"70,00",,,35697,MOMENT Chocolat éclats de biscuits 90 g,22000,90g,0.667,0.667,0.201,False,MEDIUM,,https://i0.wp.com/www.taibaoline.com/wp-content/uploads/2024/03/Remove-bg.ai_1710540532882.png?fit=768%2C768&ssl=1,True,WOULD_REVIEW,,,
6a7b92cd0d97848094f62cd9,بسكويت فطور الصباح ماتينو,"50,00",,,32846,Cérégal Céréales Boules Au Chocolat 250G,16000,250g,0.667,0.667,0.068,False,MEDIUM,,https://i0.wp.com/www.taibaoline.com/wp-content/uploads/2024/03/Remove-bg.ai_1709581011729.png?fit=675%2C1198&ssl=1,True,WOULD_REVIEW,,,
6a7b92cd0d97848094f62cdb,زيت ااوليفا 250غ,"120,00",,250g,64385,Falco Loukoum Exotiques 250 G,19000,250g,0.5,0.5,0.174,True,MEDIUM,,https://i0.wp.com/www.taibaoline.com/wp-content/uploads/2026/08/SnapBG.ai_1785837253175.png?fit=1280%2C569&ssl=1,True,WOULD_REVIEW,,,
6a7b92cd0d97848094f62cdc,زيت دار ضياف 250غ,"350,00",,250g,6181,Blédine موز و حليب  250غ,38000,250g,0.381,0.333,0.381,True,MEDIUM,DUP_SOURCE,https://i0.wp.com/www.taibaoline.com/wp-content/uploads/2023/12/cereales-bledine-fruits-lait-250g.webp?fit=800%2C823&ssl=1,False,WOULD_REVIEW,,,
6a7b92cd0d97848094f62cdd,كوتكس غلاف شفاف 10 متر,"100,00",,,9208,Papito Film Transparent  بابيتو غلاف شفاف,43000,,0.667,0.667,0.375,False,MEDIUM,,https://i0.wp.com/www.taibaoline.com/wp-content/uploads/2024/01/Remove-bg.ai_1706697414212.png?fit=1200%2C523&ssl=1,True,WOULD_REVIEW,,,
6a7b92cd0d97848094f62cde,ورق الطهي ؤفاء 5 م,"100,00",,,9081,Wafa papier cuisson (5 متر) وفاء ورق الطهي,10000,,1.0,1.0,0.339,False,MEDIUM,,https://i0.wp.com/www.taibaoline.com/wp-content/uploads/2024/01/Remove-bg.ai_1706447725114.png?fit=999%2C749&ssl=1,True,WOULD_REVIEW,,,
6a7b92cd0d97848094f62cdf,ورق الالمنيوم وفاء 5 م,"100,00",,,9134,Wafa Eco Plus Papier Aluminium 150 Métres,185000,,1.0,1.0,0.238,False,MEDIUM,,https://i0.wp.com/www.taibaoline.com/wp-content/uploads/2024/01/Remove-bg.ai_1754319726674.webp?fit=1280%2C718&ssl=1,True,WOULD_REVIEW,,,
6a7b92cd0d97848094f62ce0,ورق الطهي وفاء 10 م,"180,00",,,9081,Wafa papier cuisson (5 متر) وفاء ورق الطهي,10000,,1.0,1.0,0.333,False,MEDIUM,,https://i0.wp.com/www.taibaoline.com/wp-content/uploads/2024/01/Remove-bg.ai_1706447725114.png?fit=999%2C749&ssl=1,True,WOULD_REVIEW,,,
6a7b92cd0d97848094f62cf9,لانجات وفاء 72 قطعة,"120,00",,,35178,Wafa Lingettes Humide 72 Lingettes,14000,,0.667,0.667,0.137,False,MEDIUM,,https://i0.wp.com/www.taibaoline.com/wp-content/uploads/2024/03/Remove-bg.ai_1710164491024.png?fit=675%2C1198&ssl=1,True,WOULD_REVIEW,,,
6a7b92cd0d97848094f62cfa,لانجات بيمبيز 84 قطعة,"150,00",,,35200,Bimbies Lingettes Humide 84 Lingettes,14000,,0.667,0.667,0.171,False,MEDIUM,,https://i0.wp.com/www.taibaoline.com/wp-content/uploads/2024/03/Remove-bg.ai_1710098080787.png?fit=1200%2C674&ssl=1,True,WOULD_REVIEW,,,
6a7b92cd0d97848094f62d06,صانيبو امير لافصول 1لتر,"190,00",,1L,6255,حليب أوبي 1 لتر,12500,1L,0.513,0.25,0.513,True,MEDIUM,DUP_SOURCE,https://i0.wp.com/www.taibaoline.com/wp-content/uploads/2023/12/leche-obei-1l-1.jpg?fit=800%2C800&ssl=1,False,WOULD_REVIEW,,,
6a7b92cd0d97848094f62d07,صانيبو وايف  1لتر,"180,00",,1L,6255,حليب أوبي 1 لتر,12500,1L,0.545,0.333,0.545,True,MEDIUM,DUP_SOURCE,https://i0.wp.com/www.taibaoline.com/wp-content/uploads/2023/12/leche-obei-1l-1.jpg?fit=800%2C800&ssl=1,False,WOULD_REVIEW,,,
6a7b92cd0d97848094f62d08,صانيبو فور اكسبرس,"200,00",,,36601,Force Xpress Lave Sol Senteur Provencale 1L,17500,1L,0.667,0.667,0.14,False,MEDIUM,,https://i0.wp.com/www.taibaoline.com/wp-content/uploads/2024/03/Remove-bg.ai_1751035237689.png?fit=441%2C441&ssl=1,True,WOULD_REVIEW,,,
6a7b92cd0d97848094f62d09,صانيبو بريلكس لافصول 1لتر,"175,00",,1L,36892, SaniBon Brilex Marine 1L,12000,1L,0.5,0.5,0.349,True,MEDIUM,DUP_SOURCE,https://i0.wp.com/www.taibaoline.com/wp-content/uploads/2024/03/Remove-bg.ai_1751016967500.png?fit=1280%2C1280&ssl=1,True,WOULD_REVIEW,,,
6a7b92cd0d97848094f62d0b,صابون غسيل الملابس ايقل 1كغ,"280,00",,1kg,17529,Galb Elhaba Semoule 1 KG,12000,1kg,0.5,0.5,0.202,True,MEDIUM,DUP_SOURCE,https://i0.wp.com/www.taibaoline.com/wp-content/uploads/2024/02/Remove-bg.ai_1707430664799.png?fit=675%2C1198&ssl=1,True,WOULD_REVIEW,,,
6a7b92cd0d97848094f62d0b,صابون غسيل الملابس ايقل 750غ,"220,00",,750g,33252,Bingo Lavage main 750g,29000,750g,0.351,0.0,0.351,True,MEDIUM,COMMON_ONLY,https://i0.wp.com/www.taibaoline.com/wp-content/uploads/2024/03/Remove-bg.ai_1709715279538.png?fit=1200%2C675&ssl=1,True,WOULD_REVIEW,,,
6a7b92cd0d97848094f62d0d,صابون ايزيس 750غ,"240,00",,750g,33463,ISIS Pouder Main Savon Marseille Multi-Usages 750 G,22500,750g,0.5,0.5,0.112,True,MEDIUM,,https://i0.wp.com/www.taibaoline.com/wp-content/uploads/2024/03/Remove-bg.ai_1751286872539.png?fit=960%2C1275&ssl=1,True,WOULD_REVIEW,,,
6a7b92cd0d97848094f62d16,معطر الملابس بريلكس 1.2ل,"300,00",,1.2L,58023,"Brilex Adoucissant Linge 1,2 L",28000,1.2L,0.5,0.5,0.226,True,MEDIUM,,https://i0.wp.com/www.taibaoline.com/wp-content/uploads/2025/11/IMG20251127093826-1.webp?fit=1080%2C607&ssl=1,False,WOULD_REVIEW,https://api.delivap.com/uploads/1786563683098-e0c72042-7e43-402c-bc82-1d5df063e450.webp,,
6a7b92cd0d97848094f62d23,صابون تست 850غ,"240,00",,850g,17373,N&#8217;Gaous Confiture Extra D’Abricot 850 G,28000,850g,0.5,0.5,0.124,True,MEDIUM,,https://i0.wp.com/www.taibaoline.com/wp-content/uploads/2024/02/Ngaous-Confitures-Abricot-850g-1.webp?fit=1080%2C1080&ssl=1,False,WOULD_REVIEW,,,
6a7b92cd0d97848094f62d25,صابون بينقو 300غ,"140,00",,300g,32392,Avantage Biscuits Fourés Créme De Cacao 300G,11000,300g,0.5,0.5,0.15,True,MEDIUM,,https://i0.wp.com/www.taibaoline.com/wp-content/uploads/2024/03/Remove-bg.ai_1709443315919.png?fit=674%2C1200&ssl=1,True,WOULD_REVIEW,,,
6a7b92cd0d97848094f62d26,جافيل بريلكس2لتر,"150,00",,2L,36704,Atack plus &#8211; javel Moussant 2L,23000,2L,0.5,0.5,0.218,True,MEDIUM,,https://i0.wp.com/www.taibaoline.com/wp-content/uploads/2024/03/Remove-bg.ai_1711148228566.png?fit=1200%2C1200&ssl=1,True,WOULD_REVIEW,,,
6a7b92cd0d97848094f62d27,جافيل تست 2 لتر,"150,00",,2L,36704,Atack plus &#8211; javel Moussant 2L,23000,2L,0.5,0.5,0.22,True,MEDIUM,,https://i0.wp.com/www.taibaoline.com/wp-content/uploads/2024/03/Remove-bg.ai_1711148228566.png?fit=1200%2C1200&ssl=1,True,WOULD_REVIEW,,,
6a7b92cd0d97848094f62d28,جال جافيل بريلكس 2لتر,"190,00",,2L,36704,Atack plus &#8211; javel Moussant 2L,23000,2L,0.5,0.5,0.278,True,MEDIUM,,https://i0.wp.com/www.taibaoline.com/wp-content/uploads/2024/03/Remove-bg.ai_1711148228566.png?fit=1200%2C1200&ssl=1,True,WOULD_REVIEW,,,
6a7b92cd0d97848094f62d33,مرغرين ماني 250غ,"110,00",,250g,6181,Blédine موز و حليب  250غ,38000,250g,0.39,0.333,0.39,True,MEDIUM,DUP_SOURCE,https://i0.wp.com/www.taibaoline.com/wp-content/uploads/2023/12/cereales-bledine-fruits-lait-250g.webp?fit=800%2C823&ssl=1,False,WOULD_REVIEW,,,
6a7b92cd0d97848094f62d33,مرغرين ماني 500غ,"185,00",,500g,19141,Many Margarine 500 G,17500,500g,0.4,0.333,0.4,True,MEDIUM,,https://i0.wp.com/www.taibaoline.com/wp-content/uploads/2024/02/Many-Margarines-500g.jpg?fit=600%2C600&ssl=1,False,WOULD_REVIEW,,,
6a7b92cd0d97848094f62d34,مرغرين لا بل 250غ,"110,00",,250g,6181,Blédine موز و حليب  250غ,38000,250g,0.381,0.25,0.381,True,MEDIUM,DUP_SOURCE,https://i0.wp.com/www.taibaoline.com/wp-content/uploads/2023/12/cereales-bledine-fruits-lait-250g.webp?fit=800%2C823&ssl=1,False,WOULD_REVIEW,,,
6a7b92cd0d97848094f62d37,مرغرين صول 500غ,"185,00",,500g,19028,Margarine Sol 500 G,17000,500g,0.395,0.333,0.395,True,MEDIUM,,https://i0.wp.com/www.taibaoline.com/wp-content/uploads/2024/02/55.webp?fit=600%2C600&ssl=1,False,WOULD_REVIEW,,,
6a7b92cd0d97848094f62d3e,سميد لار 1 كغ,"120,00",,1kg,17529,Galb Elhaba Semoule 1 KG,12000,1kg,0.5,0.5,0.188,True,MEDIUM,DUP_SOURCE,https://i0.wp.com/www.taibaoline.com/wp-content/uploads/2024/02/Remove-bg.ai_1707430664799.png?fit=675%2C1198&ssl=1,True,WOULD_REVIEW,,,
6a7b92cd0d97848094f62d45,عسل 1كغ,"190,00",,1kg,37473,Dada dessert végécao Blanc 1Kg,61500,1kg,0.5,0.5,0.099,True,MEDIUM,,https://i0.wp.com/www.taibaoline.com/wp-content/uploads/2024/04/Remove-bg.ai_1712068409038.png?fit=675%2C1198&ssl=1,True,WOULD_REVIEW,https://api.delivap.com/uploads/1786563663852-cf35c8aa-4eac-4c05-8d27-bfb82bf18d75.webp,,
6a7b92cd0d97848094f62d53,ماء افري جينيور33سل,"30,00",,,36115,"Ifri Fardeau de 6 bouteilles d&#8217;eau minérale (1,5 L)",23000,1.5L,0.667,0.667,0.116,False,MEDIUM,,https://i0.wp.com/www.taibaoline.com/wp-content/uploads/2024/03/FB_IMG_1710805951909.jpg?fit=508%2C505&ssl=1,False,WOULD_REVIEW,,,
6a7b92cd0d97848094f62d61,موندور 450غ,"260,00",,450g,18380,Fleurial Mayonnaise 450 G,28000,450g,0.5,0.5,0.184,True,MEDIUM,,https://i0.wp.com/www.taibaoline.com/wp-content/uploads/2024/02/Remove-bg.ai_1748202420214.png?fit=1280%2C962&ssl=1,True,WOULD_REVIEW,https://api.delivap.com/uploads/1786563648870-45108628-8437-4659-8c76-3412639ca70f.webp,,
6a7b92cd0d97848094f62d65,حميس زيتون صاشي 100غ,"60,00",,100g,47315,Dorex Beauty Soap With Natural Oils Olive 100G,8000,100g,0.5,0.5,0.159,True,MEDIUM,,https://i0.wp.com/www.taibaoline.com/wp-content/uploads/2025/07/Remove-bg.ai_1752598797513.png?fit=1280%2C1280&ssl=1,True,WOULD_REVIEW,,,
6a7b92cd0d97848094f62d66,خبز التورتيلا كبير 10 قطع,"380,00",,,33363,Pain de tacos totillas Maxi format 10trtlls,34000,,0.667,0.667,0.273,False,MEDIUM,,https://i0.wp.com/www.taibaoline.com/wp-content/uploads/2024/03/Remove-bg.ai_1709738348130.png?fit=1200%2C675&ssl=1,True,WOULD_REVIEW,,,
6a7b92cd0d97848094f62d67,خبز التورتيلا صغير 6 قطع,"220,00",,,39411,Bread Tortilla Love 6 Paices ,20000,,0.667,0.667,0.358,False,MEDIUM,,https://i0.wp.com/www.taibaoline.com/wp-content/uploads/2024/07/Remove-bg.ai_1720002451216.png?fit=1280%2C719&ssl=1,True,WOULD_REVIEW,,,
6a7b92cd0d97848094f62d68,رامي ميلكي كرطونة 1ل,"140,00",,1L,36094,Jus Ramy Milky Grenadine 1L,12000,1L,0.5,0.5,0.28,True,MEDIUM,,https://i0.wp.com/www.taibaoline.com/wp-content/uploads/2024/03/20240316_161809-removebg-preview-1.png?fit=500%2C500&ssl=1,True,WOULD_REVIEW,https://api.delivap.com/uploads/1786563644047-0def0607-aa67-4cdb-ac0c-99bf12d02f59.webp,,
6a7b92cd0d97848094f62d73,ديول العائلة,"120,00",,,30284,EL Aila Dioul 10 Feuilles,11000,,1.0,1.0,0.189,False,MEDIUM,,https://i0.wp.com/www.taibaoline.com/wp-content/uploads/2024/02/Capture-decran-2026-01-27-154231.png?fit=971%2C1080&ssl=1,False,WOULD_REVIEW,,,
6a7b92cd0d97848094f62d77,جبن اولاف 400غ,"200,00",,400g,27784,Action poudre a recurer fraise 400g,7000,400g,0.5,0.5,0.163,True,MEDIUM,,https://i0.wp.com/www.taibaoline.com/wp-content/uploads/2024/02/Remove-bg.ai_1708290466711.png?fit=675%2C1198&ssl=1,True,WOULD_REVIEW,,,
6a7b92cd0d97848094f62d77,جبن اولاف 800غ,"340,00",,800g,41347, Green Souf Haricots surgelés 800 Gr,35000,800g,0.5,0.5,0.183,True,MEDIUM,,https://i0.wp.com/www.taibaoline.com/wp-content/uploads/2024/11/Remove-bg.ai_1732354564771.png?fit=1280%2C719&ssl=1,True,WOULD_REVIEW,,,
6a7b92cd0d97848094f62d7a,نابولي 220غ,"120,00",,220g,30089, Fromage Napoli Hyper Fondant 220 G,11000,220g,0.5,0.5,0.19,True,MEDIUM,,https://i0.wp.com/www.taibaoline.com/wp-content/uploads/2024/02/Remove-bg.ai_1708795695546.png?fit=1200%2C1200&ssl=1,True,WOULD_REVIEW,https://api.delivap.com/uploads/1786563638507-08021736-9b77-468a-8e90-6a4b456fb624.webp,,
6a7b92cd0d97848094f62d7c,فرماج نابولتالي 200غ,"100,00",,200g,18536,Thika Cornichons Au Vinaigre 200 G,17000,200g,0.5,0.5,0.104,True,MEDIUM,,https://i0.wp.com/www.taibaoline.com/wp-content/uploads/2024/02/Remove-bg.ai_1707627543880.png?fit=675%2C1198&ssl=1,True,WOULD_REVIEW,,,
6a7b92cd0d97848094f62d7d,بالي نوعية جيدة,"160,00",,,29997, Bicolor gloves high quality durability and comfortable fit xl,28000,,0.667,0.667,0.15,False,MEDIUM,,https://i0.wp.com/www.taibaoline.com/wp-content/uploads/2024/02/Remove-bg.ai_1708634737198.png?fit=675%2C1198&ssl=1,True,WOULD_REVIEW,,,
6a7b92cd0d97848094f62eff,قازوز معلم 1ل,"60,00",,1L,27772,Dorilfor degraissant for active 1l,18000,1L,0.5,0.5,0.127,True,MEDIUM,DUP_SOURCE,https://i0.wp.com/www.taibaoline.com/wp-content/uploads/2024/02/Remove-bg.ai_1708289306686.png?fit=675%2C1198&ssl=1,True,WOULD_REVIEW,,,
6a7b92cd0d97848094f62d83,قازوز سليم 2ل,"130,00",,2L,33056,Eau Gazeuse Fanta Orange 2L,14000,2L,0.5,0.5,0.211,True,MEDIUM,DUP_SOURCE,https://i0.wp.com/www.taibaoline.com/wp-content/uploads/2024/03/boisson-orange.jpg?fit=800%2C800&ssl=1,False,WOULD_REVIEW,https://api.delivap.com/uploads/1786563627995-2c6b9cbf-6d4e-4a0e-b25d-0f9c3594d28c.webp,,
6a7b92cd0d97848094f62d85,صومام فور,"25,00",,,27560,For Top Liquide Vaisselle Citron 710 ML,11000,710ml,1.0,1.0,0.06,False,MEDIUM,,https://i0.wp.com/www.taibaoline.com/wp-content/uploads/2024/02/Remove-bg.ai_1708292500885.png?fit=675%2C1198&ssl=1,True,WOULD_REVIEW,,,
6a7b92cd0d97848094f62ea8,صومام ديالنا 100غ,"20,00",,100g,27707,Palc absorbeur d&#8217;humidité 100g,17000,100g,0.5,0.5,0.152,True,MEDIUM,,https://i0.wp.com/www.taibaoline.com/wp-content/uploads/2024/02/Remove-bg.ai_1708292036455.png?fit=675%2C1198&ssl=1,True,WOULD_REVIEW,,,
6a7b92cd0d97848094f62d87,ياغورت ممزوج,"25,00",,,27152,Yaourt Soummam Mamzoudj Abricot 100 G,2250,100g,1.0,1.0,0.189,False,MEDIUM,,https://i0.wp.com/www.taibaoline.com/wp-content/uploads/2024/02/Remove-bg.ai_1708205099295.png?fit=600%2C413&ssl=1,True,WOULD_REVIEW,,,
6a7b92cd0d97848094f62d88,حلوى قشدية,"30,00",,,27215,  Yaourt Soummam Crème Déssert Chocolat 100 g,2750,100g,1.0,1.0,0.15,False,MEDIUM,,https://i0.wp.com/www.taibaoline.com/wp-content/uploads/2024/02/Remove-bg.ai_1708175801189.png?fit=600%2C339&ssl=1,True,WOULD_REVIEW,,,
6a7b92cd0d97848094f62d89,ياغورت فلان كراميل,"30,00",,,17226,Rabha Caramello Flan Créme Caramel 150 G,8500,150g,1.0,1.0,0.2,False,MEDIUM,,https://i0.wp.com/www.taibaoline.com/wp-content/uploads/2024/02/Remove-bg.ai_1707426644205.png?fit=675%2C1198&ssl=1,True,WOULD_REVIEW,,,
6a7b92cd0d97848094f62d8b,ياغورت جنينة,"30,00",,,27469,  Yaourt Soummam J&#8217;nina bicouche _ Fruits des Bois 125 g,4000,125g,1.0,1.0,0.155,False,MEDIUM,,https://i0.wp.com/www.taibaoline.com/wp-content/uploads/2024/02/Remove-bg.ai_1708379932681.png?fit=600%2C406&ssl=1,True,WOULD_REVIEW,,,
6a7b92cd0d97848094f62d8c,ياغورت بنينة,"30,00",,,27221,  Yaourt Soummam Bnina Banane 90 g,2750,90g,1.0,1.0,0.135,False,MEDIUM,,https://i0.wp.com/www.taibaoline.com/wp-content/uploads/2024/02/Remove-bg.ai_1708176690470.png?fit=600%2C338&ssl=1,True,WOULD_REVIEW,,,
6a7b92cd0d97848094f62d9e,ياغورت سيريالو,"30,00",,,27492,Yaourt Soummam Céréalo 1 KG,16000,1kg,1.0,1.0,0.277,False,MEDIUM,,https://i0.wp.com/www.taibaoline.com/wp-content/uploads/2024/02/Remove-bg.ai_1708297263189.png?fit=600%2C569&ssl=1,True,WOULD_REVIEW,,,
6a7b92cd0d97848094f62d9d,ياغورت ترته,"30,00",,,27478,  Yaourt Soummam Fraise façon tarte 1 Kg,15500,1kg,1.0,1.0,0.175,False,MEDIUM,,https://i0.wp.com/www.taibaoline.com/wp-content/uploads/2024/02/Remove-bg.ai_1708297296856.png?fit=600%2C338&ssl=1,True,WOULD_REVIEW,,,
6a7b92cd0d97848094f62d90,ياغورت طبيعي,"25,00",,,17648,Rayhan Best Eau De Fleur 200ML,5000,200ml,1.0,1.0,0.077,False,MEDIUM,,https://i0.wp.com/www.taibaoline.com/wp-content/uploads/2024/02/Remove-bg.ai_1707506663839.png?fit=675%2C1198&ssl=1,True,WOULD_REVIEW,,,
6a7b92cd0d97848094f62d91,ياغورت دانون فاكهة,"30,00",,,28219,  Yaourt DANONE Fakiha 95g,3000,95g,1.0,1.0,0.383,False,MEDIUM,,https://i0.wp.com/www.taibaoline.com/wp-content/uploads/2024/02/AUF_fraise.webp?fit=800%2C491&ssl=1,False,WOULD_REVIEW,,,
6a7b92cd0d97848094f62d92,جبن طازج 90غ,"50,00",,90g,36145,la Feuille D&#8217;or Créme Pàtissiére Arome Vanille 90G,15000,90g,0.5,0.5,0.099,True,MEDIUM,,https://i0.wp.com/www.taibaoline.com/wp-content/uploads/2024/03/Remove-bg.ai_1710841491244.png?fit=1200%2C674&ssl=1,True,WOULD_REVIEW,https://api.delivap.com/uploads/1786563619134-2af0185c-e841-412f-a084-343de4e443a0.webp,,
6a7b92cd0d97848094f62d93,ياغورت علاء الدين,"25,00",,,28049,  Soummam Fromage ALADIN Abricot 45g,2250,45g,1.0,1.0,0.179,False,MEDIUM,,https://i0.wp.com/www.taibaoline.com/wp-content/uploads/2024/02/removal.ai_aa753620-4897-4dce-8a55-1b05db3a51c5-caroussel-aladin-abricot-45gr-600-600.png?fit=570%2C440&ssl=1,False,WOULD_REVIEW,,,
6a7b92cd0d97848094f62d99,ياغورت دانات,"35,00",,,29534,Yaourt Danone Danette Pistache 85 G,3500,85g,1.0,1.0,0.207,False,MEDIUM,,https://i0.wp.com/www.taibaoline.com/wp-content/uploads/2024/02/pot_danette_pistache.webp?fit=800%2C491&ssl=1,False,WOULD_REVIEW,,,
6a7b92cd0d97848094f62d9c,ياغورت ياقو 1ل,"150,00",,1L,27772,Dorilfor degraissant for active 1l,18000,1L,0.5,0.5,0.162,True,MEDIUM,DUP_SOURCE,https://i0.wp.com/www.taibaoline.com/wp-content/uploads/2024/02/Remove-bg.ai_1708289306686.png?fit=675%2C1198&ssl=1,True,WOULD_REVIEW,https://api.delivap.com/uploads/1786563616793-36468fa9-6ce3-420a-8c59-a163875143e9.webp,,
6a7b92cd0d97848094f62d9d,ياغورت ترته 1ل,"165,00",,1L,27772,Dorilfor degraissant for active 1l,18000,1L,0.5,0.5,0.126,True,MEDIUM,DUP_SOURCE,https://i0.wp.com/www.taibaoline.com/wp-content/uploads/2024/02/Remove-bg.ai_1708289306686.png?fit=675%2C1198&ssl=1,True,WOULD_REVIEW,,,
6a7b92cd0d97848094f62d9e,ياغورت سيريالو 1ل,"165,00",,1L,27772,Dorilfor degraissant for active 1l,18000,1L,0.5,0.5,0.175,True,MEDIUM,DUP_SOURCE,https://i0.wp.com/www.taibaoline.com/wp-content/uploads/2024/02/Remove-bg.ai_1708289306686.png?fit=675%2C1198&ssl=1,True,WOULD_REVIEW,,,
6a7b92cd0d97848094f62d9f,رايب صومام 1ل,"150,00",,1L,27772,Dorilfor degraissant for active 1l,18000,1L,0.5,0.5,0.109,True,MEDIUM,DUP_SOURCE,https://i0.wp.com/www.taibaoline.com/wp-content/uploads/2024/02/Remove-bg.ai_1708289306686.png?fit=675%2C1198&ssl=1,True,WOULD_REVIEW,https://api.delivap.com/uploads/1786563613942-0a67a5dc-d403-416f-9a52-4748855cd1c4.webp,,
6a7b92cd0d97848094f62da0,لبن صومام 1ل,"150,00",,1L,27772,Dorilfor degraissant for active 1l,18000,1L,0.5,0.5,0.092,True,MEDIUM,DUP_SOURCE,https://i0.wp.com/www.taibaoline.com/wp-content/uploads/2024/02/Remove-bg.ai_1708289306686.png?fit=675%2C1198&ssl=1,True,WOULD_REVIEW,https://api.delivap.com/uploads/1786563610670-a928dd39-5bcf-4f3e-bfa1-dd30af8d4a8f.webp,,
6a7b92cd0d97848094f62da2,جي اولي 1ل,"150,00",,1L,27772,Dorilfor degraissant for active 1l,18000,1L,0.5,0.5,0.131,True,MEDIUM,DUP_SOURCE,https://i0.wp.com/www.taibaoline.com/wp-content/uploads/2024/02/Remove-bg.ai_1708289306686.png?fit=675%2C1198&ssl=1,True,WOULD_REVIEW,,,
6a7b92cd0d97848094f62e97,فرماج شيزي 24 قطعة,"270,00",,,18970,Cheezy Fomage 24 pièces,27000,,1.0,1.0,0.302,False,MEDIUM,,https://i0.wp.com/www.taibaoline.com/wp-content/uploads/2024/02/item1123972468.jpg?fit=800%2C800&ssl=1,False,WOULD_REVIEW,,,
6a7b92cd0d97848094f62e97,فرماج شيزي 16 قطعة,"185,00",,,18975,Cheezy Fromage 16 pièces,17000,,1.0,1.0,0.299,False,MEDIUM,,https://i0.wp.com/www.taibaoline.com/wp-content/uploads/2024/02/cheezy-1.png?fit=800%2C800&ssl=1,False,WOULD_REVIEW,,,
6a7b92cd0d97848094f62da8,فرماج سيبلي 8 قطع,"85,00",,,47224,Siplait Fromage 32 pièces,29500,,1.0,1.0,0.244,False,MEDIUM,,https://i0.wp.com/www.taibaoline.com/wp-content/uploads/2025/07/Remove-bg.ai_1752053144743.png?fit=1280%2C962&ssl=1,True,WOULD_REVIEW,,,
6a7b92cd0d97848094f62daa,فرماج سيبلي 16 قطعة,"150,00",,,19111,Siplait Fromage 16 Pièces,14000,,1.0,1.0,0.304,False,MEDIUM,,https://i0.wp.com/www.taibaoline.com/wp-content/uploads/2024/02/Remove-bg.ai_1752051612086.png?fit=829%2C719&ssl=1,True,WOULD_REVIEW,,,
6a7b92cd0d97848094f62daa,فرماج سيبلي 24 قطعة,"220,00",,,19115,Siplait Fromage 24 pièces,20000,,1.0,1.0,0.304,False,MEDIUM,,https://i0.wp.com/www.taibaoline.com/wp-content/uploads/2024/02/Remove-bg.ai_1752051627088.png?fit=768%2C699&ssl=1,True,WOULD_REVIEW,,,
6a7b92cd0d97848094f62db6,موبي سيك مبيد الحشرات 750مل,"280,00",,750ml,29654,Stop Insecticide Insecticide Volonts Citron 750 ML,30000,750ml,0.4,0.4,0.259,True,MEDIUM,,https://i0.wp.com/www.taibaoline.com/wp-content/uploads/2024/02/Remove-bg.ai_1708471173209.png?fit=675%2C1198&ssl=1,True,WOULD_REVIEW,,,
6a7b92cd0d97848094f62db7,معطر الجو بريلكس 430مل,"240,00",,430ml,28632,Forcexpress désodorise mesk elil 430ml,28000,430ml,0.5,0.5,0.255,True,MEDIUM,DUP_SOURCE,https://i0.wp.com/www.taibaoline.com/wp-content/uploads/2024/02/Remove-bg.ai_1708472204855.png?fit=675%2C1198&ssl=1,True,WOULD_REVIEW,,,
6a7b92cd0d97848094f62db8,بريلكس مزيل الدهون صغير 500مل,"240,00",,500ml,27764, Aigle degraissant professionnel 500ml,18000,500ml,0.5,0.5,0.284,True,MEDIUM,,https://i0.wp.com/www.taibaoline.com/wp-content/uploads/2024/02/Remove-bg.ai_1708290266386.png?fit=675%2C1198&ssl=1,True,WOULD_REVIEW,,,
6a7b92cd0d97848094f62db9,مكشط الفرن,"230,00",,,27792,Stic decap four 750ml,17000,750ml,1.0,1.0,0.253,False,MEDIUM,,https://i0.wp.com/www.taibaoline.com/wp-content/uploads/2024/02/Remove-bg.ai_1708434787033.png?fit=675%2C1198&ssl=1,True,WOULD_REVIEW,,,
6a7b92cd0d97848094f62dbd,مبيد ساميتوكس صغير 400مل,"170,00",,400ml,29721,Samitox pour insectes volants et rampants senteur vanille 400ml,17000,400ml,0.5,0.5,0.169,True,MEDIUM,,https://i0.wp.com/www.taibaoline.com/wp-content/uploads/2024/02/Remove-bg.ai_1708474037753.png?fit=675%2C1198&ssl=1,True,WOULD_REVIEW,,,
6a7b92cd0d97848094f62dbf,روح الملح ناصح 720مل,"180,00",,720ml,43746,Brilex Esprit De Sel 700 ML,12000,700ml,0.5,0.5,0.252,True,MEDIUM,,https://i0.wp.com/www.taibaoline.com/wp-content/uploads/2025/05/Remove-bg.ai_1750939597899.png?fit=1280%2C1280&ssl=1,True,WOULD_REVIEW,,,
6a7b92cd0d97848094f62dc1,صانيبو بريلكس سودي 850مل,"85,00",,850ml,43666,SaniBon Brilex Rose 850 ML,9000,850ml,0.411,0.25,0.411,True,MEDIUM,,https://i0.wp.com/www.taibaoline.com/wp-content/uploads/2025/05/Remove-bg.ai_1751015350094.png?fit=1000%2C1000&ssl=1,True,WOULD_REVIEW,,,
6a7b92cd0d97848094f62dc2,قريزيل اسود بريلكس 850مل,"100,00",,850ml,58027,Brilex Grézyl Noir 850 ML,7500,850ml,0.5,0.5,0.305,True,MEDIUM,,https://i0.wp.com/www.taibaoline.com/wp-content/uploads/2025/11/IMG20251127094312-1.webp?fit=607%2C1080&ssl=1,False,WOULD_REVIEW,,,
6a7b92cd0d97848094f62dc3,ملمع الاثاث,"130,00",,,27865,Atack plus meuble 500ml,16000,500ml,1.0,1.0,0.227,False,MEDIUM,,https://i0.wp.com/www.taibaoline.com/wp-content/uploads/2024/02/Remove-bg.ai_1708290204252.png?fit=675%2C1198&ssl=1,True,WOULD_REVIEW,,,
6a7b92cd0d97848094f62dc4,صابون طرف كاريبو 250غ,"120,00",,250g,6181,Blédine موز و حليب  250غ,38000,250g,0.435,0.333,0.435,True,MEDIUM,,https://i0.wp.com/www.taibaoline.com/wp-content/uploads/2023/12/cereales-bledine-fruits-lait-250g.webp?fit=800%2C823&ssl=1,False,WOULD_REVIEW,,,
6a7b92cd0d97848094f62dc5,صابون طرف بالميدا 350غ,"80,00",,350g,5724,فوزيلي بدون غلوتين 350غ,25000,350g,0.478,0.333,0.478,True,MEDIUM,,https://i0.wp.com/www.taibaoline.com/wp-content/uploads/2023/12/%D9%85%D8%B9%D9%83%D8%B1%D9%88%D9%86%D8%A9-%D9%84%D9%88%D9%84%D8%A8%D9%8A%D8%A9-%D8%A8%D8%AF%D9%88%D9%86-%D8%BA%D9%84%D9%88%D8%AA%D9%8A%D9%86-%D8%B3%D9%81%D9%8A%D9%86%D8%A9-350-%D8%BA.jpg?fit=449%2C416&ssl=1,False,WOULD_REVIEW,,,
6a7b92cd0d97848094f62f08,صابون لايف 1.5ل,"280,00",,1.5L,28715,Life gel Machine 1.5L,29000,1.5L,0.5,0.5,0.175,True,MEDIUM,,https://i0.wp.com/www.taibaoline.com/wp-content/uploads/2024/02/Remove-bg.ai_1709922163135.png?fit=900%2C1198&ssl=1,True,WOULD_REVIEW,,,
6a7b92cd0d97848094f62de2,رشته,"150,00",,,8270,Hidhab Pates Rechta 300 G,14000,300g,1.0,1.0,0.096,False,MEDIUM,,https://i0.wp.com/www.taibaoline.com/wp-content/uploads/2024/01/Remove-bg.ai_1751795039321.png?fit=1200%2C897&ssl=1,True,WOULD_REVIEW,,,
6a7b92cd0d97848094f62de4,بيمبيز 4/40,"1 040,00",,,6863,Bimbies Confort N3 4-9 KG 80 Couches,175000,9kg,1.0,1.0,0.15,False,MEDIUM,,https://i0.wp.com/www.taibaoline.com/wp-content/uploads/2023/12/1-2023-01-30T114026.932.jpg?fit=500%2C500&ssl=1,False,WOULD_REVIEW,,,
6a7b92cd0d97848094f62de5,بيمبيز 6/35,"1 110,00",,,6844,Bimbies Confort N6 +16 KG 35 Couches,112000,16kg,1.0,1.0,0.165,False,MEDIUM,,https://i0.wp.com/www.taibaoline.com/wp-content/uploads/2023/12/photo_2023-12-25_16-20-29-removebg-preview.png?fit=576%2C433&ssl=1,True,WOULD_REVIEW,,,
6a7b92cd0d97848094f62de8,بيمبيز كيلوت 5/40,"1 120,00",,,6829,Bimbies Pants N4 7-18 KG 40 Culottes,95000,18kg,1.0,1.0,0.238,False,MEDIUM,,https://i0.wp.com/www.taibaoline.com/wp-content/uploads/2023/12/Remove-bg.ai_1716645294172.png?fit=1280%2C719&ssl=1,True,WOULD_REVIEW,,,
6a7b92cd0d97848094f62deb,هابي دراي كيلوت 5/25,"640,00",,,41302,Happy Dry N2 3-6 KG 40 Couches ,79000,6kg,0.667,0.667,0.207,False,MEDIUM,DUP_SOURCE,https://i0.wp.com/www.taibaoline.com/wp-content/uploads/2024/11/IMG20251124110911.webp?fit=1080%2C607&ssl=1,False,WOULD_REVIEW,,,
6a7b92cd0d97848094f62dea,هابي دراي كيلوت 6/20,"570,00",,,41302,Happy Dry N2 3-6 KG 40 Couches ,79000,6kg,0.667,0.667,0.224,False,MEDIUM,DUP_SOURCE,https://i0.wp.com/www.taibaoline.com/wp-content/uploads/2024/11/IMG20251124110911.webp?fit=1080%2C607&ssl=1,False,WOULD_REVIEW,,,
6a7b92cd0d97848094f62deb,هابي دراي كيلوت 4/25,"610,00",,,41302,Happy Dry N2 3-6 KG 40 Couches ,79000,6kg,0.667,0.667,0.224,False,MEDIUM,DUP_SOURCE,https://i0.wp.com/www.taibaoline.com/wp-content/uploads/2024/11/IMG20251124110911.webp?fit=1080%2C607&ssl=1,False,WOULD_REVIEW,,,
6a7b92cd0d97848094f62ded,هابي دراي 5/40,"1 030,00",,,41302,Happy Dry N2 3-6 KG 40 Couches ,79000,6kg,1.0,1.0,0.218,False,MEDIUM,,https://i0.wp.com/www.taibaoline.com/wp-content/uploads/2024/11/IMG20251124110911.webp?fit=1080%2C607&ssl=1,False,WOULD_REVIEW,,,
6a7b92cd0d97848094f62ded,هابي دراي 4/40,"960,00",,,41302,Happy Dry N2 3-6 KG 40 Couches ,79000,6kg,1.0,1.0,0.218,False,MEDIUM,,https://i0.wp.com/www.taibaoline.com/wp-content/uploads/2024/11/IMG20251124110911.webp?fit=1080%2C607&ssl=1,False,WOULD_REVIEW,,,
6a7b92cd0d97848094f62dee,هابي دراي 6/35,"990,00",,,41302,Happy Dry N2 3-6 KG 40 Couches ,79000,6kg,0.667,0.667,0.2,False,MEDIUM,DUP_SOURCE,https://i0.wp.com/www.taibaoline.com/wp-content/uploads/2024/11/IMG20251124110911.webp?fit=1080%2C607&ssl=1,False,WOULD_REVIEW,,,
6a7b92cd0d97848094f62df9,شوكولاطة منى كبيرة,"110,00",,,37351,منى فيجيكاو بالحليب 40 غ,3500,40g,0.667,0.667,0.26,False,MEDIUM,,https://i0.wp.com/www.taibaoline.com/wp-content/uploads/2024/03/Remove-bg.ai_1711757050298-e1711757126966.png?fit=1080%2C809&ssl=1,True,WOULD_REVIEW,,,
6a7b92cd0d97848094f62dfc,شوكولاطة اوبتيلا ذوق اللوز,"170,00",,,36212,Optilla Aux Amandes Et Lait 140 G,19500,140g,1.0,1.0,0.222,False,MEDIUM,,https://i0.wp.com/www.taibaoline.com/wp-content/uploads/2024/03/Remove-bg.ai_1710859942051.png?fit=810%2C1078&ssl=1,True,WOULD_REVIEW,,,
6a7b92cd0d97848094f62dfd,شوكولاطة مايلا ذوق اللوز,"180,00",,,36212,Optilla Aux Amandes Et Lait 140 G,19500,140g,0.667,0.667,0.254,False,MEDIUM,DUP_SOURCE,https://i0.wp.com/www.taibaoline.com/wp-content/uploads/2024/03/Remove-bg.ai_1710859942051.png?fit=810%2C1078&ssl=1,True,WOULD_REVIEW,,,
6a7b92cd0d97848094f62dfe,شوكولاطة ماروخا ذوق الحليب و اللوز,"200,00",,,36212,Optilla Aux Amandes Et Lait 140 G,19500,140g,0.75,0.75,0.276,False,MEDIUM,DUP_SOURCE,https://i0.wp.com/www.taibaoline.com/wp-content/uploads/2024/03/Remove-bg.ai_1710859942051.png?fit=810%2C1078&ssl=1,True,WOULD_REVIEW,,,
6a7b92cd0d97848094f62dff,شوكولاطة سويتي كوكيز,"100,00",,,35697,MOMENT Chocolat éclats de biscuits 90 g,22000,90g,0.667,0.667,0.129,False,MEDIUM,,https://i0.wp.com/www.taibaoline.com/wp-content/uploads/2024/03/Remove-bg.ai_1710540532882.png?fit=768%2C768&ssl=1,True,WOULD_REVIEW,,,
6a7b92cd0d97848094f62e03,شوكولاطة ماكسن كراميل,"85,00",,,36390,MAXON  Végécao forré a la crème de noisette 90 g,0,90g,0.667,0.667,0.131,False,MEDIUM,,https://i0.wp.com/www.taibaoline.com/wp-content/uploads/2024/03/Remove-bg.ai_1710865281184.png?fit=768%2C768&ssl=1,True,WOULD_REVIEW,,,
6a7b92cd0d97848094f62e0a,معطر الجو مانغا,"260,00",,,27341,  Yaourt Soummam Yago _ Mangue 1L,13500,1L,1.0,1.0,0.171,False,MEDIUM,,https://i0.wp.com/www.taibaoline.com/wp-content/uploads/2024/02/Remove-bg.ai_1708276614112.png?fit=600%2C338&ssl=1,True,WOULD_REVIEW,,,
6a7b92cd0d97848094f62e0b,معطر الجو لايف 500مل,"280,00",,500ml,27796,Safynet decap four et dégraissant 500ml,28000,500ml,0.5,0.5,0.171,True,MEDIUM,,https://i0.wp.com/www.taibaoline.com/wp-content/uploads/2024/02/Remove-bg.ai_1708434891906.png?fit=675%2C1198&ssl=1,True,WOULD_REVIEW,,,
6a7b92cd0d97848094f62e0c,ملطف الجو لوراج,"170,00",,,47020,L’orage Désodorisant Classic 3en1 Parfum Jasmin 750 ML,25000,750ml,1.0,1.0,0.14,False,MEDIUM,,https://i0.wp.com/www.taibaoline.com/wp-content/uploads/2025/07/Remove-bg.ai_1751551805136.png?fit=1080%2C1080&ssl=1,True,WOULD_REVIEW,,,
6a7b92cd0d97848094f62e13,شامبو اطفال فينوس250مل,"140,00",,250ml,39678,dBb Remond Biberon 240 ML,86000,240ml,0.5,0.5,0.235,True,MEDIUM,,https://i0.wp.com/www.taibaoline.com/wp-content/uploads/2024/07/Remove-bg.ai_1750677039458.png?fit=224%2C224&ssl=1,True,WOULD_REVIEW,,,
6a7b92cd0d97848094f62e17,شامبو دوركس 250مل,"120,00",,250ml,27694,Metalor longue durée pour nickel-aluminium-chrome-cuivre 250ml,43000,250ml,0.5,0.5,0.1,True,MEDIUM,,https://i0.wp.com/www.taibaoline.com/wp-content/uploads/2024/02/Remove-bg.ai_1708292085615.png?fit=675%2C1198&ssl=1,True,WOULD_REVIEW,,,
6a7b92cd0d97848094f62e18,شامبو دوف 250مل,"340,00",,250ml,27694,Metalor longue durée pour nickel-aluminium-chrome-cuivre 250ml,43000,250ml,0.5,0.5,0.101,True,MEDIUM,,https://i0.wp.com/www.taibaoline.com/wp-content/uploads/2024/02/Remove-bg.ai_1708292085615.png?fit=675%2C1198&ssl=1,True,WOULD_REVIEW,,,
6a7b92cd0d97848094f62e19,شامبو كلير 180مل,"320,00",,180ml,16949,CLEAR HOMME 2 EN 1 SHAMPOOING ET APRÉS SHAMPOOING_SOLUTION ANTI-CHUTE_ 180 ML,30000,180ml,0.5,0.5,0.042,True,MEDIUM,,https://i0.wp.com/www.taibaoline.com/wp-content/uploads/2024/02/gVQlfOG4qrSDBkbtsMUP4plIbT7DbZW5ZIizGhqY.webp?fit=1000%2C1000&ssl=1,False,WOULD_REVIEW,,,
6a7b92cd0d97848094f62e1e,شامبو فينوس 400مل,"130,00",,400ml,29721,Samitox pour insectes volants et rampants senteur vanille 400ml,17000,400ml,0.5,0.5,0.126,True,MEDIUM,,https://i0.wp.com/www.taibaoline.com/wp-content/uploads/2024/02/Remove-bg.ai_1708474037753.png?fit=675%2C1198&ssl=1,True,WOULD_REVIEW,,,
6a7b92cd0d97848094f62e25,شوكولاطة منى صغيرة,"40,00",,,37351,منى فيجيكاو بالحليب 40 غ,3500,40g,0.667,0.667,0.208,False,MEDIUM,,https://i0.wp.com/www.taibaoline.com/wp-content/uploads/2024/03/Remove-bg.ai_1711757050298-e1711757126966.png?fit=1080%2C809&ssl=1,True,WOULD_REVIEW,,,
6a7b92cd0d97848094f62e28,فانتا 1لتر  برومو رمضان,"80,00",,1L,6255,حليب أوبي 1 لتر,12500,1L,0.359,0.25,0.359,True,MEDIUM,DUP_SOURCE,https://i0.wp.com/www.taibaoline.com/wp-content/uploads/2023/12/leche-obei-1l-1.jpg?fit=800%2C800&ssl=1,False,WOULD_REVIEW,,,
6a7b92cd0d97848094f62e2a,رامي ميلكي 1لتر قرعة,"120,00",,1L,36094,Jus Ramy Milky Grenadine 1L,12000,1L,0.5,0.5,0.26,True,MEDIUM,,https://i0.wp.com/www.taibaoline.com/wp-content/uploads/2024/03/20240316_161809-removebg-preview-1.png?fit=500%2C500&ssl=1,True,WOULD_REVIEW,,,
6a7b92cd0d97848094f62e2b,عصير طازج 1لتر,"140,00",,1L,6255,حليب أوبي 1 لتر,12500,1L,0.533,0.5,0.533,True,MEDIUM,DUP_SOURCE,https://i0.wp.com/www.taibaoline.com/wp-content/uploads/2023/12/leche-obei-1l-1.jpg?fit=800%2C800&ssl=1,False,WOULD_REVIEW,https://api.delivap.com/uploads/1786563589341-252a9d0d-44a7-40f6-a7ab-89b997159cae.webp,,
6a7b92cd0d97848094f62e2e,حليب البقرة,"100,00",,,26307,La Vache qui rit Chef _ KOUL YOUM 180 G,25000,180g,1.0,1.0,0.115,False,MEDIUM,,https://i0.wp.com/www.taibaoline.com/wp-content/uploads/2024/02/Remove-bg.ai_1708337514220.png?fit=860%2C860&ssl=1,True,WOULD_REVIEW,,,
6a7b92cd0d97848094f62e2f,صحن بلاستيك قطعة 20,"140,00",,,30846,Tabak Cuillére Plastique 50 PCS,19000,,1.0,1.0,0.234,False,MEDIUM,,https://i0.wp.com/www.taibaoline.com/wp-content/uploads/2024/02/Remove-bg.ai_1708896258945.png?fit=675%2C1198&ssl=1,True,WOULD_REVIEW,,,
6a7b92cd0d97848094f62e37,كوتاكس ورق صحي 4 كونفور,"120,00",,,62336,Cotex Confort Papier Hygienique 24 Rouleaux + 8 Offerts,58000,,0.667,0.667,0.142,False,MEDIUM,,https://i0.wp.com/www.taibaoline.com/wp-content/uploads/2026/03/SnapBG.ai_1773222370773.png?fit=664%2C537&ssl=1,True,WOULD_REVIEW,,,
6a7b92cd0d97848094f62e3a,وفاء كلاسيكو الوان 2,"160,00",,,27032,Wafa Classico Essui-Tout 4 Rouleau,24000,,0.667,0.667,0.262,False,MEDIUM,,https://i0.wp.com/www.taibaoline.com/wp-content/uploads/2024/02/Remove-bg.ai_1708270742979.png?fit=675%2C1198&ssl=1,True,WOULD_REVIEW,,,
6a7b92cd0d97848094f62e3a,وفاء كلاسيكو  الوان 4,"250,00",,,27032,Wafa Classico Essui-Tout 4 Rouleau,24000,,0.667,0.667,0.244,False,MEDIUM,,https://i0.wp.com/www.taibaoline.com/wp-content/uploads/2024/02/Remove-bg.ai_1708270742979.png?fit=675%2C1198&ssl=1,True,WOULD_REVIEW,,,
6a7b92cd0d97848094f62e3b,وفاء ورق صحي 4ايكو,"120,00",,,27296,Wafa Soft Papier Hygiénique 4 Rouleaux,12000,,0.667,0.667,0.23,False,MEDIUM,,https://i0.wp.com/www.taibaoline.com/wp-content/uploads/2024/02/Remove-bg.ai_1708288741041.png?fit=675%2C1198&ssl=1,True,WOULD_REVIEW,,,
6a7b92cd0d97848094f62e3c,كوتاكس صحي 4+2 كونفور,"160,00",,,62336,Cotex Confort Papier Hygienique 24 Rouleaux + 8 Offerts,58000,,0.667,0.667,0.109,False,MEDIUM,,https://i0.wp.com/www.taibaoline.com/wp-content/uploads/2026/03/SnapBG.ai_1773222370773.png?fit=664%2C537&ssl=1,True,WOULD_REVIEW,,,
6a7b92cd0d97848094f62e3d,بابي ليلا اكسترا 2,"150,00",,,27061,Lilas Extra Blanc Jumbo 1 Gros Rouleau,38500,,0.667,0.667,0.194,False,MEDIUM,,https://i0.wp.com/www.taibaoline.com/wp-content/uploads/2024/02/Remove-bg.ai_1708196262273.png?fit=675%2C1198&ssl=1,True,WOULD_REVIEW,,,
6a7b92cd0d97848094f62e51,قازوز اروى 2ل,"100,00",,2L,33056,Eau Gazeuse Fanta Orange 2L,14000,2L,0.5,0.5,0.232,True,MEDIUM,DUP_SOURCE,https://i0.wp.com/www.taibaoline.com/wp-content/uploads/2024/03/boisson-orange.jpg?fit=800%2C800&ssl=1,False,WOULD_REVIEW,,,
6a7b92cd0d97848094f62e46,قازوز بدر 2ل,"100,00",,2L,33056,Eau Gazeuse Fanta Orange 2L,14000,2L,0.5,0.5,0.234,True,MEDIUM,DUP_SOURCE,https://i0.wp.com/www.taibaoline.com/wp-content/uploads/2024/03/boisson-orange.jpg?fit=800%2C800&ssl=1,False,WOULD_REVIEW,,,
6a7b92cd0d97848094f62e49,لوبيا,"370,00",,,40180, Thika Haricot Rouge 500 G,21000,500g,1.0,1.0,0.112,False,MEDIUM,,https://i0.wp.com/www.taibaoline.com/wp-content/uploads/2024/08/Remove-bg.ai_1749892913369.png?fit=800%2C800&ssl=1,True,WOULD_REVIEW,,,
6a7b92cd0d97848094f62e4b,كوكاكولا 2ل,"160,00",,2L,33056,Eau Gazeuse Fanta Orange 2L,14000,2L,0.5,0.5,0.129,True,MEDIUM,DUP_SOURCE,https://i0.wp.com/www.taibaoline.com/wp-content/uploads/2024/03/boisson-orange.jpg?fit=800%2C800&ssl=1,False,WOULD_REVIEW,,,
6a7b92cd0d97848094f62e50,قازوز شريعة 2ل,"110,00",,2L,33056,Eau Gazeuse Fanta Orange 2L,14000,2L,0.5,0.5,0.208,True,MEDIUM,DUP_SOURCE,https://i0.wp.com/www.taibaoline.com/wp-content/uploads/2024/03/boisson-orange.jpg?fit=800%2C800&ssl=1,False,WOULD_REVIEW,,,
6a7b92cd0d97848094f62e51,قازوز اروى 1ل,"60,00",,1L,27772,Dorilfor degraissant for active 1l,18000,1L,0.5,0.5,0.127,True,MEDIUM,DUP_SOURCE,https://i0.wp.com/www.taibaoline.com/wp-content/uploads/2024/02/Remove-bg.ai_1708289306686.png?fit=675%2C1198&ssl=1,True,WOULD_REVIEW,,,
6a7b92cd0d97848094f62e54,شاي اخضر الجمل 125غ,"170,00",,125g,18955,THE VERT DE CHINE SAFINET E&#8217; SAHRAA 125 g,15000,125g,0.5,0.5,0.173,True,MEDIUM,,https://i0.wp.com/www.taibaoline.com/wp-content/uploads/2024/02/Remove-bg.ai_1707777015795.png?fit=1200%2C899&ssl=1,True,WOULD_REVIEW,https://api.delivap.com/uploads/1786563578735-c90e2bc5-864c-4d76-9575-2196d66ecc2c.webp,,
6a7b92cd0d97848094f62e5f,معجون اسنان سنيال 50مل,"150,00",,50ml,17739,SIGNAL ANTI-CARIES 50ML,15000,50ml,0.367,0.0,0.367,True,MEDIUM,COMMON_ONLY,https://i0.wp.com/www.taibaoline.com/wp-content/uploads/2024/02/Remove-bg.ai_1707511379669-e1707511512608.png?fit=1198%2C675&ssl=1,True,WOULD_REVIEW,,,
6a7b92cd0d97848094f62e5f,معجون اسنان سنيال 25مل,"85,00",,25ml,17749,SIGNAL ANTI-CARIES 25ML,8000,25ml,0.374,0.0,0.374,True,MEDIUM,COMMON_ONLY,https://i0.wp.com/www.taibaoline.com/wp-content/uploads/2024/02/Remove-bg.ai_1707512185002.png?fit=1200%2C675&ssl=1,True,WOULD_REVIEW,,,
6a7b92cd0d97848094f62e61,صابون سيدو 250غ,"150,00",,250g,64385,Falco Loukoum Exotiques 250 G,19000,250g,0.5,0.5,0.175,True,MEDIUM,,https://i0.wp.com/www.taibaoline.com/wp-content/uploads/2026/08/SnapBG.ai_1785837253175.png?fit=1280%2C569&ssl=1,True,WOULD_REVIEW,,,
6a7b92cd0d97848094f62e62,صابون flux,"90,00",,,16989,FLUX CARE SHAMPOOING_HUILE DE MONOÏ &amp; NÉROLI,22000,,1.0,1.0,0.064,False,MEDIUM,,https://i0.wp.com/www.taibaoline.com/wp-content/uploads/2024/02/bottle-monoi-FLC-SH.webp?fit=1152%2C1152&ssl=1,False,WOULD_REVIEW,,,
6a7b92cd0d97848094f62e63,صابون dorex,"80,00",,,35783,Dorex Savon De Marseille à L&#8217;Extrait D&#8217;Olive 160G,15000,160g,1.0,1.0,0.077,False,MEDIUM,,https://i0.wp.com/www.taibaoline.com/wp-content/uploads/2024/03/Remove-bg.ai_1752576496669.png?fit=1280%2C858&ssl=1,True,WOULD_REVIEW,,,
6a7b92cd0d97848094f62e67,صابون dove,"280,00",,,16978,DOVE  SHAMPOOING _ANTI CHUTE,47000,,1.0,1.0,0.056,False,MEDIUM,,https://i0.wp.com/www.taibaoline.com/wp-content/uploads/2024/02/unnamed.jpg?fit=512%2C512&ssl=1,False,WOULD_REVIEW,,,
6a7b92cd0d97848094f62e69,ملوخية 100غ,"100,00",,100g,31299,Palc absorbeur d&#8217;odeur pour refrigerateurs 100g,12000,100g,0.5,0.5,0.133,True,MEDIUM,,https://i0.wp.com/www.taibaoline.com/wp-content/uploads/2024/02/Remove-bg.ai_1708896161504.png?fit=675%2C1198&ssl=1,True,WOULD_REVIEW,https://api.delivap.com/uploads/1786563570304-7c928dc8-11ca-4cfc-8ee5-d5a6f1ab5b78.webp,,
6a7b92cd0d97848094f62e6a,جومبو 16 مكعب,"220,00",,,39466,Molfix N6 +16 KG 70,200000,16kg,0.667,0.667,0.158,False,MEDIUM,,https://i0.wp.com/www.taibaoline.com/wp-content/uploads/2024/07/SnapBG.ai_1745239697329.png?fit=1280%2C962&ssl=1,True,WOULD_REVIEW,,,
6a7b92cd0d97848094f62e6b,جي تشينا 2ل,"180,00",,2L,36551,Tchina Jus Orange Abricot 2 L,18000,2L,0.5,0.5,0.17,True,MEDIUM,,https://i0.wp.com/www.taibaoline.com/wp-content/uploads/2024/03/70766706_2443284902593981_6049942550062563328_n-2.webp?fit=1080%2C1080&ssl=1,False,WOULD_REVIEW,https://api.delivap.com/uploads/1786563564648-2adba29f-69b8-49cb-bb72-5cb3f1b53d49.webp,,
6a7b92cd0d97848094f62e6c,انسبيراسيو 200مل,"230,00",,200ml,26517,INSPIRATION SCANDAL DÉODORANT  200 ml,19000,200ml,0.5,0.5,0.212,True,MEDIUM,,https://i0.wp.com/www.taibaoline.com/wp-content/uploads/2024/02/Remove-bg.ai_1708120114037.png?fit=900%2C1198&ssl=1,True,WOULD_REVIEW,,,
6a7b92cd0d97848094f62e6d,مونديو 200مل,"250,00",,200ml,26552,PROVOCATION PARIS RED DÉODORANT 200 ml,23000,200ml,0.5,0.5,0.137,True,MEDIUM,,https://i0.wp.com/www.taibaoline.com/wp-content/uploads/2024/02/Remove-bg.ai_1708122217646.png?fit=900%2C1198&ssl=1,True,WOULD_REVIEW,,,
6a7b92cd0d97848094f62e6e,جي رامي 2ل,"190,00",,2L,33056,Eau Gazeuse Fanta Orange 2L,14000,2L,0.5,0.5,0.13,True,MEDIUM,DUP_SOURCE,https://i0.wp.com/www.taibaoline.com/wp-content/uploads/2024/03/boisson-orange.jpg?fit=800%2C800&ssl=1,False,WOULD_REVIEW,https://api.delivap.com/uploads/1786563562623-df17eea7-1369-48d9-a0f4-1f9037ee89eb.webp,,
6a7b92cd0d97848094f62e79,مساسيك الغسيل 20قطعة,"130,00",,,30376,Fabro panier de pinces à linge,13000,,0.667,0.667,0.257,False,MEDIUM,,https://i0.wp.com/www.taibaoline.com/wp-content/uploads/2024/02/Remove-bg.ai_1708893091049.png?fit=675%2C1198&ssl=1,True,WOULD_REVIEW,,,
6a7b92cd0d97848094f62e84,بتي فور علبة,"200,00",,,32830,Ouais Petit Four 12 Piéces ,20000,,0.667,0.667,0.222,False,MEDIUM,,https://i0.wp.com/www.taibaoline.com/wp-content/uploads/2024/03/Remove-bg.ai_1709457853747.png?fit=1198%2C675&ssl=1,True,WOULD_REVIEW,,,
6a7b92cd0d97848094f62e8b,كوكا 1ل,"110,00",,1L,27772,Dorilfor degraissant for active 1l,18000,1L,0.5,0.5,0.096,True,MEDIUM,DUP_SOURCE,https://i0.wp.com/www.taibaoline.com/wp-content/uploads/2024/02/Remove-bg.ai_1708289306686.png?fit=675%2C1198&ssl=1,True,WOULD_REVIEW,https://api.delivap.com/uploads/1786563555837-5c527737-9e6c-4af6-90cc-54c456b2cf9b.webp,,
6a7b92cd0d97848094f62e90,سردين بل زيت النباتي,"140,00",,,44687,Sidi Ahmed Sardine à L&#8217;Huile Végétale 125G,15000,125g,0.667,0.667,0.26,False,MEDIUM,,https://i0.wp.com/www.taibaoline.com/wp-content/uploads/2025/05/Remove-bg.ai_1748340365688.png?fit=1280%2C962&ssl=1,True,WOULD_REVIEW,,,
6a7b92cd0d97848094f62e93,شوكولاطة اومباسادور سوداء 70,"250,00",,,35710,MOMENT Chocolat Noir 90 g,18000,90g,0.75,0.75,0.218,False,MEDIUM,DUP_SOURCE,https://i0.wp.com/www.taibaoline.com/wp-content/uploads/2024/03/Remove-bg.ai_1710540561939.png?fit=768%2C768&ssl=1,True,WOULD_REVIEW,,,
6a7b92cd0d97848094f62e96,حليب كانديا 0.5,"80,00",,,40571,Candia Lait Sans Lactose 50CL,9000,500ml,1.0,1.0,0.148,False,MEDIUM,,https://i0.wp.com/www.taibaoline.com/wp-content/uploads/2024/10/item1615391263.jpg?fit=800%2C800&ssl=1,False,WOULD_REVIEW,https://api.delivap.com/uploads/1786563553380-a81a7700-5386-4781-b44b-eb82d4b54096.webp,,
6a7b92cd0d97848094f62e97,فرماج شيزي 8,"110,00",,,30164,Tartino Chezzy Slice 10 Pièces 170 G,20000,170g,1.0,1.0,0.101,False,MEDIUM,,https://i0.wp.com/www.taibaoline.com/wp-content/uploads/2024/02/cheezy-2.png?fit=800%2C800&ssl=1,False,WOULD_REVIEW,,,
6a7b92cd0d97848094f62f31,فرماج موندور 1.7,"710,00",,,26253,MONT D&#8217;OR Gout Gouda 500G,29000,500g,1.0,1.0,0.168,False,MEDIUM,,https://i0.wp.com/www.taibaoline.com/wp-content/uploads/2024/02/Remove-bg.ai_1708034238207.png?fit=1200%2C1200&ssl=1,True,WOULD_REVIEW,https://api.delivap.com/uploads/1786563543173-b2a36987-7af1-4c94-8f67-79898f6ec355.webp,,
6a7b92cd0d97848094f62e9a,تست 300غ,"110,00",,300g,32392,Avantage Biscuits Fourés Créme De Cacao 300G,11000,300g,0.5,0.5,0.115,True,MEDIUM,,https://i0.wp.com/www.taibaoline.com/wp-content/uploads/2024/03/Remove-bg.ai_1709443315919.png?fit=674%2C1200&ssl=1,True,WOULD_REVIEW,,,
6a7b92cd0d97848094f62ea1,ارز بسمتي ميزان,"180,00",,,40657,El Wissam Riz Sella Basmati Indien Golden 500 G,20500,500g,0.667,0.667,0.145,False,MEDIUM,DUP_SOURCE,https://i0.wp.com/www.taibaoline.com/wp-content/uploads/2024/10/Remove-bg.ai_1729347109182.png?fit=1094%2C879&ssl=1,True,WOULD_REVIEW,,,
6a7b92cd0d97848094f62ea4,صابون سائل دوز 5لتر,"990,00",,5L,40370,Life Gel Machine a laver pareum savon de marseille 5L,75000,5L,0.5,0.5,0.136,True,MEDIUM,,https://i0.wp.com/www.taibaoline.com/wp-content/uploads/2024/09/SnapBG.ai_1772357679316.png?fit=963%2C1280&ssl=1,True,WOULD_REVIEW,,,
6a7b92cd0d97848094f62ea6,عدس احمر ميزان,"220,00",,,34376,Assil Lentilles Rouge 1 KG,22000,1kg,0.667,0.667,0.188,False,MEDIUM,,https://i0.wp.com/www.taibaoline.com/wp-content/uploads/2024/03/Remove-bg.ai_1709925981233.png?fit=1200%2C1200&ssl=1,True,WOULD_REVIEW,,,
6a7b92cd0d97848094f62ea8,صومام ديالنا,"20,00",,,27518,Yaourt Soummam Dialna chocolat 100 G,2750,100g,1.0,1.0,0.143,False,MEDIUM,,https://i0.wp.com/www.taibaoline.com/wp-content/uploads/2024/02/Remove-bg.ai_1708176674064.png?fit=600%2C339&ssl=1,True,WOULD_REVIEW,,,
6a7b92cd0d97848094f62ea9,داناو 1ل,"200,00",,1L,27772,Dorilfor degraissant for active 1l,18000,1L,0.5,0.5,0.114,True,MEDIUM,DUP_SOURCE,https://i0.wp.com/www.taibaoline.com/wp-content/uploads/2024/02/Remove-bg.ai_1708289306686.png?fit=675%2C1198&ssl=1,True,WOULD_REVIEW,,,
6a7b92cd0d97848094f62eaa,دانون يومي,"25,00",,,29245,  Yaourt DANONE Yaoumi 95g,2500,95g,1.0,1.0,0.22,False,MEDIUM,,https://i0.wp.com/www.taibaoline.com/wp-content/uploads/2024/02/danone_yaoumi.webp?fit=800%2C491&ssl=1,False,WOULD_REVIEW,,,
6a7b92cd0d97848094f62eb6,زيت الشعر املا,"320,00",,,26702,Amla Huile pour cheveux à l&#8217;Amande 100ml,14000,100ml,1.0,1.0,0.198,False,MEDIUM,,https://i0.wp.com/www.taibaoline.com/wp-content/uploads/2024/02/Remove-bg.ai_1708170015552.png?fit=1200%2C1200&ssl=1,True,WOULD_REVIEW,,,
6a7b92cd0d97848094f62ebd,بيبرو بلاستيك كبير,"220,00",,,30842,BS.Pack Cuillére Plastique 20 Assiettes,14000,,0.667,0.667,0.194,False,MEDIUM,,https://i0.wp.com/www.taibaoline.com/wp-content/uploads/2024/02/Remove-bg.ai_1708899705698.png?fit=675%2C1198&ssl=1,True,WOULD_REVIEW,,,
6a7b92cd0d97848094f62ec0,ارز ابيض,"200,00",,,40163,Thika Riz Blanc 1KG,20000,1kg,1.0,1.0,0.213,False,MEDIUM,,https://i0.wp.com/www.taibaoline.com/wp-content/uploads/2024/07/Remove-bg.ai_1749551275586.png?fit=400%2C400&ssl=1,True,WOULD_REVIEW,https://api.delivap.com/uploads/1786525176175-a179f19a-9e47-41fd-bd19-71707dfa14e8.webp,,
6a7b92cd0d97848094f62ec6,صومام جنينية 1 لتر,"165,00",,1L,6255,حليب أوبي 1 لتر,12500,1L,0.471,0.0,0.471,True,MEDIUM,COMMON_ONLY+DUP_SOURCE,https://i0.wp.com/www.taibaoline.com/wp-content/uploads/2023/12/leche-obei-1l-1.jpg?fit=800%2C800&ssl=1,False,WOULD_REVIEW,,,
6a7b92cd0d97848094f62eca,شربات فيتامين 1 لتر,"65,00",,1L,6255,حليب أوبي 1 لتر,12500,1L,0.514,0.0,0.514,True,MEDIUM,COMMON_ONLY+DUP_SOURCE,https://i0.wp.com/www.taibaoline.com/wp-content/uploads/2023/12/leche-obei-1l-1.jpg?fit=800%2C800&ssl=1,False,WOULD_REVIEW,,,
6a7b92cd0d97848094f62ecd,جلبانة 400غ,"260,00",,400g,27784,Action poudre a recurer fraise 400g,7000,400g,0.5,0.5,0.133,True,MEDIUM,,https://i0.wp.com/www.taibaoline.com/wp-content/uploads/2024/02/Remove-bg.ai_1708290466711.png?fit=675%2C1198&ssl=1,True,WOULD_REVIEW,,,
6a7b92cd0d97848094f62ed0,كامبير سيدي سعادة 250غ,"420,00",,250g,38058,Sidi Saàda Camembert 250 G,40000,250g,0.5,0.5,0.305,True,MEDIUM,,https://i0.wp.com/www.taibaoline.com/wp-content/uploads/2024/04/Remove-bg.ai_1714050862679.png?fit=1280%2C719&ssl=1,True,WOULD_REVIEW,https://api.delivap.com/uploads/1786563550975-5e43a8ef-9a81-4e0c-9c09-6e3260053354.webp,,
6a7b92cd0d97848094f62ed1,صومام شكولا 1 لتر,"220,00",,1L,6255,حليب أوبي 1 لتر,12500,1L,0.424,0.0,0.424,True,MEDIUM,COMMON_ONLY+DUP_SOURCE,https://i0.wp.com/www.taibaoline.com/wp-content/uploads/2023/12/leche-obei-1l-1.jpg?fit=800%2C800&ssl=1,False,WOULD_REVIEW,,,
6a7b92cd0d97848094f62ed2,ياغورت سيدي سعادة فرويتي 1لتر,"165,00",,1L,6255,حليب أوبي 1 لتر,12500,1L,0.4,0.25,0.4,True,MEDIUM,DUP_SOURCE,https://i0.wp.com/www.taibaoline.com/wp-content/uploads/2023/12/leche-obei-1l-1.jpg?fit=800%2C800&ssl=1,False,WOULD_REVIEW,,,
6a7b92cd0d97848094f62ed4,بسكويت 3قطع,"120,00",,,30686, Instaclean fibre abrasive 3 pcs,10000,,1.0,1.0,0.151,False,MEDIUM,,https://i0.wp.com/www.taibaoline.com/wp-content/uploads/2024/02/Remove-bg.ai_1708894260727.png?fit=675%2C1198&ssl=1,True,WOULD_REVIEW,,,
6a7b92cd0d97848094f62edd,سندويتش,"40,00",,,26877,Sandwich Tartine et Cuisine 2 KG,75000,2kg,1.0,1.0,0.13,False,MEDIUM,,https://i0.wp.com/www.taibaoline.com/wp-content/uploads/2024/02/Remove-bg.ai_1708200467298.png?fit=1200%2C1200&ssl=1,True,WOULD_REVIEW,,,
6a7b92cd0d97848094f62ede,سكريا 600غ,"190,00",,600g,18702,lala fatma bessissa kharobe 600g,13500,600g,0.5,0.5,0.132,True,MEDIUM,,https://i0.wp.com/www.taibaoline.com/wp-content/uploads/2024/02/Remove-bg.ai_1707630528018.png?fit=675%2C1198&ssl=1,True,WOULD_REVIEW,,,
6a7b92cd0d97848094f62ee2,فرينة الكسرة بدون غلوتين,"310,00",,,8404,Hidhab ِFarine Mix Pain Sans Gluten (3kg) هضاب فرينة بدون غلوتين,120000,3kg,0.667,0.667,0.386,False,MEDIUM,,https://i0.wp.com/www.taibaoline.com/wp-content/uploads/2024/01/Remove-bg.ai_1705571943106.png?fit=540%2C1196&ssl=1,True,WOULD_REVIEW,,,
6a7b92cd0d97848094f62ee5,كسكس الهضاب بدون غلوتين 300غ,"210,00",,300g,36802,Pàtes Mermoura Cheveux D&#8217;Ange 300 G,19000,300g,0.5,0.5,0.124,True,MEDIUM,DUP_SOURCE,https://i0.wp.com/www.taibaoline.com/wp-content/uploads/2024/03/Remove-bg.ai_1711203321469.png?fit=1200%2C674&ssl=1,True,WOULD_REVIEW,,,
6a7b92cd0d97848094f62ee6,كوكيز بدون غلوتين,"210,00",,,5724,فوزيلي بدون غلوتين 350غ,25000,350g,0.683,0.5,0.683,False,MEDIUM,DUP_SOURCE,https://i0.wp.com/www.taibaoline.com/wp-content/uploads/2023/12/%D9%85%D8%B9%D9%83%D8%B1%D9%88%D9%86%D8%A9-%D9%84%D9%88%D9%84%D8%A8%D9%8A%D8%A9-%D8%A8%D8%AF%D9%88%D9%86-%D8%BA%D9%84%D9%88%D8%AA%D9%8A%D9%86-%D8%B3%D9%81%D9%8A%D9%86%D8%A9-350-%D8%BA.jpg?fit=449%2C416&ssl=1,False,WOULD_REVIEW,,,
6a7b92cd0d97848094f62eea,علاء الدين قرعة,"30,00",,,28049,  Soummam Fromage ALADIN Abricot 45g,2250,45g,0.667,0.667,0.165,False,MEDIUM,DUP_SOURCE,https://i0.wp.com/www.taibaoline.com/wp-content/uploads/2024/02/removal.ai_aa753620-4897-4dce-8a55-1b05db3a51c5-caroussel-aladin-abricot-45gr-600-600.png?fit=570%2C440&ssl=1,False,WOULD_REVIEW,,,
6a7b92cd0d97848094f62eee,بريما,"80,00",,,30626,Prima clean fibre abrasive 5pcs,8000,,1.0,1.0,0.1,False,MEDIUM,,https://i0.wp.com/www.taibaoline.com/wp-content/uploads/2024/02/Remove-bg.ai_1708894415448.png?fit=675%2C1198&ssl=1,True,WOULD_REVIEW,,,
6a7b92cd0d97848094f62ef7,طعام عمر بن عمر,"130,00",,,8721,Amor Benamor Farfalle N°1 (500g) عمر بن عمر فارفاليني رقم 1,14000,500g,0.667,0.667,0.159,False,MEDIUM,DUP_SOURCE,https://i0.wp.com/www.taibaoline.com/wp-content/uploads/2024/01/Remove-bg.ai_1705927037839.png?fit=750%2C998&ssl=1,True,WOULD_REVIEW,,,
6a7b92cd0d97848094f62efa,شريعة 1 لتر,"65,00",,1L,6255,حليب أوبي 1 لتر,12500,1L,0.519,0.0,0.519,True,MEDIUM,COMMON_ONLY+DUP_SOURCE,https://i0.wp.com/www.taibaoline.com/wp-content/uploads/2023/12/leche-obei-1l-1.jpg?fit=800%2C800&ssl=1,False,WOULD_REVIEW,,,
6a7b92cd0d97848094f62efb,صابون بينغو 1.5كغ,"510,00",,1.5kg,33294,Bingo Lavage Main Anti odeurs 1.5kg,49500,1.5kg,0.5,0.5,0.148,True,MEDIUM,,https://i0.wp.com/www.taibaoline.com/wp-content/uploads/2024/03/Remove-bg.ai_1709721497010.png?fit=1200%2C675&ssl=1,True,WOULD_REVIEW,,,
6a7b92cd0d97848094f62eff,قازوز معلم 2ل,"100,00",,2L,33056,Eau Gazeuse Fanta Orange 2L,14000,2L,0.5,0.5,0.211,True,MEDIUM,DUP_SOURCE,https://i0.wp.com/www.taibaoline.com/wp-content/uploads/2024/03/boisson-orange.jpg?fit=800%2C800&ssl=1,False,WOULD_REVIEW,,,
6a7b92cd0d97848094f62f01,بممبيز حجم كبير 1/40,"760,00",,,30888,Sacs Congélation Premier Choix 3K GM,9000,3kg,0.667,0.667,0.164,False,MEDIUM,,https://i0.wp.com/www.taibaoline.com/wp-content/uploads/2024/02/Remove-bg.ai_1708896232789.png?fit=675%2C1198&ssl=1,True,WOULD_REVIEW,,,
6a7b92cd0d97848094f62f03,بمبيز حجم كبير 40/3,"940,00",,,30888,Sacs Congélation Premier Choix 3K GM,9000,3kg,0.667,0.667,0.166,False,MEDIUM,,https://i0.wp.com/www.taibaoline.com/wp-content/uploads/2024/02/Remove-bg.ai_1708896232789.png?fit=675%2C1198&ssl=1,True,WOULD_REVIEW,,,
6a7b92cd0d97848094f62f03,بمبيز حجم كبير 40/5,"1 140,00",,,30888,Sacs Congélation Premier Choix 3K GM,9000,3kg,0.667,0.667,0.166,False,MEDIUM,,https://i0.wp.com/www.taibaoline.com/wp-content/uploads/2024/02/Remove-bg.ai_1708896232789.png?fit=675%2C1198&ssl=1,True,WOULD_REVIEW,,,
6a7b92cd0d97848094f62f05,كوش  يوني -فورم,"880,00",,,38524,Uni-Form Couche Rectangulaire 15 Piéces,25000,,0.667,0.667,0.168,False,MEDIUM,,https://i0.wp.com/www.taibaoline.com/wp-content/uploads/2024/05/Remove-bg.ai_1715596686206.png?fit=1280%2C719&ssl=1,True,WOULD_REVIEW,,,
6a7b92cd0d97848094f62f05,كوش يوني -فورم,"770,00",,,38524,Uni-Form Couche Rectangulaire 15 Piéces,25000,,0.667,0.667,0.154,False,MEDIUM,,https://i0.wp.com/www.taibaoline.com/wp-content/uploads/2024/05/Remove-bg.ai_1715596686206.png?fit=1280%2C719&ssl=1,True,WOULD_REVIEW,,,
6a7b92cd0d97848094f62f45,تيب توب 16,"270,00",,,18985,Tip Top Fromage 16 pièces,26500,,1.0,1.0,0.235,False,MEDIUM,,https://i0.wp.com/www.taibaoline.com/wp-content/uploads/2024/02/PhotoRoom-20220922_184444.png?fit=1365%2C1190&ssl=1,False,WOULD_REVIEW,,,
6a7b92cd0d97848094f62f0b,صابونة ابو سعد,"130,00",,,16397,ABUSAAD HUILE DE ROSE,30000,,0.667,0.667,0.193,False,MEDIUM,,https://i0.wp.com/www.taibaoline.com/wp-content/uploads/2024/02/Abusaad-Huile-De-rose.jpg?fit=1000%2C1000&ssl=1,False,WOULD_REVIEW,,,
6a7b92cd0d97848094f62f0e,معجون اطفال,"120,00",,,39906, CoCo Baby Masse Gencive Réfrigérat,26000,,1.0,1.0,0.123,False,MEDIUM,,https://i0.wp.com/www.taibaoline.com/wp-content/uploads/2024/07/Remove-bg.ai_1720866379185.png?fit=1280%2C719&ssl=1,True,WOULD_REVIEW,,,
6a7b92cd0d97848094f62f1a,حليب منظف الرضع,"200,00",,,39960,Deniz Sucette Nouveau-Né Silicone,10000,,1.0,1.0,0.187,False,MEDIUM,,https://i0.wp.com/www.taibaoline.com/wp-content/uploads/2024/07/Remove-bg.ai_1720361450307.png?fit=1280%2C719&ssl=1,True,WOULD_REVIEW,,,
6a7b92cd0d97848094f62f1b,شامبو اطفال,"150,00",,,39906, CoCo Baby Masse Gencive Réfrigérat,26000,,1.0,1.0,0.123,False,MEDIUM,,https://i0.wp.com/www.taibaoline.com/wp-content/uploads/2024/07/Remove-bg.ai_1720866379185.png?fit=1280%2C719&ssl=1,True,WOULD_REVIEW,,,
6a7b92cd0d97848094f62f1c,بوقلاز لتر,"35,00",,,38960, Bouglez Fardeau de 12 bouteilles d’eau minérale 0.5L,24000,500ml,1.0,1.0,0.098,False,MEDIUM,,https://i0.wp.com/www.taibaoline.com/wp-content/uploads/2024/06/Remove-bg.ai_1717578035757.png?fit=1280%2C719&ssl=1,True,WOULD_REVIEW,,,
6a7b92cd0d97848094f62ef6,اروى كولا 2 لتر,"100,00",,2L,32191,Eau Gazeuse Coca Cola _ 2L,13000,2L,0.5,0.5,0.182,True,MEDIUM,,https://i0.wp.com/www.taibaoline.com/wp-content/uploads/2024/03/4247-1.jpg?fit=1000%2C750&ssl=1,False,WOULD_REVIEW,,,
6a7b92cd0d97848094f62f2b,اكريم  395غ,"130,00",,395g,18394,Fleurial Mayonnaise 395G,26000,395g,0.5,0.5,0.188,True,MEDIUM,,https://i0.wp.com/www.taibaoline.com/wp-content/uploads/2024/02/Remove-bg.ai_1711456983024.png?fit=1200%2C674&ssl=1,True,WOULD_REVIEW,,,
6a7b92cd0d97848094f62f2d,فلفل احمر مرحي,"60,00",,,35303,تينو &#8211; فلفل أحمر مسحوق 150 غ,25000,150g,1.0,1.0,0.329,False,MEDIUM,,https://i0.wp.com/www.taibaoline.com/wp-content/uploads/2024/03/Remove-bg.ai_1710011772975.png?fit=899%2C1200&ssl=1,True,WOULD_REVIEW,,,
6a7b92cd0d97848094f62f2f,مايونيز,"190,00",,,18380,Fleurial Mayonnaise 450 G,28000,450g,1.0,1.0,0.169,False,MEDIUM,,https://i0.wp.com/www.taibaoline.com/wp-content/uploads/2024/02/Remove-bg.ai_1748202420214.png?fit=1280%2C962&ssl=1,True,WOULD_REVIEW,,,
6a7b92cd0d97848094f62f30,كوتكس بيضاء,"75,00",,,37781,Wedo Haricots Blancs 580G,22000,580g,1.0,1.0,0.135,False,MEDIUM,,https://i0.wp.com/www.taibaoline.com/wp-content/uploads/2024/04/Remove-bg.ai_1713170675493.png?fit=1280%2C719&ssl=1,True,WOULD_REVIEW,,,
6a7b92cd0d97848094f62f31,فرماج موندور 500غ,"300,00",,500g,41465,MONT D&#8217;OR Gout à L’édam 500G,29000,500g,0.5,0.5,0.24,True,MEDIUM,DUP_SOURCE,https://i0.wp.com/www.taibaoline.com/wp-content/uploads/2024/12/Remove-bg.ai_1735379593268.png?fit=964%2C1280&ssl=1,True,WOULD_REVIEW,https://api.delivap.com/uploads/1786563543173-b2a36987-7af1-4c94-8f67-79898f6ec355.webp,,
6a7b92cd0d97848094f62f33,طارتينو 8,"150,00",,,38010,Tartino A L&#8217;ait Aux Fines Herbes Cuisto 4 Pieces 280 G,24000,280g,1.0,1.0,0.106,False,MEDIUM,,https://i0.wp.com/www.taibaoline.com/wp-content/uploads/2024/04/Remove-bg.ai_1714052758294.png?fit=1280%2C719&ssl=1,True,WOULD_REVIEW,,,
6a7b92cd0d97848094f62f35,زيتون 1كغ,"370,00",,1kg,37473,Dada dessert végécao Blanc 1Kg,61500,1kg,0.5,0.5,0.117,True,MEDIUM,,https://i0.wp.com/www.taibaoline.com/wp-content/uploads/2024/04/Remove-bg.ai_1712068409038.png?fit=675%2C1198&ssl=1,True,WOULD_REVIEW,,,
6a7b92cd0d97848094f62f39,خردل,"160,00",,,64525,Lesieur Moutarde De Dijon 260 G,18000,260g,1.0,1.0,0.084,False,MEDIUM,,https://i0.wp.com/www.taibaoline.com/wp-content/uploads/2026/08/SnapBG.ai_1786371271679.png?fit=939%2C1280&ssl=1,True,WOULD_REVIEW,,,
6a7b92cd0d97848094f62f3f,حليب فرانس ليه,"880,00",,,40421,France Lait  250 G +6-36 Mois,41000,250g,1.0,1.0,0.192,False,MEDIUM,,https://i0.wp.com/www.taibaoline.com/wp-content/uploads/2024/09/Remove-bg.ai_1750005222774.png?fit=400%2C419&ssl=1,True,WOULD_REVIEW,,,
6a7b92cd0d97848094f62f43,زيت املا,"240,00",,,26702,Amla Huile pour cheveux à l&#8217;Amande 100ml,14000,100ml,1.0,1.0,0.122,False,MEDIUM,,https://i0.wp.com/www.taibaoline.com/wp-content/uploads/2024/02/Remove-bg.ai_1708170015552.png?fit=1200%2C1200&ssl=1,True,WOULD_REVIEW,,,
6a7b92cd0d97848094f62f45,تيب توب 8,"150,00",,,35898,Tip Top Fromage 24 pièces,38500,,1.0,1.0,0.19,False,MEDIUM,,https://i0.wp.com/www.taibaoline.com/wp-content/uploads/2024/03/Remove-bg.ai_1710760324712.png?fit=1200%2C674&ssl=1,True,WOULD_REVIEW,,,
6a7b92cd0d97848094f62f45,تيب توب  32,"395,00",,,35898,Tip Top Fromage 24 pièces,38500,,0.667,0.667,0.233,False,MEDIUM,DUP_SOURCE,https://i0.wp.com/www.taibaoline.com/wp-content/uploads/2024/03/Remove-bg.ai_1710760324712.png?fit=1200%2C674&ssl=1,True,WOULD_REVIEW,,,
6a7b92cd0d97848094f62f46,اولاف 200غ,"120,00",,200g,32854,Krikalo Croustillant Fourrées à La Créme De Chocolat 200G,21000,200g,0.5,0.5,0.106,True,MEDIUM,,https://i0.wp.com/www.taibaoline.com/wp-content/uploads/2024/03/Remove-bg.ai_1709580883344.png?fit=675%2C1198&ssl=1,True,WOULD_REVIEW,,,
6a7b92cc0d97848094f62beb,طماطم الجيرواز 135 غ,"60,00",,135g,32983,Qaada Biscuit Au Beurre 135 G,11000,135g,0.333,0.333,0.183,True,LOW,,https://i0.wp.com/www.taibaoline.com/wp-content/uploads/2024/03/Remove-bg.ai_1709579806697.png?fit=675%2C1198&ssl=1,True,WOULD_REVIEW,,,
6a7b92cd0d97848094f62c09,طماطم كينغ توم 400 غ,"175,00",,400g,41912,CAB Hello Tomatoes 400G,17000,400g,0.333,0.333,0.239,True,LOW,,https://i0.wp.com/www.taibaoline.com/wp-content/uploads/2025/02/Remove-bg.ai_1738766768223.png?fit=1280%2C962&ssl=1,True,WOULD_REVIEW,,,
6a7b92cd0d97848094f62bf2,قهوة بونال اربيكا 800 غ,"850,00",,800g,44889,CB Harissa 800 G,27000,800g,0.26,0.25,0.26,True,LOW,DUP_SOURCE,https://i0.wp.com/www.taibaoline.com/wp-content/uploads/2025/05/Remove-bg.ai_1748510107239.png?fit=1280%2C962&ssl=1,True,WOULD_REVIEW,,,
6a7b92cd0d97848094f62bf3,قهوة بونال ربيستا 800 غ,"650,00",,800g,44889,CB Harissa 800 G,27000,800g,0.286,0.25,0.286,True,LOW,,https://i0.wp.com/www.taibaoline.com/wp-content/uploads/2025/05/Remove-bg.ai_1748510107239.png?fit=1280%2C962&ssl=1,True,WOULD_REVIEW,,,
6a7b92cd0d97848094f62bf4,هريسة ملتهب 500 مل,"130,00",,500ml,17658,Rayhan Best Eau De Rose 500ML,8000,500ml,0.232,0.0,0.232,True,LOW,COMMON_ONLY,https://i0.wp.com/www.taibaoline.com/wp-content/uploads/2024/02/Remove-bg.ai_1707428060900.png?fit=675%2C1198&ssl=1,True,WOULD_REVIEW,,,
6a7b92cd0d97848094f62bf6,حليب ميلغرو 500 غ,"480,00",,500g,62004,Eagle خميرة فورية 500 غ,35000,500g,0.333,0.0,0.333,True,LOW,COMMON_ONLY+DUP_SOURCE,https://i0.wp.com/www.taibaoline.com/wp-content/uploads/2026/03/SnapBG.ai_1772614538767.png?fit=572%2C1280&ssl=1,True,WOULD_REVIEW,,,
6a7b92cd0d97848094f62bf9,حليب بريزيما 500 غ,"485,00",,500g,62004,Eagle خميرة فورية 500 غ,35000,500g,0.299,0.0,0.299,True,LOW,COMMON_ONLY+DUP_SOURCE,https://i0.wp.com/www.taibaoline.com/wp-content/uploads/2026/03/SnapBG.ai_1772614538767.png?fit=572%2C1280&ssl=1,True,WOULD_REVIEW,,,
6a7b92cd0d97848094f62bfb,قهوة نيزيار,"250,00",,,7897," Café Caps Presso 5,6 G613",41000,5.6g,0.5,0.5,0.032,False,LOW,,https://i0.wp.com/www.taibaoline.com/wp-content/uploads/2024/01/Remove-bg.ai_1749544899698.png?fit=500%2C500&ssl=1,True,WOULD_REVIEW,,,
6a7b92cd0d97848094f62c08,طماطم عمور 800غ,"310,00",,800g,8083,Réginat Mix Pain 800 G,35000,800g,0.333,0.333,0.182,True,LOW,,https://i0.wp.com/www.taibaoline.com/wp-content/uploads/2024/01/Remove-bg.ai_1751814469959.png?fit=773%2C522&ssl=1,True,WOULD_REVIEW,,,
6a7b92cd0d97848094f62c09,طماطم كينغ توم 800غ,"310,00",,800g,9265,Lala Salha Tomate Double Concentrée (800G),27500,800g,0.25,0.25,0.179,True,LOW,,https://i0.wp.com/www.taibaoline.com/wp-content/uploads/2024/02/Remove-bg.ai_1748251194782.png?fit=1280%2C962&ssl=1,True,WOULD_REVIEW,,,
6a7b92cd0d97848094f62c0f,زيت اليو 5 لتر,"650,00",,5L,6093,Afia Huile 5 L,63000,5L,0.286,0.0,0.286,True,LOW,COMMON_ONLY+DUP_SOURCE,https://i0.wp.com/www.taibaoline.com/wp-content/uploads/2023/12/Remove-bg.ai_1750502177907.png?fit=800%2C800&ssl=1,True,WOULD_REVIEW,,,
6a7b92cd0d97848094f62c0f,زيت اليو 2 لتر,"250,00",,2L,6096,Afia Huile 2 L,25000,2L,0.286,0.0,0.286,True,LOW,COMMON_ONLY+DUP_SOURCE,https://i0.wp.com/www.taibaoline.com/wp-content/uploads/2023/12/Remove-bg.ai_1750503220337.png?fit=800%2C800&ssl=1,True,WOULD_REVIEW,,,
6a7b92cd0d97848094f62c11,قهوة اروما غولد 250 غ,"330,00",,250g,53217,Café Fegalo 250 G,20000,250g,0.333,0.333,0.333,True,LOW,,https://i0.wp.com/www.taibaoline.com/wp-content/uploads/2025/09/Untitled-design-4.webp?fit=375%2C666&ssl=1,False,WOULD_REVIEW,,,
6a7b92cd0d97848094f62c12,زنجبيل كبير,"180,00",,,27606,Ours Blanc Liquide Vaisselle Citron 970 ML,14900,970ml,0.5,0.5,0.074,False,LOW,,https://i0.wp.com/www.taibaoline.com/wp-content/uploads/2024/02/Remove-bg.ai_1708291325836.png?fit=675%2C1198&ssl=1,True,WOULD_REVIEW,,,
6a7b92cd0d97848094f62c14,ثوم مرحي جواد 400 غ,"130,00",,400g,18689,Assil pois chiche moulu 400g,18000,400g,0.333,0.333,0.222,True,LOW,,https://i0.wp.com/www.taibaoline.com/wp-content/uploads/2024/02/Remove-bg.ai_1707629666749.png?fit=675%2C1198&ssl=1,True,WOULD_REVIEW,,,
6a7b92cd0d97848094f62c17,حمص ويدو 370 غ,"160,00",,370g,18572,Wedo pois chiches 370g,16000,370g,0.333,0.333,0.205,True,LOW,,https://i0.wp.com/www.taibaoline.com/wp-content/uploads/2024/02/Remove-bg.ai_1707627873084.png?fit=675%2C1198&ssl=1,True,WOULD_REVIEW,,,
6a7b92cd0d97848094f62c18,جلبانة ويدو 390 غ,"110,00",,390g,18469,Blanchaud Champignons De Paris Pieds Et Morceaux 390 G,30000,390g,0.333,0.333,0.134,True,LOW,,https://i0.wp.com/www.taibaoline.com/wp-content/uploads/2024/02/Remove-bg.ai_1707628897449.png?fit=675%2C1198&ssl=1,True,WOULD_REVIEW,,,
6a7b92cd0d97848094f62c19,ذرة حلوة 210 غ,"220,00",,210g,40688,Tornado Graines De Quinoa 210 G,45000,210g,0.333,0.333,0.204,True,LOW,,https://i0.wp.com/www.taibaoline.com/wp-content/uploads/2024/10/Remove-bg.ai_1730016665554.png?fit=493%2C892&ssl=1,True,WOULD_REVIEW,,,
6a7b92cd0d97848094f62c1a,فطر فيتر شرائح 500 غ,"430,00",,500g,41152,Extra Trida 500 G,8500,500g,0.308,0.0,0.308,True,LOW,COMMON_ONLY,https://i0.wp.com/www.taibaoline.com/wp-content/uploads/2024/11/572371544_1244730177680523_7656040854462878984_n.webp?fit=864%2C1080&ssl=1,False,WOULD_REVIEW,,,
6a7b92cd0d97848094f62c1c,فطر موندور كامل 280 غ,"270,00",,280g,41495,Président Cook 280 G,27500,280g,0.25,0.25,0.188,True,LOW,,https://i0.wp.com/www.taibaoline.com/wp-content/uploads/2024/12/Remove-bg.ai_1735376821445.png?fit=1280%2C962&ssl=1,True,WOULD_REVIEW,,,
6a7b92cd0d97848094f62c1d,فطر موندور شرائح 280 غ,"210,00",,280g,41495,Président Cook 280 G,27500,280g,0.25,0.25,0.185,True,LOW,,https://i0.wp.com/www.taibaoline.com/wp-content/uploads/2024/12/Remove-bg.ai_1735376821445.png?fit=1280%2C962&ssl=1,True,WOULD_REVIEW,,,
6a7b92cd0d97848094f62c1f,مايوناز لسيور 475 غ,"360,00",,475g,18337,Lesieur Mayounaise 475 G,35000,475g,0.333,0.333,0.258,True,LOW,,https://i0.wp.com/www.taibaoline.com/wp-content/uploads/2024/02/481210011_2316246555427901_7228766666596970720_n-removebg-preview-3.png?fit=500%2C500&ssl=1,True,WOULD_REVIEW,,,
6a7b92cd0d97848094f62c1f,مايوناز لسيور 235 غ,"210,00",,235g,61611,Lesieur Mayounaise 235 G,21000,235g,0.333,0.333,0.258,True,LOW,,https://i0.wp.com/www.taibaoline.com/wp-content/uploads/2026/02/481210011_2316246555427901_7228766666596970720_n-removebg-preview-4.png?fit=500%2C500&ssl=1,True,WOULD_REVIEW,,,
6a7b92cd0d97848094f62c21,مايوناز لسيور بلاستيك 425 غ,"360,00",,425g,61614,Lesieur Mayounaise 425 G,34000,425g,0.25,0.25,0.238,True,LOW,,https://i0.wp.com/www.taibaoline.com/wp-content/uploads/2026/02/485169530_1066421235519623_2890691332598903149_n-removebg-preview-1.png?fit=500%2C500&ssl=1,True,WOULD_REVIEW,,,
6a7b92cd0d97848094f62c21,مايوناز لسيور بلاستيك 220 غ,"220,00",,220g,30089, Fromage Napoli Hyper Fondant 220 G,11000,220g,0.25,0.25,0.212,True,LOW,DUP_SOURCE,https://i0.wp.com/www.taibaoline.com/wp-content/uploads/2024/02/Remove-bg.ai_1708795695546.png?fit=1200%2C1200&ssl=1,True,WOULD_REVIEW,,,
6a7b92cd0d97848094f62c22,لانشو بلاط دجاج 250 غ,"440,00",,250g,26292,La Vache qui rit Chef _ gout poulet grillé _ 260G,27500,260g,0.333,0.333,0.137,True,LOW,,https://i0.wp.com/www.taibaoline.com/wp-content/uploads/2024/02/Remove-bg.ai_1708036084088.png?fit=1200%2C1200&ssl=1,True,WOULD_REVIEW,,,
6a7b92cd0d97848094f62c25,طون عافية 65 غ,"100,00",,65g,40079,Afia Thon à L&#8217;Huile 65G x3,29000,65g,0.333,0.333,0.231,True,LOW,,https://i0.wp.com/www.taibaoline.com/wp-content/uploads/2024/07/Remove-bg.ai_1721917951862.png?fit=1280%2C719&ssl=1,True,WOULD_REVIEW,,,
6a7b92cd0d97848094f62c26,طون مارطون 160 غ,"250,00",,160g,16235,Francisco Thon Entier à L&#8217;huile Végétale 160G,23000,160g,0.333,0.333,0.157,True,LOW,,https://i0.wp.com/www.taibaoline.com/wp-content/uploads/2024/02/Remove-bg.ai_1707238085175.png?fit=1000%2C1000&ssl=1,True,WOULD_REVIEW,,,
6a7b92cd0d97848094f62c28,حلوة سطيف,"180,00",,,62103, Al Amira Halawa Turc Vanille 100 G,6500,100g,0.5,0.5,0.103,False,LOW,,https://i0.wp.com/www.taibaoline.com/wp-content/uploads/2026/03/SnapBG.ai_1772708241131.png?fit=1280%2C569&ssl=1,True,WOULD_REVIEW,,,
6a7b92cd0d97848094f62c32,دهان بوقال 700 غ,"400,00",,700g,61368,بيدون زيتون أخضر 700 غ,55000,700g,0.349,0.333,0.349,True,LOW,,https://i0.wp.com/www.taibaoline.com/wp-content/uploads/2026/02/IMG20260212155851-removebg-preview-2.png?fit=748%2C333&ssl=1,True,WOULD_REVIEW,,,
6a7b92cd0d97848094f62c35,دهان الوليمة 900 غ,"460,00",,900g,6598,Nursie N1 900 G,158000,900g,0.333,0.333,0.231,True,LOW,,https://i0.wp.com/www.taibaoline.com/wp-content/uploads/2023/12/Remove-bg.ai_1750094056383.png?fit=300%2C300&ssl=1,True,WOULD_REVIEW,,,
6a7b92cd0d97848094f62c35,دهان الوليمة 700 غ,"400,00",,700g,8857,Ayoub Couscous D&#8217;orge 700 G,16000,700g,0.333,0.333,0.204,True,LOW,,https://i0.wp.com/www.taibaoline.com/wp-content/uploads/2024/01/Remove-bg.ai_1706104667274.png?fit=713%2C1198&ssl=1,True,WOULD_REVIEW,,,
6a7b92cd0d97848094f62c35,دهان الوليمة 1.7 كغ,"800,00",,1.7kg,17290,"El Wissem El Dahabi S&#8217;men 1,7 KG",77000,1.7kg,0.23,0.0,0.23,True,LOW,COMMON_ONLY,https://i0.wp.com/www.taibaoline.com/wp-content/uploads/2024/02/Remove-bg.ai_1707431223111.png?fit=675%2C1198&ssl=1,True,WOULD_REVIEW,,,
6a7b92cd0d97848094f62c36,دهان رواية 800 غ,"540,00",,800g,8083,Réginat Mix Pain 800 G,35000,800g,0.333,0.333,0.157,True,LOW,,https://i0.wp.com/www.taibaoline.com/wp-content/uploads/2024/01/Remove-bg.ai_1751814469959.png?fit=773%2C522&ssl=1,True,WOULD_REVIEW,,,
6a7b92cd0d97848094f62c3a,دهان المدينة 1.8 كغ,"820,00",,1.8kg,17249,"Medina Smen 100% Vegetal 1,8 KG",81000,1.8kg,0.2,0.0,0.2,True,LOW,COMMON_ONLY,https://i0.wp.com/www.taibaoline.com/wp-content/uploads/2024/02/Remove-bg.ai_1707428685169.png?fit=675%2C1198&ssl=1,True,WOULD_REVIEW,,,
6a7b92cd0d97848094f62c38,دهان نحول 2 كغ,"910,00",,2kg,39293, Loya Laite 2 KG,200000,2kg,0.269,0.0,0.269,True,LOW,COMMON_ONLY,https://i0.wp.com/www.taibaoline.com/wp-content/uploads/2024/07/Remove-bg.ai_1749975594007.png?fit=964%2C1280&ssl=1,True,WOULD_REVIEW,,,
6a7b92cd0d97848094f62c3a,دهان المدينة 900 غ,"430,00",,900g,6598,Nursie N1 900 G,158000,900g,0.333,0.333,0.231,True,LOW,,https://i0.wp.com/www.taibaoline.com/wp-content/uploads/2023/12/Remove-bg.ai_1750094056383.png?fit=300%2C300&ssl=1,True,WOULD_REVIEW,,,
6a7b92cd0d97848094f62c3a,دهان المدينة 500 غ,"250,00",,500g,6080,Le Gate Farine 500 G,20000,500g,0.329,0.0,0.329,True,LOW,COMMON_ONLY,https://i0.wp.com/www.taibaoline.com/wp-content/uploads/2023/12/Remove-bg.ai_1751880907382.png?fit=439%2C406&ssl=1,True,WOULD_REVIEW,,,
6a7b92cd0d97848094f62c3c,شاي سهم 100غ,"210,00",,100g,35524,Dorex Savon De Beauté à L&#8217;Extrait De Lait Elégance Florale 100G,7500,100g,0.333,0.333,0.092,True,LOW,,https://i0.wp.com/www.taibaoline.com/wp-content/uploads/2024/03/Remove-bg.ai_1752593595038.png?fit=800%2C800&ssl=1,True,WOULD_REVIEW,,,
6a7b92cd0d97848094f62c3d,شاي احمد عبدس 100 غ,"200,00",,100g,18849,EL BERRAD THE VERT DE CHINE 100 G,23000,100g,0.333,0.333,0.194,True,LOW,DUP_SOURCE,https://i0.wp.com/www.taibaoline.com/wp-content/uploads/2024/02/Remove-bg.ai_1707706726372.png?fit=1200%2C899&ssl=1,True,WOULD_REVIEW,,,
6a7b92cd0d97848094f62c41,طعام مام متوسط 1 كغ,"180,00",,1kg,37676,Moula Semoule Moyenne 1 KG,12000,1kg,0.333,0.333,0.268,True,LOW,,https://i0.wp.com/www.taibaoline.com/wp-content/uploads/2024/04/Remove-bg.ai_1712481256297.png?fit=718%2C1280&ssl=1,True,WOULD_REVIEW,,,
6a7b92cd0d97848094f62c42,دهان المرجان 900 غ,"430,00",,900g,6598,Nursie N1 900 G,158000,900g,0.333,0.333,0.231,True,LOW,,https://i0.wp.com/www.taibaoline.com/wp-content/uploads/2023/12/Remove-bg.ai_1750094056383.png?fit=300%2C300&ssl=1,True,WOULD_REVIEW,,,
6a7b92cd0d97848094f62c44,طعام عمور 1 كغ,"150,00",,1kg,33965,Lentilles Rouge 1 KG,21000,1kg,0.243,0.0,0.243,True,LOW,COMMON_ONLY,https://i0.wp.com/www.taibaoline.com/wp-content/uploads/2024/03/lentilles-corail-cuisson.webp?fit=1280%2C960&ssl=1,False,WOULD_REVIEW,,,
6a7b92cd0d97848094f62c45,بركوكس مفور 800 غ,"110,00",,800g,8083,Réginat Mix Pain 800 G,35000,800g,0.333,0.333,0.222,True,LOW,,https://i0.wp.com/www.taibaoline.com/wp-content/uploads/2024/01/Remove-bg.ai_1751814469959.png?fit=773%2C522&ssl=1,True,WOULD_REVIEW,,,
6a7b92cd0d97848094f62c46,طعام شعير 1 كغ,"110,00",,1kg,33965,Lentilles Rouge 1 KG,21000,1kg,0.243,0.0,0.243,True,LOW,COMMON_ONLY,https://i0.wp.com/www.taibaoline.com/wp-content/uploads/2024/03/lentilles-corail-cuisson.webp?fit=1280%2C960&ssl=1,False,WOULD_REVIEW,,,
6a7b92cd0d97848094f62c47,طعام ثيكا 1 كغ,"110,00",,1kg,54267, Loya Laite 1 KG,116000,1kg,0.239,0.0,0.239,True,LOW,COMMON_ONLY,https://i0.wp.com/www.taibaoline.com/wp-content/uploads/2025/09/73372201_2458281257768045_6216241751028400128_n-1.webp?fit=1080%2C810&ssl=1,False,WOULD_REVIEW,,,
6a7b92cd0d97848094f62c48,طعام اغروديف 1 كغ,"100,00",,1kg,41975,تمور الأصيل غرس بطانة ممزوج 1 كغ,12000,1kg,0.262,0.0,0.262,True,LOW,COMMON_ONLY,https://i0.wp.com/www.taibaoline.com/wp-content/uploads/2025/02/IMG20260220135118-removebg-preview-1.png?fit=333%2C748&ssl=1,True,WOULD_REVIEW,,,
6a7b92cd0d97848094f62c50,ماقرون سيم روسول 500 غ,"65,00",,500g,8538,Sim Ressort 500 G,6000,500g,0.338,0.333,0.338,True,LOW,,https://i0.wp.com/www.taibaoline.com/wp-content/uploads/2024/01/SnapBG.ai_1786008735709.png?fit=1000%2C1000&ssl=1,True,WOULD_REVIEW,,,
6a7b92cd0d97848094f62c51,شربة زريعة سيم 500 غ,"60,00",,500g,62004,Eagle خميرة فورية 500 غ,35000,500g,0.348,0.0,0.348,True,LOW,COMMON_ONLY+DUP_SOURCE,https://i0.wp.com/www.taibaoline.com/wp-content/uploads/2026/03/SnapBG.ai_1772614538767.png?fit=572%2C1280&ssl=1,True,WOULD_REVIEW,,,
6a7b92cd0d97848094f62c52,شربة فارميسال سيم 500 غ,"60,00",,500g,8511,Sim Spaghetti 500 G,6500,500g,0.333,0.333,0.262,True,LOW,,https://i0.wp.com/www.taibaoline.com/wp-content/uploads/2024/01/Remove-bg.ai_1705746691597-1.png?fit=1193%2C1124&ssl=1,True,WOULD_REVIEW,,,
6a7b92cd0d97848094f62c53,ماقرون سيم كود6/ 500 غ,"60,00",,500g,8511,Sim Spaghetti 500 G,6500,500g,0.333,0.333,0.265,True,LOW,,https://i0.wp.com/www.taibaoline.com/wp-content/uploads/2024/01/Remove-bg.ai_1705746691597-1.png?fit=1193%2C1124&ssl=1,True,WOULD_REVIEW,,,
6a7b92cd0d97848094f62c55,حمص ثيكا 10 -- 1كغ,"350,00",,1kg,18031,Eldahabiya Pâte aux dattes 1kg,11500,1kg,0.333,0.333,0.151,True,LOW,,https://i0.wp.com/www.taibaoline.com/wp-content/uploads/2024/02/Remove-bg.ai_1707432427243.png?fit=675%2C1198&ssl=1,True,WOULD_REVIEW,,,
6a7b92cd0d97848094f62c5e,طراشن وفاء حجم كبير 45,"180,00",,,26922,Wafa Bobina Essui-Tout 1 Rouleau,52000,,0.6,0.6,0.136,False,LOW,,https://i0.wp.com/www.taibaoline.com/wp-content/uploads/2024/02/Remove-bg.ai_1708196876820.png?fit=675%2C1198&ssl=1,True,WOULD_REVIEW,,,
6a7b92cd0d97848094f62c5f,طراشن وفاء ملونة 80 قطعة,"80,00",,,26984,Wafa Servittes de table 80 Servitte,9000,,0.5,0.5,0.21,False,LOW,DUP_SOURCE,https://i0.wp.com/www.taibaoline.com/wp-content/uploads/2024/02/Remove-bg.ai_1708196426766.png?fit=675%2C1198&ssl=1,True,WOULD_REVIEW,,,
6a7b92cd0d97848094f62c60,كوش بيمبو 15 قطعة,"210,00",,,36824,"Toudja Fardeau de 6 bouteilles d&#8217;eau minérale (1,5 L)",22000,1.5L,0.333,0.333,0.095,False,LOW,,https://i0.wp.com/www.taibaoline.com/wp-content/uploads/2024/03/Remove-bg.ai_1711223508981.png?fit=600%2C600&ssl=1,True,WOULD_REVIEW,,,
6a7b92cd0d97848094f62c62,كوش كبار L,"620,00",,,6815,Bimbies Couches Bébé N2 3-6 KG 40 Couches,78000,6kg,0.5,0.5,0.107,False,LOW,,https://i0.wp.com/www.taibaoline.com/wp-content/uploads/2023/12/IMG_9729-min.jpg?fit=1000%2C1000&ssl=1,False,WOULD_REVIEW,,,
6a7b92cd0d97848094f62c62,كوش كبار M,"690,00",,,6815,Bimbies Couches Bébé N2 3-6 KG 40 Couches,78000,6kg,0.5,0.5,0.107,False,LOW,,https://i0.wp.com/www.taibaoline.com/wp-content/uploads/2023/12/IMG_9729-min.jpg?fit=1000%2C1000&ssl=1,False,WOULD_REVIEW,,,
6a7b92cd0d97848094f62c63,لبلامين Vigor,"490,00",,,6203,Vigor Farines Céréales Miel Et Biscuits 6 Mois 250 g,50000,250g,0.5,0.5,0.07,False,LOW,,https://i0.wp.com/www.taibaoline.com/wp-content/uploads/2023/12/Farine-VIGOR-Cereales-Miel-et-Biscuits-6-mois.png?fit=327%2C331&ssl=1,False,WOULD_REVIEW,,,
6a7b92cd0d97848094f62c64,لبلامين فرونسلي france lait,"470,00",,,33798,Maitre Vergers Pruneaux De France 500 G,95000,500g,0.333,0.333,0.173,False,LOW,,https://i0.wp.com/www.taibaoline.com/wp-content/uploads/2024/03/IMG20260213112754-removebg-preview-1.png?fit=333%2C748&ssl=1,True,WOULD_REVIEW,,,
6a7b92cd0d97848094f62c65,شوفان 400 غ,"250,00",,400g,6718,Biomil LF 400 G,111000,400g,0.227,0.0,0.227,True,LOW,COMMON_ONLY,https://i0.wp.com/www.taibaoline.com/wp-content/uploads/2023/12/5e738b98951f8d471367f935-640x640-1.jpg?fit=640%2C640&ssl=1,False,WOULD_REVIEW,,,
6a7b92cd0d97848094f62c66,خل التفاح الوزير 250 مل,"280,00",,250ml,44520,Sauce De Soja Dark 250 ML,65000,250ml,0.267,0.0,0.267,True,LOW,COMMON_ONLY,https://i0.wp.com/www.taibaoline.com/wp-content/uploads/2025/05/Remove-bg.ai_1748202391698.png?fit=964%2C1280&ssl=1,True,WOULD_REVIEW,,,
6a7b92cd0d97848094f62c6c,شيكولة مون سوداء 200 غ,"270,00",,200g,64345,Moon Excellence Créme Aux Noisettes Grillées 200 G,28000,200g,0.333,0.333,0.16,True,LOW,,https://i0.wp.com/www.taibaoline.com/wp-content/uploads/2026/08/SnapBG.ai_1785758479662.png?fit=1280%2C960&ssl=1,True,WOULD_REVIEW,,,
6a7b92cd0d97848094f62c6d,شيكولة مون بيضة 200 غ,"280,00",,200g,64345,Moon Excellence Créme Aux Noisettes Grillées 200 G,28000,200g,0.333,0.333,0.147,True,LOW,,https://i0.wp.com/www.taibaoline.com/wp-content/uploads/2026/08/SnapBG.ai_1785758479662.png?fit=1280%2C960&ssl=1,True,WOULD_REVIEW,,,
6a7b92cd0d97848094f62c6e,شيكولة مرجان بيضة 200 غ,"340,00",,200g,37487,Coffee House Gold 200 G,93000,200g,0.286,0.0,0.286,True,LOW,COMMON_ONLY,https://i0.wp.com/www.taibaoline.com/wp-content/uploads/2024/04/Remove-bg.ai_1753262890449.webp?fit=1280%2C570&ssl=1,True,WOULD_REVIEW,,,
6a7b92cd0d97848094f62c72,شيكولة ماكسون 350 غ,"230,00",,350g,35454,Safina Spaghetti SG 350G,30000,350g,0.333,0.333,0.231,True,LOW,,https://i0.wp.com/www.taibaoline.com/wp-content/uploads/2024/03/Remove-bg.ai_1710318859078.png?fit=675%2C1198&ssl=1,True,WOULD_REVIEW,,,
6a7b92cd0d97848094f62c73,كابريز سائل 500 غ,"370,00",,500g,39301, Brino Lait 500 G ,43500,500g,0.297,0.0,0.297,True,LOW,COMMON_ONLY,https://i0.wp.com/www.taibaoline.com/wp-content/uploads/2024/07/Remove-bg.ai_1719828102831.png?fit=718%2C1280&ssl=1,True,WOULD_REVIEW,,,
6a7b92cd0d97848094f62c76,شيكولة اوبتيلا 500 غ,"330,00",,500g,62004,Eagle خميرة فورية 500 غ,35000,500g,0.319,0.0,0.319,True,LOW,COMMON_ONLY+DUP_SOURCE,https://i0.wp.com/www.taibaoline.com/wp-content/uploads/2026/03/SnapBG.ai_1772614538767.png?fit=572%2C1280&ssl=1,True,WOULD_REVIEW,,,
6a7b92cd0d97848094f62c77,شيكولة بيفا 320 غ,"190,00",,320g,16051,Papillon Halwa Chamia Aux Amandes 320 G,30000,320g,0.333,0.333,0.183,True,LOW,,https://i0.wp.com/www.taibaoline.com/wp-content/uploads/2024/02/Remove-bg.ai_1707220911415.png?fit=675%2C1198&ssl=1,True,WOULD_REVIEW,,,
6a7b92cd0d97848094f62c79,نورسي كونفور 900غ رقم1,"1 820,00",,900g,17302,Cebon El Mordjene Graisse Végétale Pure 900G,42500,900g,0.25,0.25,0.125,True,LOW,,https://i0.wp.com/www.taibaoline.com/wp-content/uploads/2024/02/Remove-bg.ai_1707430393430.png?fit=675%2C1198&ssl=1,True,WOULD_REVIEW,,,
6a7b92cd0d97848094f62c7a,نورسي كونفور 900غ رقم 2,"1 820,00",,900g,17302,Cebon El Mordjene Graisse Végétale Pure 900G,42500,900g,0.25,0.25,0.136,True,LOW,,https://i0.wp.com/www.taibaoline.com/wp-content/uploads/2024/02/Remove-bg.ai_1707430393430.png?fit=675%2C1198&ssl=1,True,WOULD_REVIEW,,,
6a7b92cd0d97848094f62c7b,نورسي كونفور 400غ رقم 1,"860,00",,400g,64495,Novalac AC Confort  400G,100000,400g,0.337,0.25,0.337,True,LOW,,https://i0.wp.com/www.taibaoline.com/wp-content/uploads/2026/08/SnapBG.ai_1786353961934.png?fit=368%2C491&ssl=1,True,WOULD_REVIEW,,,
6a7b92cd0d97848094f62c7c,نورسي كونفور 400غ  رقم2,"860,00",,400g,64495,Novalac AC Confort  400G,100000,400g,0.337,0.25,0.337,True,LOW,,https://i0.wp.com/www.taibaoline.com/wp-content/uploads/2026/08/SnapBG.ai_1786353961934.png?fit=368%2C491&ssl=1,True,WOULD_REVIEW,,,
6a7b92cd0d97848094f62c7d,حليب صحة 400غ رقم 1,"760,00",,400g,17908,Tachfine Amidon De Mais 400 G,15000,400g,0.333,0.333,0.154,True,LOW,,https://i0.wp.com/www.taibaoline.com/wp-content/uploads/2024/02/Remove-bg.ai_1707425352654.png?fit=675%2C1198&ssl=1,True,WOULD_REVIEW,,,
6a7b92cd0d97848094f62c7e,حليب بيوميل 400غ رقم1,"860,00",,400g,17908,Tachfine Amidon De Mais 400 G,15000,400g,0.333,0.333,0.132,True,LOW,,https://i0.wp.com/www.taibaoline.com/wp-content/uploads/2024/02/Remove-bg.ai_1707425352654.png?fit=675%2C1198&ssl=1,True,WOULD_REVIEW,,,
6a7b92cd0d97848094f62c7f,حليب بيوميل 400غ رقم 2,"870,00",,400g,17908,Tachfine Amidon De Mais 400 G,15000,400g,0.333,0.333,0.131,True,LOW,,https://i0.wp.com/www.taibaoline.com/wp-content/uploads/2024/02/Remove-bg.ai_1707425352654.png?fit=675%2C1198&ssl=1,True,WOULD_REVIEW,,,
6a7b92cd0d97848094f62c80,حليب نورسي 400غ رقم1,"770,00",,400g,17908,Tachfine Amidon De Mais 400 G,15000,400g,0.333,0.333,0.19,True,LOW,,https://i0.wp.com/www.taibaoline.com/wp-content/uploads/2024/02/Remove-bg.ai_1707425352654.png?fit=675%2C1198&ssl=1,True,WOULD_REVIEW,,,
6a7b92cd0d97848094f62c81,حليب نورسي 400غ رقم 2,"780,00",,400g,17908,Tachfine Amidon De Mais 400 G,15000,400g,0.333,0.333,0.189,True,LOW,,https://i0.wp.com/www.taibaoline.com/wp-content/uploads/2024/02/Remove-bg.ai_1707425352654.png?fit=675%2C1198&ssl=1,True,WOULD_REVIEW,,,
6a7b92cd0d97848094f62c82,حليب نوفالاك 400غ رقم1,"880,00",,400g,17908,Tachfine Amidon De Mais 400 G,15000,400g,0.333,0.333,0.206,True,LOW,,https://i0.wp.com/www.taibaoline.com/wp-content/uploads/2024/02/Remove-bg.ai_1707425352654.png?fit=675%2C1198&ssl=1,True,WOULD_REVIEW,,,
6a7b92cd0d97848094f62c84,قاطو مون,"150,00",,,64345,Moon Excellence Créme Aux Noisettes Grillées 200 G,28000,200g,0.5,0.5,0.053,False,LOW,DUP_SOURCE,https://i0.wp.com/www.taibaoline.com/wp-content/uploads/2026/08/SnapBG.ai_1785758479662.png?fit=1280%2C960&ssl=1,True,WOULD_REVIEW,,,
6a7b92cd0d97848094f62c85,قاطو اوبتيلا,"150,00",,,36099,Optilla Végécao Forré A La Crème De Fraise 90 G,8500,90g,0.5,0.5,0.103,False,LOW,,https://i0.wp.com/www.taibaoline.com/wp-content/uploads/2024/03/Remove-bg.ai_1710802998685.png?fit=1000%2C1000&ssl=1,True,WOULD_REVIEW,,,
6a7b92cd0d97848094f62c8a,قفريط ماكسون وفر,"150,00",,,34762,Maxon Gaufrettes Fourrés à La Créme Cacao 60g,5000,60g,0.333,0.333,0.147,False,LOW,,https://i0.wp.com/www.taibaoline.com/wp-content/uploads/2024/03/Remove-bg.ai_1709841405552-1.png?fit=675%2C1198&ssl=1,True,WOULD_REVIEW,,,
6a7b92cd0d97848094f62c8d,قفريط وافرز بيفا,"80,00",,,33898,Wafers Gaufrettes Cacao Fourrées à La Créme Goùt Vanille 140G,6000,140g,0.333,0.333,0.112,False,LOW,,https://i0.wp.com/www.taibaoline.com/wp-content/uploads/2024/03/Remove-bg.ai_1709841459015.png?fit=675%2C1198&ssl=1,True,WOULD_REVIEW,,,
6a7b92cd0d97848094f62c8e,قاطو كول صاشي,"130,00",,,33172,Kool Biscuit Mosaique Fourré à La Créme De Cacao 220 G,13000,220g,0.333,0.333,0.094,False,LOW,DUP_SOURCE,https://i0.wp.com/www.taibaoline.com/wp-content/uploads/2024/03/Remove-bg.ai_1709580287688.png?fit=675%2C1198&ssl=1,True,WOULD_REVIEW,,,
6a7b92cd0d97848094f62c8f,مادلين تومي,"80,00",,,33809,Dulcesol Madeleine 8 Unités,10000,,0.5,0.5,0.172,False,LOW,,https://i0.wp.com/www.taibaoline.com/wp-content/uploads/2024/03/Remove-bg.ai_1709843504237.png?fit=675%2C1198&ssl=1,True,WOULD_REVIEW,,,
6a7b92cd0d97848094f62c90,بسكويت قريبية بيفا,"100,00",,,41440,Bifa Story Chocolat Fourré à La Créme De Pistache &amp; Kunafa 115G,25000,115g,0.5,0.5,0.057,False,LOW,,https://i0.wp.com/www.taibaoline.com/wp-content/uploads/2024/12/Remove-bg.ai_1734622563208.png?fit=964%2C1280&ssl=1,True,WOULD_REVIEW,,,
6a7b92cd0d97848094f62c95,صابون غبرة ازيس 300 غ,"110,00",,300g,8777,El sanoubar El dorar 300 G,9000,300g,0.245,0.0,0.245,True,LOW,COMMON_ONLY,https://i0.wp.com/www.taibaoline.com/wp-content/uploads/2024/01/Remove-bg.ai_1706002542832.png?fit=526%2C526&ssl=1,True,WOULD_REVIEW,,,
6a7b92cd0d97848094f62c94,صابون غبرة تست 750 غ,"250,00",,750g,41966,بيدون زيتون بنفسي النور 750 غ,49000,750g,0.333,0.333,0.296,True,LOW,,https://i0.wp.com/www.taibaoline.com/wp-content/uploads/2025/02/snapbg.ai_1739023746936.png?fit=1280%2C964&ssl=1,True,WOULD_REVIEW,,,
6a7b92cd0d97848094f62c94,صابون غبرة تست 1.5 كغ,"460,00",,1.5kg,26203,"Berbère Fromage 1,5KG",100000,1.5kg,0.253,0.0,0.253,True,LOW,COMMON_ONLY,https://i0.wp.com/www.taibaoline.com/wp-content/uploads/2024/02/Remove-bg.ai_1708200110748.png?fit=1200%2C1200&ssl=1,True,WOULD_REVIEW,,,
6a7b92cd0d97848094f62c95,صابون غبرة ازيس 1.5 كغ,"470,00",,1.5kg,26203,"Berbère Fromage 1,5KG",100000,1.5kg,0.25,0.0,0.25,True,LOW,COMMON_ONLY+DUP_SOURCE,https://i0.wp.com/www.taibaoline.com/wp-content/uploads/2024/02/Remove-bg.ai_1708200110748.png?fit=1200%2C1200&ssl=1,True,WOULD_REVIEW,,,
6a7b92cd0d97848094f62c96,لنجات بمبيز 60 برومو,"250,00",,,27718,تاشفين &#8211; حب الجلجلان 60 غ,10000,60g,0.25,0.25,0.215,False,LOW,DUP_SOURCE,https://i0.wp.com/www.taibaoline.com/wp-content/uploads/2024/02/Remove-bg.ai_1708434613562.png?fit=900%2C1198&ssl=1,True,WOULD_REVIEW,,,
6a7b92cd0d97848094f62c97,لنجات بابي ماكس برومو,"160,00",,,35229,Ultra Baby Natural Lingettes Humide 80 Unités,10000,,0.25,0.25,0.165,False,LOW,,https://i0.wp.com/www.taibaoline.com/wp-content/uploads/2024/03/Remove-bg.ai_1710098467355.png?fit=1200%2C674&ssl=1,True,WOULD_REVIEW,,,
6a7b92cd0d97848094f62c98,صابون اواني lisser clean 2L,"330,00",,2L,36927,Life  &#8211; eau de javel 2L,19000,2L,0.224,0.0,0.224,True,LOW,COMMON_ONLY+DUP_SOURCE,https://i0.wp.com/www.taibaoline.com/wp-content/uploads/2024/03/Remove-bg.ai_1711154073347.png?fit=1200%2C1200&ssl=1,True,WOULD_REVIEW,,,
6a7b92cd0d97848094f62c9a,جال ماجيك,"300,00",,,36704,Atack plus &#8211; javel Moussant 2L,23000,2L,0.5,0.5,0.097,False,LOW,DUP_SOURCE,https://i0.wp.com/www.taibaoline.com/wp-content/uploads/2024/03/Remove-bg.ai_1711148228566.png?fit=1200%2C1200&ssl=1,True,WOULD_REVIEW,,,
6a7b92cd0d97848094f62c9b,صابون تست علاج,"240,00",,,16131,KARINA Hemp &#8211; Pommade pour cheveux,32000,100ml,0.5,0.5,0.086,False,LOW,,https://i0.wp.com/www.taibaoline.com/wp-content/uploads/2024/02/Remove-bg.ai_1707251064771.png?fit=1070%2C947&ssl=1,True,WOULD_REVIEW,,,
6a7b92cd0d97848094f62c9c,صابون اواني دوز 1150 مل,"300,00",,1.15L,27513,Bingo Liquide Vaisselle équilibre et Harmonie 1200 ML,32000,1.2L,0.179,0.0,0.179,True,LOW,COMMON_ONLY,https://i0.wp.com/www.taibaoline.com/wp-content/uploads/2024/02/Remove-bg.ai_1708291537052.png?fit=675%2C1198&ssl=1,True,WOULD_REVIEW,,,
6a7b92cd0d97848094f62c9f,صابون غسالة بينغو 2.5 لتر,"790,00",,2.5L,30182, Amir Clean Pour Machine 2.5 L,68000,2.5L,0.224,0.0,0.224,True,LOW,COMMON_ONLY,https://i0.wp.com/www.taibaoline.com/wp-content/uploads/2024/02/Remove-bg.ai_1708854297112.png?fit=1200%2C675&ssl=1,True,WOULD_REVIEW,,,
6a7b92cd0d97848094f62ca1,صابون غسالة لو شا 2.5 لتر,"790,00",,2.5L,30742, Le Chat Gel Savon De Marseille 2.5 L,79000,2.5L,0.227,0.0,0.227,True,LOW,COMMON_ONLY,https://i0.wp.com/www.taibaoline.com/wp-content/uploads/2024/02/IMG20251120130744-2.webp?fit=607%2C1080&ssl=1,False,WOULD_REVIEW,,,
6a7b92cd0d97848094f62ca6,هابي راحة 5/25,"490,00",,,41302,Happy Dry N2 3-6 KG 40 Couches ,79000,6kg,0.5,0.5,0.182,False,LOW,DUP_SOURCE,https://i0.wp.com/www.taibaoline.com/wp-content/uploads/2024/11/IMG20251124110911.webp?fit=1080%2C607&ssl=1,False,WOULD_REVIEW,,,
6a7b92cd0d97848094f62ca6,هابي راحة 6/25,"540,00",,,41302,Happy Dry N2 3-6 KG 40 Couches ,79000,6kg,0.5,0.5,0.182,False,LOW,DUP_SOURCE,https://i0.wp.com/www.taibaoline.com/wp-content/uploads/2024/11/IMG20251124110911.webp?fit=1080%2C607&ssl=1,False,WOULD_REVIEW,,,
6a7b92cd0d97848094f62ca6,هابي راحة 4 / 25,"470,00",,,41302,Happy Dry N2 3-6 KG 40 Couches ,79000,6kg,0.5,0.5,0.179,False,LOW,DUP_SOURCE,https://i0.wp.com/www.taibaoline.com/wp-content/uploads/2024/11/IMG20251124110911.webp?fit=1080%2C607&ssl=1,False,WOULD_REVIEW,,,
6a7b92cd0d97848094f62cab,صابون اواني lisser clean 5 لتر,"600,00",,5L,6093,Afia Huile 5 L,63000,5L,0.329,0.0,0.329,True,LOW,COMMON_ONLY,https://i0.wp.com/www.taibaoline.com/wp-content/uploads/2023/12/Remove-bg.ai_1750502177907.png?fit=800%2C800&ssl=1,True,WOULD_REVIEW,,,
6a7b92cd0d97848094f62cac,صابون غسالة توبسيل 2.5 لتر,"470,00",,2.5L,30742, Le Chat Gel Savon De Marseille 2.5 L,79000,2.5L,0.226,0.0,0.226,True,LOW,COMMON_ONLY+DUP_SOURCE,https://i0.wp.com/www.taibaoline.com/wp-content/uploads/2024/02/IMG20251120130744-2.webp?fit=607%2C1080&ssl=1,False,WOULD_REVIEW,,,
6a7b92cd0d97848094f62cad,صابون غسالة بريلكس 3 لتر,"480,00",,3L,7939,Sacosa Huile 3 litre,79000,3L,0.256,0.0,0.256,True,LOW,COMMON_ONLY,https://i0.wp.com/www.taibaoline.com/wp-content/uploads/2024/01/Remove-bg.ai_1704892498846.png?fit=1200%2C1200&ssl=1,True,WOULD_REVIEW,,,
6a7b92cd0d97848094f62cae,صابون اواني لايف  4 لتر,"750,00",,4L,36831,Eau De Javel AMIR 4L,27000,4L,0.308,0.0,0.308,True,LOW,COMMON_ONLY,https://i0.wp.com/www.taibaoline.com/wp-content/uploads/2024/03/SnapBG.ai_1746971498265.png?fit=1280%2C962&ssl=1,True,WOULD_REVIEW,,,
6a7b92cd0d97848094f62cb0,كوش جود كير 6/25,"600,00",,,6809,Bimbies Couches Bébé N1 2-5 KG 40 Couches,71000,5kg,0.333,0.333,0.102,False,LOW,,https://i0.wp.com/www.taibaoline.com/wp-content/uploads/2023/12/1-78.jpg?fit=680%2C680&ssl=1,False,WOULD_REVIEW,,,
6a7b92cd0d97848094f62cb0,كوش جود كير 5/25,"520,00",,,6809,Bimbies Couches Bébé N1 2-5 KG 40 Couches,71000,5kg,0.333,0.333,0.102,False,LOW,,https://i0.wp.com/www.taibaoline.com/wp-content/uploads/2023/12/1-78.jpg?fit=680%2C680&ssl=1,False,WOULD_REVIEW,,,
6a7b92cd0d97848094f62cb1,كوش جود كير,"510,00",,,6809,Bimbies Couches Bébé N1 2-5 KG 40 Couches,71000,5kg,0.333,0.333,0.091,False,LOW,,https://i0.wp.com/www.taibaoline.com/wp-content/uploads/2023/12/1-78.jpg?fit=680%2C680&ssl=1,False,WOULD_REVIEW,,,
6a7b92cd0d97848094f62cb2,قوبلي قهوة,"80,00",,,7897," Café Caps Presso 5,6 G613",41000,5.6g,0.5,0.5,0.032,False,LOW,,https://i0.wp.com/www.taibaoline.com/wp-content/uploads/2024/01/Remove-bg.ai_1749544899698.png?fit=500%2C500&ssl=1,True,WOULD_REVIEW,,,
6a7b92cd0d97848094f62cb3,قوبلي شاي تيميمون,"90,00",,,35320,Lipton &#8211; Yelloa Label Tea 50 G,30000,50g,0.333,0.333,0.133,False,LOW,,https://i0.wp.com/www.taibaoline.com/wp-content/uploads/2024/03/8720608007417.08a-74193364-png.png.ulenscale.985x985.webp?fit=984%2C985&ssl=1,False,WOULD_REVIEW,,,
6a7b92cd0d97848094f62cb5,مادلين ساشي فانيلا,"120,00",,,27136,Yaourt Soummam Mamzoudj Vanille 100 G,2250,100g,0.333,0.333,0.153,False,LOW,,https://i0.wp.com/www.taibaoline.com/wp-content/uploads/2024/02/Remove-bg.ai_1708204788545.png?fit=600%2C392&ssl=1,True,WOULD_REVIEW,,,
6a7b92cd0d97848094f62cb6,دينارول ماكس بيفا,"90,00",,,29642,Klash Max Insecticide Volonts Citron 750 ML,29000,750ml,0.333,0.333,0.139,False,LOW,,https://i0.wp.com/www.taibaoline.com/wp-content/uploads/2024/02/Remove-bg.ai_1708471372093.png?fit=675%2C1198&ssl=1,True,WOULD_REVIEW,,,
6a7b92cd0d97848094f62cb7,قاطو افنتاج,"120,00",,,32392,Avantage Biscuits Fourés Créme De Cacao 300G,11000,300g,0.5,0.5,0.099,False,LOW,DUP_SOURCE,https://i0.wp.com/www.taibaoline.com/wp-content/uploads/2024/03/Remove-bg.ai_1709443315919.png?fit=674%2C1200&ssl=1,True,WOULD_REVIEW,,,
6a7b92cd0d97848094f62cb8,قفريط بيلا كس,"50,00",,,18493,Bella Maria Pineapple Slices In Light Syrup 565 G,71000,565g,0.333,0.333,0.091,False,LOW,,https://i0.wp.com/www.taibaoline.com/wp-content/uploads/2024/02/Remove-bg.ai_1708256087795.png?fit=450%2C599&ssl=1,True,WOULD_REVIEW,,,
6a7b92cd0d97848094f62cb9,مادلين بيجو,"100,00",,,33809,Dulcesol Madeleine 8 Unités,10000,,0.5,0.5,0.172,False,LOW,,https://i0.wp.com/www.taibaoline.com/wp-content/uploads/2024/03/Remove-bg.ai_1709843504237.png?fit=675%2C1198&ssl=1,True,WOULD_REVIEW,,,
6a7b92cd0d97848094f62cbc,قاطو برينو,"30,00",,,34596,Brino Biscuit Fourée à La Créme de Cacao 98G,2500,98g,0.5,0.5,0.081,False,LOW,,https://i0.wp.com/www.taibaoline.com/wp-content/uploads/2024/03/Remove-bg.ai_1709762762074.png?fit=675%2C1198&ssl=1,True,WOULD_REVIEW,,,
6a7b92cd0d97848094f62cbd,قاطو شرشال,"25,00",,,34410,Cherchell Biscuit Fourrés à La Créme Gout Chocolat 35G,1500,35g,0.5,0.5,0.072,False,LOW,,https://i0.wp.com/www.taibaoline.com/wp-content/uploads/2024/03/Remove-bg.ai_1709842362900.png?fit=1200%2C674&ssl=1,True,WOULD_REVIEW,,,
6a7b92cd0d97848094f62cbe,ماكسو صغير,"25,00",,,52925,Thella Couches Confort Small 14 Pièces,81000,,0.5,0.5,0.13,False,LOW,,https://i0.wp.com/www.taibaoline.com/wp-content/uploads/2025/09/Remove-bg.ai_1757163348664.webp?fit=1064%2C1280&ssl=1,True,WOULD_REVIEW,,,
6a7b92cd0d97848094f62cbf,قاطو كول متوسط,"50,00",,,8866, Extra Couscous Moyen 1KG,18500,1kg,0.333,0.333,0.198,False,LOW,,https://i0.wp.com/www.taibaoline.com/wp-content/uploads/2024/01/Remove-bg.ai_1706105844091.png?fit=800%2C711&ssl=1,True,WOULD_REVIEW,,,
6a7b92cd0d97848094f62cc0,سويس رول بريك صغير,"30,00",,,34617,Lamina Wafers Roll Filled Créme Gout Berry 120G,9000,120g,0.25,0.25,0.158,False,LOW,,https://i0.wp.com/www.taibaoline.com/wp-content/uploads/2024/03/Remove-bg.ai_1709920471998.png?fit=675%2C1198&ssl=1,True,WOULD_REVIEW,,,
6a7b92cd0d97848094f62cc1,كيك سناوبال,"40,00",,,33847,Bifa Cakes Muffin&#8217;s Fourres à La Confiture De Fraise 10 Muffin&#8217;s,13500,,0.5,0.5,0.084,False,LOW,,https://i0.wp.com/www.taibaoline.com/wp-content/uploads/2024/03/Remove-bg.ai_1709763899895-1.png?fit=675%2C1198&ssl=1,True,WOULD_REVIEW,,,
6a7b92cd0d97848094f62cc2,بسبوسة بيفا,"35,00",,,41440,Bifa Story Chocolat Fourré à La Créme De Pistache &amp; Kunafa 115G,25000,115g,0.5,0.5,0.049,False,LOW,,https://i0.wp.com/www.taibaoline.com/wp-content/uploads/2024/12/Remove-bg.ai_1734622563208.png?fit=964%2C1280&ssl=1,True,WOULD_REVIEW,,,
6a7b92cd0d97848094f62cc3,بسكويت ZOO,"60,00",,,32936,Biscuit Finger 6 Paquets,21000,,0.171,0.0,0.171,False,LOW,COMMON_ONLY,https://i0.wp.com/www.taibaoline.com/wp-content/uploads/2024/03/Remove-bg.ai_1709661452285.png?fit=675%2C1198&ssl=1,True,WOULD_REVIEW,,,
6a7b92cd0d97848094f62cc4,بيمو اشكال صغير,"25,00",,,33882,Double Mix Mini Gaufrettes Cubiques Parfum Vanille Chocolat 170G,12000,170g,0.333,0.333,0.079,False,LOW,,https://i0.wp.com/www.taibaoline.com/wp-content/uploads/2024/03/Remove-bg.ai_1709840602311.png?fit=675%2C1198&ssl=1,True,WOULD_REVIEW,,,
6a7b92cd0d97848094f62cc6,قاطو بيستو,"80,00",,,32388,Festo Sablé à La Créme Au Chocolat 400G,15000,400g,0.5,0.5,0.094,False,LOW,,https://i0.wp.com/www.taibaoline.com/wp-content/uploads/2024/03/Remove-bg.ai_1709445140813.png?fit=675%2C1198&ssl=1,True,WOULD_REVIEW,,,
6a7b92cd0d97848094f62cc7,مون بيسكويت  تيمو,"110,00",,,31220, Moon plast nappe en plastique découpées 100cm*100cm ,12000,,0.333,0.333,0.135,False,LOW,,https://i0.wp.com/www.taibaoline.com/wp-content/uploads/2024/02/Remove-bg.ai_1708899375918.png?fit=675%2C1198&ssl=1,True,WOULD_REVIEW,,,
6a7b92cd0d97848094f62cc8,قاطو ماكس كرام  بيفا,"110,00",,,41440,Bifa Story Chocolat Fourré à La Créme De Pistache &amp; Kunafa 115G,25000,115g,0.25,0.25,0.075,False,LOW,DUP_SOURCE,https://i0.wp.com/www.taibaoline.com/wp-content/uploads/2024/12/Remove-bg.ai_1734622563208.png?fit=964%2C1280&ssl=1,True,WOULD_REVIEW,,,
6a7b92cd0d97848094f62cca,كوكيز بيفا,"100,00",,,40632,Oatmeal Cookies De Flocons D&#8217;Avoine 153 G,16000,153g,0.5,0.5,0.137,False,LOW,,https://i0.wp.com/www.taibaoline.com/wp-content/uploads/2024/10/Remove-bg.ai_1729594603794.png?fit=1280%2C1127&ssl=1,True,WOULD_REVIEW,,,
6a7b92cd0d97848094f62ccb,قاطو فاميلو بيفا,"160,00",,,33199,Bifa Special Digestive Blé Complet 186G ,6000,186g,0.333,0.333,0.088,False,LOW,,https://i0.wp.com/www.taibaoline.com/wp-content/uploads/2024/03/Remove-bg.ai_1709580166334.png?fit=675%2C1198&ssl=1,True,WOULD_REVIEW,,,
6a7b92cd0d97848094f62ccc,بسكويت لوبي لوب,"140,00",,,32465,CocoLop Biscuits à La Guimauve enrobé de Chocolat et de Noix coco 264G,13000,264g,0.5,0.5,0.073,False,LOW,,https://i0.wp.com/www.taibaoline.com/wp-content/uploads/2024/03/Remove-bg.ai_1709442402265.png?fit=673%2C1200&ssl=1,True,WOULD_REVIEW,,,
6a7b92cd0d97848094f62ccd,بسكويت دادي بيفا /بالمارشمالو,"140,00",,,33841,Bifa Cakes Muffin&#8217;s Fourres Full Cacao 10 Muffin&#8217;s,13500,,0.333,0.333,0.129,False,LOW,DUP_SOURCE,https://i0.wp.com/www.taibaoline.com/wp-content/uploads/2024/03/Remove-bg.ai_1709763943134.png?fit=675%2C1198&ssl=1,True,WOULD_REVIEW,,,
6a7b92cd0d97848094f62cce,بسكويت بيمو قاليت,"120,00",,,33211,Bimo Biscuit Dorés Au Lait 80 G,2500,80g,0.5,0.5,0.228,False,LOW,,https://i0.wp.com/www.taibaoline.com/wp-content/uploads/2024/03/Remove-bg.ai_1709580196188.png?fit=675%2C1198&ssl=1,True,WOULD_REVIEW,,,
6a7b92cd0d97848094f62cd0,قوفريط كروستيل,"80,00",,,33233,Le Roi D&#8217;Afrique Gaufrette Fourrée à La Créme Goùt Vanille 3 Ps,10000,,0.5,0.5,0.121,False,LOW,,https://i0.wp.com/www.taibaoline.com/wp-content/uploads/2024/03/Remove-bg.ai_1709579317765.png?fit=675%2C1198&ssl=1,True,WOULD_REVIEW,,,
6a7b92cd0d97848094f62cd1,بسكويت القول 30دج,"30,00",,,32396,Biscwick Biscuits Au Cacao 320G,14000,320g,0.23,0.0,0.23,False,LOW,COMMON_ONLY+DUP_SOURCE,https://i0.wp.com/www.taibaoline.com/wp-content/uploads/2024/03/Remove-bg.ai_1709442190991.png?fit=675%2C1198&ssl=1,True,WOULD_REVIEW,,,
6a7b92cd0d97848094f62cd2,قاطو بينيتو حجم كبير,"60,00",,,30888,Sacs Congélation Premier Choix 3K GM,9000,3kg,0.5,0.5,0.164,False,LOW,DUP_SOURCE,https://i0.wp.com/www.taibaoline.com/wp-content/uploads/2024/02/Remove-bg.ai_1708896232789.png?fit=675%2C1198&ssl=1,True,WOULD_REVIEW,,,
6a7b92cd0d97848094f62cd4,قاطو سبيسيال بيفا,"55,00",,,33199,Bifa Special Digestive Blé Complet 186G ,6000,186g,0.333,0.333,0.088,False,LOW,,https://i0.wp.com/www.taibaoline.com/wp-content/uploads/2024/03/Remove-bg.ai_1709580166334.png?fit=675%2C1198&ssl=1,True,WOULD_REVIEW,,,
6a7b92cd0d97848094f62cd5,قاطو سبيسيال ماجور +,"50,00",,,38931,Mosquito Madjour Mosquito Pepellent Electric ,26000,,0.333,0.333,0.13,False,LOW,,,False,WOULD_REVIEW,,,
6a7b92cd0d97848094f62cd6,قوفريط بروموسيون,"100,00",,,33233,Le Roi D&#8217;Afrique Gaufrette Fourrée à La Créme Goùt Vanille 3 Ps,10000,,0.5,0.5,0.11,False,LOW,,https://i0.wp.com/www.taibaoline.com/wp-content/uploads/2024/03/Remove-bg.ai_1709579317765.png?fit=675%2C1198&ssl=1,True,WOULD_REVIEW,,,
6a7b92cd0d97848094f62cd7,قاطو سيليبريتي /حجم صغير,"60,00",,,30867,Rama Sacs Congélation Ultra-Zip 15 Sacs Petits,15000,,0.5,0.5,0.146,False,LOW,,https://i0.wp.com/www.taibaoline.com/wp-content/uploads/2024/02/Remove-bg.ai_1709065681193.png?fit=1200%2C673&ssl=1,True,WOULD_REVIEW,,,
6a7b92cd0d97848094f62cd8,قوفريط وافر,"30,00",,,34629,Gusti Wafer Cake Enroubé au Cacao et Fourré au Chocolat 48G,4000,48g,0.5,0.5,0.086,False,LOW,,https://i0.wp.com/www.taibaoline.com/wp-content/uploads/2024/03/Remove-bg.ai_1709841662982.png?fit=1200%2C674&ssl=1,True,WOULD_REVIEW,,,
6a7b92cd0d97848094f62cdc,زيت دار ضياف 0.5 لتر,"780,00",,500ml,7944,Sacosa Huile 0.5 L,16500,500ml,0.262,0.0,0.262,True,LOW,COMMON_ONLY,,False,WOULD_REVIEW,,,
6a7b92cd0d97848094f62ce1,قطايف العائلة,"200,00",,,30284,EL Aila Dioul 10 Feuilles,11000,,0.5,0.5,0.188,False,LOW,DUP_SOURCE,https://i0.wp.com/www.taibaoline.com/wp-content/uploads/2024/02/Capture-decran-2026-01-27-154231.png?fit=971%2C1080&ssl=1,False,WOULD_REVIEW,,,
6a7b92cd0d97848094f62ce2,جي فرويتي 30 سل,"40,00",,,17695,La Zeina Eau Aromatisée à La Fleur D&#8217;oranger 75CL,7500,750ml,0.5,0.5,0.105,False,LOW,,https://i0.wp.com/www.taibaoline.com/wp-content/uploads/2024/02/Remove-bg.ai_1707508314251.png?fit=675%2C1198&ssl=1,True,WOULD_REVIEW,,,
6a7b92cd0d97848094f62ce3,ورق فيلو,"260,00",,,9070,Papier Aluminium (5 متر) ورق الالمنيوم,10000,,0.255,0.0,0.255,False,LOW,COMMON_ONLY,https://i0.wp.com/www.taibaoline.com/wp-content/uploads/2024/01/Remove-bg.ai_1706445818693.png?fit=1200%2C535&ssl=1,True,WOULD_REVIEW,,,
6a7b92cd0d97848094f62ce4,ماء غازي افري /1ل,"60,00",,1L,36830, Eau De Javel AMIR 1L,8500,1L,0.253,0.25,0.253,True,LOW,,https://i0.wp.com/www.taibaoline.com/wp-content/uploads/2024/03/item520881741.png?fit=600%2C600&ssl=1,False,WOULD_REVIEW,,,
6a7b92cd0d97848094f62ce5,غلاف شفاف  وفاء 10متر,"100,00",,,9208,Papito Film Transparent  بابيتو غلاف شفاف,43000,,0.5,0.5,0.323,False,LOW,DUP_SOURCE,https://i0.wp.com/www.taibaoline.com/wp-content/uploads/2024/01/Remove-bg.ai_1706697414212.png?fit=1200%2C523&ssl=1,True,WOULD_REVIEW,,,
6a7b92cd0d97848094f62ce6,ورق المنيوم كوتكس 5 متر,"100,00",,,27694,Metalor longue durée pour nickel-aluminium-chrome-cuivre 250ml,43000,250ml,0.5,0.5,0.116,False,LOW,DUP_SOURCE,https://i0.wp.com/www.taibaoline.com/wp-content/uploads/2024/02/Remove-bg.ai_1708292085615.png?fit=675%2C1198&ssl=1,True,WOULD_REVIEW,,,
6a7b92cd0d97848094f62cea,كوش بمبيز حجم صغير 2,"260,00",,,30867,Rama Sacs Congélation Ultra-Zip 15 Sacs Petits,15000,,0.5,0.5,0.161,False,LOW,,https://i0.wp.com/www.taibaoline.com/wp-content/uploads/2024/02/Remove-bg.ai_1709065681193.png?fit=1200%2C673&ssl=1,True,WOULD_REVIEW,,,
6a7b92cd0d97848094f62cea,كوش بمبيز حجم صغير 3,"260,00",,,30867,Rama Sacs Congélation Ultra-Zip 15 Sacs Petits,15000,,0.5,0.5,0.161,False,LOW,,https://i0.wp.com/www.taibaoline.com/wp-content/uploads/2024/02/Remove-bg.ai_1709065681193.png?fit=1200%2C673&ssl=1,True,WOULD_REVIEW,,,
6a7b92cd0d97848094f62ce9,كوش بميز حجم صغير 5,"260,00",,,30867,Rama Sacs Congélation Ultra-Zip 15 Sacs Petits,15000,,0.5,0.5,0.162,False,LOW,,https://i0.wp.com/www.taibaoline.com/wp-content/uploads/2024/02/Remove-bg.ai_1709065681193.png?fit=1200%2C673&ssl=1,True,WOULD_REVIEW,,,
6a7b92cd0d97848094f62cea,كوش بمبيز حجم صغير 6,"330,00",,,30867,Rama Sacs Congélation Ultra-Zip 15 Sacs Petits,15000,,0.5,0.5,0.161,False,LOW,,https://i0.wp.com/www.taibaoline.com/wp-content/uploads/2024/02/Remove-bg.ai_1709065681193.png?fit=1200%2C673&ssl=1,True,WOULD_REVIEW,,,
6a7b92cd0d97848094f62ceb,ورق الالمنيوم الفرن,"200,00",,,27792,Stic decap four 750ml,17000,750ml,0.5,0.5,0.182,False,LOW,DUP_SOURCE,https://i0.wp.com/www.taibaoline.com/wp-content/uploads/2024/02/Remove-bg.ai_1708434787033.png?fit=675%2C1198&ssl=1,True,WOULD_REVIEW,,,
6a7b92cd0d97848094f62cef,كوش كومبيي حجم صغير 5,"250,00",,,30867,Rama Sacs Congélation Ultra-Zip 15 Sacs Petits,15000,,0.5,0.5,0.183,False,LOW,,https://i0.wp.com/www.taibaoline.com/wp-content/uploads/2024/02/Remove-bg.ai_1709065681193.png?fit=1200%2C673&ssl=1,True,WOULD_REVIEW,,,
6a7b92cd0d97848094f62cf4,كونبيبي حجم صغير رقم 4,"250,00",,,30867,Rama Sacs Congélation Ultra-Zip 15 Sacs Petits,15000,,0.5,0.5,0.148,False,LOW,,https://i0.wp.com/www.taibaoline.com/wp-content/uploads/2024/02/Remove-bg.ai_1709065681193.png?fit=1200%2C673&ssl=1,True,WOULD_REVIEW,,,
6a7b92cd0d97848094f62cf4,كونبيبي حجم صغير رقم 3,"250,00",,,30867,Rama Sacs Congélation Ultra-Zip 15 Sacs Petits,15000,,0.5,0.5,0.148,False,LOW,,https://i0.wp.com/www.taibaoline.com/wp-content/uploads/2024/02/Remove-bg.ai_1709065681193.png?fit=1200%2C673&ssl=1,True,WOULD_REVIEW,,,
6a7b92cd0d97848094f62cf4,كونبيبي حجم صغير رقم 2,"250,00",,,30867,Rama Sacs Congélation Ultra-Zip 15 Sacs Petits,15000,,0.5,0.5,0.148,False,LOW,,https://i0.wp.com/www.taibaoline.com/wp-content/uploads/2024/02/Remove-bg.ai_1709065681193.png?fit=1200%2C673&ssl=1,True,WOULD_REVIEW,,,
6a7b92cd0d97848094f62cf4,كونبيبي حجم صغير رقم 1,"250,00",,,30867,Rama Sacs Congélation Ultra-Zip 15 Sacs Petits,15000,,0.5,0.5,0.148,False,LOW,,https://i0.wp.com/www.taibaoline.com/wp-content/uploads/2024/02/Remove-bg.ai_1709065681193.png?fit=1200%2C673&ssl=1,True,WOULD_REVIEW,,,
6a7b92cd0d97848094f62cf4,كونبيبي حجم صغير رقم 6,"330,00",,,30867,Rama Sacs Congélation Ultra-Zip 15 Sacs Petits,15000,,0.5,0.5,0.148,False,LOW,,https://i0.wp.com/www.taibaoline.com/wp-content/uploads/2024/02/Remove-bg.ai_1709065681193.png?fit=1200%2C673&ssl=1,True,WOULD_REVIEW,,,
6a7b92cd0d97848094f62cf5,كوش هابي دراي حجم صغير رقم6,"290,00",,,7300,Happy Dry N1 2-5 KG (25 Pièces),41000,5kg,0.333,0.333,0.222,False,LOW,,https://i0.wp.com/www.taibaoline.com/wp-content/uploads/2023/12/Remove-bg.ai_1703948828570.png?fit=345%2C312&ssl=1,True,WOULD_REVIEW,,,
6a7b92cd0d97848094f62cf6,كوش هابي دراي حجم صغير رقم4,"240,00",,,7300,Happy Dry N1 2-5 KG (25 Pièces),41000,5kg,0.333,0.333,0.222,False,LOW,,https://i0.wp.com/www.taibaoline.com/wp-content/uploads/2023/12/Remove-bg.ai_1703948828570.png?fit=345%2C312&ssl=1,True,WOULD_REVIEW,,,
6a7b92cd0d97848094f62cf7,كوش هابي دراي حجم صغير رقم5,"240,00",,,7300,Happy Dry N1 2-5 KG (25 Pièces),41000,5kg,0.333,0.333,0.222,False,LOW,,https://i0.wp.com/www.taibaoline.com/wp-content/uploads/2023/12/Remove-bg.ai_1703948828570.png?fit=345%2C312&ssl=1,True,WOULD_REVIEW,,,
6a7b92cd0d97848094f62cf8,لانجات وفاء مغطى 80 قطعة,"160,00",,,26984,Wafa Servittes de table 80 Servitte,9000,,0.5,0.5,0.177,False,LOW,DUP_SOURCE,https://i0.wp.com/www.taibaoline.com/wp-content/uploads/2024/02/Remove-bg.ai_1708196426766.png?fit=675%2C1198&ssl=1,True,WOULD_REVIEW,,,
6a7b92cd0d97848094f62cfb,لانجات بيمبيز صفراء 60قطعة,"180,00",,,39483,Bimbies Confort N4 7-18 KG 9 Couches,25000,18kg,0.25,0.25,0.179,False,LOW,DUP_SOURCE,https://i0.wp.com/www.taibaoline.com/wp-content/uploads/2024/07/Remove-bg.ai_1720016486442.png?fit=1280%2C719&ssl=1,True,WOULD_REVIEW,,,
6a7b92cd0d97848094f62cfc,لانجات بيبي ماكس 72قطعة,"100,00",,,7169,BB Cool N6 +16 KG (8 Pièces),25000,16kg,0.25,0.25,0.138,False,LOW,,https://i0.wp.com/www.taibaoline.com/wp-content/uploads/2023/12/6.png?fit=583%2C399&ssl=1,False,WOULD_REVIEW,,,
6a7b92cd0d97848094f62cfd,لانجات 120 قطعة,"180,00",,,62563,Ràpé Au Goùt Cheddar 120 G,12000,120g,0.5,0.5,0.124,False,LOW,,https://i0.wp.com/www.taibaoline.com/wp-content/uploads/2026/03/SnapBG.ai_1774691686331.png?fit=572%2C1280&ssl=1,True,WOULD_REVIEW,,,
6a7b92cd0d97848094f62cfe,تيب مشروبات,"80,00",,,35898,Tip Top Fromage 24 pièces,38500,,0.5,0.5,0.14,False,LOW,DUP_SOURCE,https://i0.wp.com/www.taibaoline.com/wp-content/uploads/2024/03/Remove-bg.ai_1710760324712.png?fit=1200%2C674&ssl=1,True,WOULD_REVIEW,,,
6a7b92cd0d97848094f62d00,منظف زجاج بريلكس ابيض,"180,00",,,27854,Brilex Polish Dépoussiérant 430 ML,23000,430ml,0.333,0.333,0.157,False,LOW,,https://i0.wp.com/www.taibaoline.com/wp-content/uploads/2024/02/IMG20251127094335-1.webp?fit=607%2C1080&ssl=1,False,WOULD_REVIEW,,,
6a7b92cd0d97848094f62d01,منظف زجاج توب,"130,00",,,27560,For Top Liquide Vaisselle Citron 710 ML,11000,710ml,0.5,0.5,0.073,False,LOW,DUP_SOURCE,https://i0.wp.com/www.taibaoline.com/wp-content/uploads/2024/02/Remove-bg.ai_1708292500885.png?fit=675%2C1198&ssl=1,True,WOULD_REVIEW,,,
6a7b92cd0d97848094f62d02,مزيل غبار بريلكس,"220,00",,,27738,Brilex Degraissant Professionnel 950 ML,29500,950ml,0.5,0.5,0.129,False,LOW,DUP_SOURCE,https://i0.wp.com/www.taibaoline.com/wp-content/uploads/2024/02/Remove-bg.ai_1751021912827.png?fit=844%2C844&ssl=1,True,WOULD_REVIEW,,,
6a7b92cd0d97848094f62d03,مزيل غبار فاصاح,"130,00",,,30536,Fassah sel pour machine à vaisselle 1kg,23000,1kg,0.5,0.5,0.11,False,LOW,,https://i0.wp.com/www.taibaoline.com/wp-content/uploads/2024/02/Remove-bg.ai_1708895404721.png?fit=675%2C1198&ssl=1,True,WOULD_REVIEW,,,
6a7b92cd0d97848094f62ecb,سائل اواني اقل 650مل,"190,00",,650ml,27590,Aigle Liquide Vaisselle Citron 650 ML,15500,650ml,0.333,0.333,0.279,True,LOW,,https://i0.wp.com/www.taibaoline.com/wp-content/uploads/2024/02/Remove-bg.ai_1708292853426.png?fit=675%2C1198&ssl=1,True,WOULD_REVIEW,,,
6a7b92cd0d97848094f62d05,سائل اواني بينقو 650مل,"200,00",,650ml,27590,Aigle Liquide Vaisselle Citron 650 ML,15500,650ml,0.29,0.0,0.29,True,LOW,COMMON_ONLY+DUP_SOURCE,https://i0.wp.com/www.taibaoline.com/wp-content/uploads/2024/02/Remove-bg.ai_1708292853426.png?fit=675%2C1198&ssl=1,True,WOULD_REVIEW,,,
6a7b92cd0d97848094f62d0c,ملمع ومنظف المنيوم لويال,"300,00",,,29525,Lubrox Spécial Tableaux De Bord,11000,,0.25,0.25,0.177,False,LOW,,https://i0.wp.com/www.taibaoline.com/wp-content/uploads/2024/02/Remove-bg.ai_1708468288197.png?fit=675%2C1198&ssl=1,True,WOULD_REVIEW,,,
6a7b92cd0d97848094f62d0e,جافيل براف 900مل,"100,00",,900ml,36705,Aigle Eau De Javel 900 ML,10000,900ml,0.333,0.333,0.232,True,LOW,,https://i0.wp.com/www.taibaoline.com/wp-content/uploads/2024/03/Remove-bg.ai_1711150583046.png?fit=1200%2C1200&ssl=1,True,WOULD_REVIEW,,,
6a7b92cd0d97848094f62d0f,جافيل ايقل 900مل,"100,00",,900ml,36705,Aigle Eau De Javel 900 ML,10000,900ml,0.333,0.333,0.232,True,LOW,,https://i0.wp.com/www.taibaoline.com/wp-content/uploads/2024/03/Remove-bg.ai_1711150583046.png?fit=1200%2C1200&ssl=1,True,WOULD_REVIEW,,,
6a7b92cd0d97848094f62d27,جافيل تست,"80,00",,,36704,Atack plus &#8211; javel Moussant 2L,23000,2L,0.5,0.5,0.136,False,LOW,DUP_SOURCE,https://i0.wp.com/www.taibaoline.com/wp-content/uploads/2024/03/Remove-bg.ai_1711148228566.png?fit=1200%2C1200&ssl=1,True,WOULD_REVIEW,,,
6a7b92cd0d97848094f62d11,صابون طرف بدون صاشي,"100,00",,,61651,صابون الحجرة ,9500,,0.553,0.0,0.553,False,LOW,COMMON_ONLY,https://i0.wp.com/www.taibaoline.com/wp-content/uploads/2026/02/images.jpg?fit=299%2C168&ssl=1,False,WOULD_REVIEW,,,
6a7b92cd0d97848094f62d12,طرف صاشي  عادي,"80,00",,,31208,Philips ampoule stantard 75w ,8500,,0.333,0.333,0.18,False,LOW,,https://i0.wp.com/www.taibaoline.com/wp-content/uploads/2024/02/Remove-bg.ai_1708898599249.png?fit=675%2C1198&ssl=1,True,WOULD_REVIEW,,,
6a7b92cd0d97848094f62d13,جافيل ليسر كليسن 2ل,"150,00",,2L,36704,Atack plus &#8211; javel Moussant 2L,23000,2L,0.25,0.25,0.159,True,LOW,DUP_SOURCE,https://i0.wp.com/www.taibaoline.com/wp-content/uploads/2024/03/Remove-bg.ai_1711148228566.png?fit=1200%2C1200&ssl=1,True,WOULD_REVIEW,,,
6a7b92cd0d97848094f62d15,بيدون صابون ملابس توبيكس5 لتر,"360,00",,5L,57452,Test Eau De Javel 5 L,30000,5L,0.229,0.0,0.229,True,LOW,COMMON_ONLY+DUP_SOURCE,https://i0.wp.com/www.taibaoline.com/wp-content/uploads/2025/11/IMG20251118155442.webp?fit=607%2C1080&ssl=1,False,WOULD_REVIEW,,,
6a7b92cd0d97848094f62d1b,سائل اواني بريل 1.25ل,"330,00",,1.25L,27565,"life Liquide Vaisselle Citron 1,25 L",28000,1.25L,0.222,0.0,0.222,True,LOW,COMMON_ONLY+DUP_SOURCE,https://i0.wp.com/www.taibaoline.com/wp-content/uploads/2024/02/Remove-bg.ai_1708291167925.png?fit=675%2C1198&ssl=1,True,WOULD_REVIEW,,,
6a7b92cd0d97848094f62d1d,سائل اواني لايف 1.25ل,"260,00",,1.25L,27565,"life Liquide Vaisselle Citron 1,25 L",28000,1.25L,0.333,0.333,0.267,True,LOW,,https://i0.wp.com/www.taibaoline.com/wp-content/uploads/2024/02/Remove-bg.ai_1708291167925.png?fit=675%2C1198&ssl=1,True,WOULD_REVIEW,,,
6a7b92cd0d97848094f62d1e,سائل اواني توبسيل 1.25ل,"220,00",,1.25L,27594,Nedex Liquide Vaisselle Citron 750 ML,25000,"750ml,1.22L",0.206,0.0,0.206,True,LOW,COMMON_ONLY,https://i0.wp.com/www.taibaoline.com/wp-content/uploads/2024/02/Remove-bg.ai_1708291836705.png?fit=675%2C1198&ssl=1,True,WOULD_REVIEW,,,
6a7b92cd0d97848094f62d1a,سائل اواني بريلكس 1.25ل,"220,00",,1.25L,58023,"Brilex Adoucissant Linge 1,2 L",28000,1.2L,0.333,0.333,0.211,True,LOW,DUP_SOURCE,https://i0.wp.com/www.taibaoline.com/wp-content/uploads/2025/11/IMG20251127093826-1.webp?fit=1080%2C607&ssl=1,False,WOULD_REVIEW,,,
6a7b92cd0d97848094f62d1b,سائل اواني بريل 650مل,"200,00",,650ml,27548,Pril ISIS Liquide Vaisselle 650 ML,20000,650ml,0.333,0.333,0.256,True,LOW,,https://i0.wp.com/www.taibaoline.com/wp-content/uploads/2024/02/IMG20251118104319-2.webp?fit=607%2C1080&ssl=1,False,WOULD_REVIEW,,,
6a7b92cd0d97848094f62d1c,سائل اواني تست 650مل,"175,00",,650ml,27590,Aigle Liquide Vaisselle Citron 650 ML,15500,650ml,0.264,0.0,0.264,True,LOW,COMMON_ONLY+DUP_SOURCE,https://i0.wp.com/www.taibaoline.com/wp-content/uploads/2024/02/Remove-bg.ai_1708292853426.png?fit=675%2C1198&ssl=1,True,WOULD_REVIEW,,,
6a7b92cd0d97848094f62d1d,سائل اواني لايف 650مل,"180,00",,650ml,27570,life Liquide Vaisselle Citron 650 ML,15000,650ml,0.333,0.333,0.281,True,LOW,,https://i0.wp.com/www.taibaoline.com/wp-content/uploads/2024/02/Remove-bg.ai_1708291658485.png?fit=675%2C1198&ssl=1,True,WOULD_REVIEW,,,
6a7b92cd0d97848094f62d1e,سائل اواني توبسيل 650مل,"180,00",,650ml,27590,Aigle Liquide Vaisselle Citron 650 ML,15500,650ml,0.273,0.0,0.273,True,LOW,COMMON_ONLY+DUP_SOURCE,https://i0.wp.com/www.taibaoline.com/wp-content/uploads/2024/02/Remove-bg.ai_1708292853426.png?fit=675%2C1198&ssl=1,True,WOULD_REVIEW,,,
6a7b92cd0d97848094f62d1f,صانيبو كلور وكسبور 1ل,"150,00",,1L,36890, Sanibon Brilex Rose 1L,12000,1L,0.257,0.25,0.257,True,LOW,,https://i0.wp.com/www.taibaoline.com/wp-content/uploads/2024/03/SnapBG.ai_1772273304932.png?fit=1000%2C1000&ssl=1,True,WOULD_REVIEW,,,
6a7b92cd0d97848094f62d22,صانيبو توب 1ل,"110,00",,1L,36711,Lave Sol AMIR Pins 1L,18500,1L,0.333,0.333,0.088,True,LOW,,https://i0.wp.com/www.taibaoline.com/wp-content/uploads/2024/03/amir-clean-lave-sol-eucalyptus-563-x-563.png?fit=563%2C563&ssl=1,False,WOULD_REVIEW,,,
6a7b92cd0d97848094f62d25,صابون بينقو 750غ,"260,00",,750g,33463,ISIS Pouder Main Savon Marseille Multi-Usages 750 G,22500,750g,0.122,0.0,0.122,True,LOW,COMMON_ONLY+DUP_SOURCE,https://i0.wp.com/www.taibaoline.com/wp-content/uploads/2024/03/Remove-bg.ai_1751286872539.png?fit=960%2C1275&ssl=1,True,WOULD_REVIEW,,,
6a7b92cd0d97848094f62d29,مايونيز نابوليتاني 900غ,"240,00",,900g,17241,Medina Smen 100% Vegetal 900G,43000,900g,0.333,0.333,0.232,True,LOW,,https://i0.wp.com/www.taibaoline.com/wp-content/uploads/2024/02/Remove-bg.ai_1707428912398.png?fit=675%2C1198&ssl=1,True,WOULD_REVIEW,,,
6a7b92cd0d97848094f62d2a,مايونيز ستار  بلاستيك,"280,00",,,30334,Star bross pince à linge 20pcs,12000,,0.333,0.333,0.171,False,LOW,,https://i0.wp.com/www.taibaoline.com/wp-content/uploads/2024/02/Remove-bg.ai_1708894347461.png?fit=1200%2C674&ssl=1,True,WOULD_REVIEW,,,
6a7b92cd0d97848094f62d2d,مايونيز موندور 400غ,"280,00",,400g,18689,Assil pois chiche moulu 400g,18000,400g,0.333,0.333,0.182,True,LOW,,https://i0.wp.com/www.taibaoline.com/wp-content/uploads/2024/02/Remove-bg.ai_1707629666749.png?fit=675%2C1198&ssl=1,True,WOULD_REVIEW,,,
6a7b92cd0d97848094f62d2e,حمص بنارة 360غ,"150,00",,360g,18550,Thika Cornichons Au Vinaigre 360G,25000,360g,0.333,0.333,0.151,True,LOW,,https://i0.wp.com/www.taibaoline.com/wp-content/uploads/2024/02/Remove-bg.ai_1707626393445.png?fit=675%2C1198&ssl=1,True,WOULD_REVIEW,,,
6a7b92cd0d97848094f62d2f,حمص بنارة صغيرة,"120,00",,,34310,1kg حمص   _  Assil Pois Chiche,43000,1kg,0.333,0.333,0.159,False,LOW,,https://i0.wp.com/www.taibaoline.com/wp-content/uploads/2024/03/Remove-bg.ai_1709926100034.png?fit=1200%2C1200&ssl=1,True,WOULD_REVIEW,,,
6a7b92cd0d97848094f62d31,كوفيتر عمر بن عمر 800غ,"330,00",,800g,37684,Cab Tomate Double Concentrée 28% (800G),32000,800g,0.25,0.25,0.151,True,LOW,,https://i0.wp.com/www.taibaoline.com/wp-content/uploads/2024/04/Remove-bg.ai_1712498875759.png?fit=1280%2C719&ssl=1,True,WOULD_REVIEW,,,
6a7b92cd0d97848094f62d31,كوفيتر عمر بن عمر 400غ,"170,00",,400g,37746,Viter Champignons Tranchés 400 G,29000,400g,0.25,0.25,0.125,True,LOW,,https://i0.wp.com/www.taibaoline.com/wp-content/uploads/2024/04/Remove-bg.ai_1713107602286.png?fit=1280%2C719&ssl=1,True,WOULD_REVIEW,,,
6a7b92cd0d97848094f62d35,مرغرين لابل 500غ,"185,00",,500g,37928,SOS Parboiled Long Grain 500 G,12500,500g,0.333,0.333,0.18,True,LOW,DUP_SOURCE,https://i0.wp.com/www.taibaoline.com/wp-content/uploads/2024/04/Remove-bg.ai_1713775800447.png?fit=1280%2C719&ssl=1,True,WOULD_REVIEW,,,
6a7b92cd0d97848094f62d39,مرغرين ديما 500غ,"185,00",,500g,37928,SOS Parboiled Long Grain 500 G,12500,500g,0.333,0.333,0.16,True,LOW,DUP_SOURCE,https://i0.wp.com/www.taibaoline.com/wp-content/uploads/2024/04/Remove-bg.ai_1713775800447.png?fit=1280%2C719&ssl=1,True,WOULD_REVIEW,,,
6a7b92cd0d97848094f62d40,ماء ورد 33سل,"80,00",,,36705,Aigle Eau De Javel 900 ML,10000,900ml,0.333,0.333,0.111,False,LOW,DUP_SOURCE,https://i0.wp.com/www.taibaoline.com/wp-content/uploads/2024/03/Remove-bg.ai_1711150583046.png?fit=1200%2C1200&ssl=1,True,WOULD_REVIEW,,,
6a7b92cd0d97848094f62d41,خل ابيض,"110,00",,,27061,Lilas Extra Blanc Jumbo 1 Gros Rouleau,38500,,0.5,0.5,0.098,False,LOW,DUP_SOURCE,https://i0.wp.com/www.taibaoline.com/wp-content/uploads/2024/02/Remove-bg.ai_1708196262273.png?fit=675%2C1198&ssl=1,True,WOULD_REVIEW,,,
6a7b92cd0d97848094f62d42,خل احمر سيدنا,"90,00",,,34831,الساحل &#8211; فلفل حلو 30 غ,5000,30g,0.333,0.333,0.156,False,LOW,,https://i0.wp.com/www.taibaoline.com/wp-content/uploads/2024/03/Remove-bg.ai_1710012415171-e1710022467346.png?fit=899%2C1200&ssl=1,True,WOULD_REVIEW,,,
6a7b92cd0d97848094f62d43,ماء زهرة زاهية,"60,00",,,36705,Aigle Eau De Javel 900 ML,10000,900ml,0.333,0.333,0.087,False,LOW,DUP_SOURCE,https://i0.wp.com/www.taibaoline.com/wp-content/uploads/2024/03/Remove-bg.ai_1711150583046.png?fit=1200%2C1200&ssl=1,True,WOULD_REVIEW,,,
6a7b92cd0d97848094f62d48,كونفوتير سيكام 400غ,"140,00",,400g,18689,Assil pois chiche moulu 400g,18000,400g,0.333,0.333,0.182,True,LOW,,https://i0.wp.com/www.taibaoline.com/wp-content/uploads/2024/02/Remove-bg.ai_1707629666749.png?fit=675%2C1198&ssl=1,True,WOULD_REVIEW,,,
6a7b92cd0d97848094f62d49,كونفيتير سيكام 800غ,"260,00",,800g,8083,Réginat Mix Pain 800 G,35000,800g,0.333,0.333,0.217,True,LOW,,https://i0.wp.com/www.taibaoline.com/wp-content/uploads/2024/01/Remove-bg.ai_1751814469959.png?fit=773%2C522&ssl=1,True,WOULD_REVIEW,,,
6a7b92cd0d97848094f62d4a,كونفيتير سيم 800غ,"260,00",,800g,8083,Réginat Mix Pain 800 G,35000,800g,0.333,0.333,0.156,True,LOW,,https://i0.wp.com/www.taibaoline.com/wp-content/uploads/2024/01/Remove-bg.ai_1751814469959.png?fit=773%2C522&ssl=1,True,WOULD_REVIEW,,,
6a7b92cd0d97848094f62d4b,كونفيتير سيكام فراولة 400غ,"160,00",,400g,17335,Sicam Confiture De Fraise 400 G,17000,400g,0.303,0.25,0.303,True,LOW,,https://i0.wp.com/www.taibaoline.com/wp-content/uploads/2024/02/Remove-bg.ai_1707431866696.png?fit=675%2C1198&ssl=1,True,WOULD_REVIEW,,,
6a7b92cd0d97848094f62d4c,كونفيتير ازدهار 450غ,"160,00",,450g,17390,Sabri Confiture D’Abricot 450 G,18500,450g,0.333,0.333,0.164,True,LOW,,https://i0.wp.com/www.taibaoline.com/wp-content/uploads/2024/02/Remove-bg.ai_1749979108827.png?fit=964%2C1280&ssl=1,True,WOULD_REVIEW,,,
6a7b92cd0d97848094f62d4d,كونفيتير عمور 400غ,"160,00",,400g,18689,Assil pois chiche moulu 400g,18000,400g,0.333,0.333,0.143,True,LOW,,https://i0.wp.com/www.taibaoline.com/wp-content/uploads/2024/02/Remove-bg.ai_1707629666749.png?fit=675%2C1198&ssl=1,True,WOULD_REVIEW,,,
6a7b92cd0d97848094f62d4e,كونفيتير لاتينا 400غ,"130,00",,400g,18689,Assil pois chiche moulu 400g,18000,400g,0.333,0.333,0.14,True,LOW,,https://i0.wp.com/www.taibaoline.com/wp-content/uploads/2024/02/Remove-bg.ai_1707629666749.png?fit=675%2C1198&ssl=1,True,WOULD_REVIEW,,,
6a7b92cd0d97848094f62d4f,فطر مقطع موندور 800غ,"320,00",,800g,37684,Cab Tomate Double Concentrée 28% (800G),32000,800g,0.25,0.25,0.153,True,LOW,,https://i0.wp.com/www.taibaoline.com/wp-content/uploads/2024/04/Remove-bg.ai_1712498875759.png?fit=1280%2C719&ssl=1,True,WOULD_REVIEW,,,
6a7b92cd0d97848094f62d50,شوابس بلاستيك 33سل,"65,00",,,30825,Glora Cuillere à Café Plastique 50 Unités,7000,,0.333,0.333,0.159,False,LOW,,https://i0.wp.com/www.taibaoline.com/wp-content/uploads/2024/02/Remove-bg.ai_1708896416261.png?fit=675%2C1198&ssl=1,True,WOULD_REVIEW,,,
6a7b92cd0d97848094f62d51,رامي جي كانيطة 24سل,"60,00",,,35943,Jus Ramy Fraise Pomme Banane 1.25 L,13500,1.25L,0.333,0.333,0.131,False,LOW,,https://i0.wp.com/www.taibaoline.com/wp-content/uploads/2024/03/Remove-bg.ai_1710672169248.png?fit=1200%2C1200&ssl=1,True,WOULD_REVIEW,,,
6a7b92cd0d97848094f62d52,رامي عسل 24سل,"70,00",,,40733,Santa Clara Miel 950 G,59000,950g,0.333,0.333,0.167,False,LOW,,https://i0.wp.com/www.taibaoline.com/wp-content/uploads/2024/10/Remove-bg.ai_1730281049192.png?fit=1134%2C911&ssl=1,True,WOULD_REVIEW,,,
6a7b92cd0d97848094f62d54,كوكاكولا حجم صغير 33سل,"60,00",,,30867,Rama Sacs Congélation Ultra-Zip 15 Sacs Petits,15000,,0.5,0.5,0.159,False,LOW,,https://i0.wp.com/www.taibaoline.com/wp-content/uploads/2024/02/Remove-bg.ai_1709065681193.png?fit=1200%2C673&ssl=1,True,WOULD_REVIEW,,,
6a7b92cd0d97848094f62d55,ماء مسعد حجم صغير 33سل,"25,00",,,30867,Rama Sacs Congélation Ultra-Zip 15 Sacs Petits,15000,,0.4,0.4,0.171,False,LOW,DUP_SOURCE,https://i0.wp.com/www.taibaoline.com/wp-content/uploads/2024/02/Remove-bg.ai_1709065681193.png?fit=1200%2C673&ssl=1,True,WOULD_REVIEW,,,
6a7b92cd0d97848094f62d58,سليم ليم كانيطة 24سل,"60,00",,,31339,Eau Gazeuse Slim Litchi _ 1L,9000,1L,0.25,0.25,0.125,False,LOW,DUP_SOURCE,https://i0.wp.com/www.taibaoline.com/wp-content/uploads/2024/02/Removal-509.png?fit=800%2C800&ssl=1,False,WOULD_REVIEW,,,
6a7b92cd0d97848094f62d5a,ايزم بلاستيك 33سل,"70,00",,,30825,Glora Cuillere à Café Plastique 50 Unités,7000,,0.333,0.333,0.161,False,LOW,,https://i0.wp.com/www.taibaoline.com/wp-content/uploads/2024/02/Remove-bg.ai_1708896416261.png?fit=675%2C1198&ssl=1,True,WOULD_REVIEW,,,
6a7b92cd0d97848094f62d5b,تيانتي بلاستيك 33سل,"70,00",,,30825,Glora Cuillere à Café Plastique 50 Unités,7000,,0.333,0.333,0.144,False,LOW,,https://i0.wp.com/www.taibaoline.com/wp-content/uploads/2024/02/Remove-bg.ai_1708896416261.png?fit=675%2C1198&ssl=1,True,WOULD_REVIEW,,,
6a7b92cd0d97848094f62d5c,رامي ميلكي بلاستيك 33سل,"55,00",,,36094,Jus Ramy Milky Grenadine 1L,12000,1L,0.5,0.5,0.252,False,LOW,DUP_SOURCE,https://i0.wp.com/www.taibaoline.com/wp-content/uploads/2024/03/20240316_161809-removebg-preview-1.png?fit=500%2C500&ssl=1,True,WOULD_REVIEW,,,
6a7b92cd0d97848094f62d5d,مرغرين بونجور 200غ,"75,00",,200g,32854,Krikalo Croustillant Fourrées à La Créme De Chocolat 200G,21000,200g,0.333,0.333,0.112,True,LOW,DUP_SOURCE,https://i0.wp.com/www.taibaoline.com/wp-content/uploads/2024/03/Remove-bg.ai_1709580883344.png?fit=675%2C1198&ssl=1,True,WOULD_REVIEW,,,
6a7b92cd0d97848094f62d60,مرغرين التوريق صالحة 500غ,"190,00",,500g,37852,Saf-Instant 500 G,41000,500g,0.293,0.25,0.293,True,LOW,,https://i0.wp.com/www.taibaoline.com/wp-content/uploads/2024/04/Remove-bg.ai_1750177317219.png?fit=500%2C625&ssl=1,True,WOULD_REVIEW,,,
6a7b92cd0d97848094f62d62,حميس بنارة 180غ,"100,00",,180g,35768,  Président Camembert Le Brie 180G,37000,180g,0.333,0.333,0.156,True,LOW,,https://i0.wp.com/www.taibaoline.com/wp-content/uploads/2024/03/Remove-bg.ai_1710578530663.png?fit=1200%2C674&ssl=1,True,WOULD_REVIEW,,,
6a7b92cd0d97848094f62d63,حميس صاشي 100غ,"60,00",,100g,47317,Dorex Beauty Soap With Natural Oils Rose &amp; Jasmin 100G,8000,100g,0.333,0.333,0.11,True,LOW,,https://i0.wp.com/www.taibaoline.com/wp-content/uploads/2025/07/Remove-bg.ai_1752598821269.png?fit=1280%2C1280&ssl=1,True,WOULD_REVIEW,,,
6a7b92cd0d97848094f62d65,حميس زيتون صاشي 400غ,"250,00",,400g,27784,Action poudre a recurer fraise 400g,7000,400g,0.25,0.25,0.155,True,LOW,DUP_SOURCE,https://i0.wp.com/www.taibaoline.com/wp-content/uploads/2024/02/Remove-bg.ai_1708290466711.png?fit=675%2C1198&ssl=1,True,WOULD_REVIEW,,,
6a7b92cd0d97848094f62d69,عصير رامي كرطونة 1ل,"120,00",,1L,27879,Doriflor nettoyant meuble 1l,20000,1L,0.333,0.333,0.135,True,LOW,,https://i0.wp.com/www.taibaoline.com/wp-content/uploads/2024/02/Remove-bg.ai_1708289655024.png?fit=675%2C1198&ssl=1,True,WOULD_REVIEW,https://api.delivap.com/uploads/1786563641669-48836bce-4d93-46e4-b232-622053060464.webp,,
6a7b92cd0d97848094f62d6a,رامي ميلكي كرطونة 20سل,"40,00",,,36094,Jus Ramy Milky Grenadine 1L,12000,1L,0.5,0.5,0.275,False,LOW,DUP_SOURCE,https://i0.wp.com/www.taibaoline.com/wp-content/uploads/2024/03/20240316_161809-removebg-preview-1.png?fit=500%2C500&ssl=1,True,WOULD_REVIEW,,,
6a7b92cd0d97848094f62d6c,كانديا شوكو 20سل,"60,00",,,36005,MOMENT Chocolat Caramel Crème 90 g,20000,90g,0.333,0.333,0.125,False,LOW,,https://i0.wp.com/www.taibaoline.com/wp-content/uploads/2024/03/Remove-bg.ai_1710535267639.png?fit=1080%2C809&ssl=1,True,WOULD_REVIEW,,,
6a7b92cd0d97848094f62d6f,افروي ميلكي 33سل,"70,00",,,35421,Jus Ifruit Orange Ananas 1L,12000,1L,0.333,0.333,0.185,False,LOW,,https://i0.wp.com/www.taibaoline.com/wp-content/uploads/2024/03/Remove-bg.ai_1710280651855.png?fit=800%2C1064&ssl=1,True,WOULD_REVIEW,,,
6a7b92cd0d97848094f62d70,ماء غازي بن هارون 33سل,"35,00",,,8624,Amor Benamor Penne  (500g)  عمر بن عمر بيني,9000,500g,0.246,0.2,0.246,False,LOW,,https://i0.wp.com/www.taibaoline.com/wp-content/uploads/2024/01/Penne-Benamor-500g.jpg?fit=600%2C600&ssl=1,False,WOULD_REVIEW,,,
6a7b92cd0d97848094f62d71,جي توب يومي 200مل,"25,00",,200ml,31389,Grigri super gaz gaz pour tous briquets et chalumeaux portables 200ml,11000,200ml,0.333,0.333,0.113,True,LOW,,https://i0.wp.com/www.taibaoline.com/wp-content/uploads/2024/02/Remove-bg.ai_1709157371541.png?fit=675%2C1198&ssl=1,True,WOULD_REVIEW,,,
6a7b92cd0d97848094f62d72,رامي فروتي 20سل,"30,00",,,36019,Jus Ramy Orange Pêche Fraise 1.25 L,13500,1.25L,0.333,0.333,0.153,False,LOW,,https://i0.wp.com/www.taibaoline.com/wp-content/uploads/2024/03/orange-peche-strw.jpg?fit=569%2C569&ssl=1,False,WOULD_REVIEW,,,
6a7b92cd0d97848094f62d76,فروطوار 40سم لام,"150,00",,,31651,FIRLA CHIFFON MICROFIBRE &#8211; 30cm x 40cm,19000,,0.333,0.333,0.178,False,LOW,,https://i0.wp.com/www.taibaoline.com/wp-content/uploads/2024/02/Remove-bg.ai_1709228384009.png?fit=899%2C1200&ssl=1,True,WOULD_REVIEW,,,
6a7b92cd0d97848094f62d78,فروطوار 55سم عادي,"150,00",,,31627,Sadika frottoire 55cm,18000,,0.333,0.333,0.193,False,LOW,,https://i0.wp.com/www.taibaoline.com/wp-content/uploads/2024/02/Remove-bg.ai_1709157800600.png?fit=1200%2C674&ssl=1,True,WOULD_REVIEW,,,
6a7b92cd0d97848094f62d79,فروطوار 43سم عادي,"90,00",,,31204,Philips ampoule stantard 60w ,7500,,0.333,0.333,0.136,False,LOW,,https://i0.wp.com/www.taibaoline.com/wp-content/uploads/2024/02/Remove-bg.ai_1708898662011.png?fit=675%2C1198&ssl=1,True,WOULD_REVIEW,,,
6a7b92cd0d97848094f62d7b,كاشير شابلي 200غ,"80,00",,200g,32854,Krikalo Croustillant Fourrées à La Créme De Chocolat 200G,21000,200g,0.333,0.333,0.136,True,LOW,DUP_SOURCE,https://i0.wp.com/www.taibaoline.com/wp-content/uploads/2024/03/Remove-bg.ai_1709580883344.png?fit=675%2C1198&ssl=1,True,WOULD_REVIEW,,,
6a7b92cd0d97848094f62d7f,فرماج بيتزا سيسيليان 800غ,"230,00",,800g,8083,Réginat Mix Pain 800 G,35000,800g,0.333,0.333,0.184,True,LOW,,https://i0.wp.com/www.taibaoline.com/wp-content/uploads/2024/01/Remove-bg.ai_1751814469959.png?fit=773%2C522&ssl=1,True,WOULD_REVIEW,,,
6a7b92cd0d97848094f62d80,بالي النمر,"90,00",,,46842,L’Orage Evasion Désodorisant 4en1 Bali Paradise 300 ML,22500,300ml,0.5,0.5,0.084,False,LOW,,https://i0.wp.com/www.taibaoline.com/wp-content/uploads/2025/06/Remove-bg.ai_1751232002645.png?fit=1080%2C1080&ssl=1,True,WOULD_REVIEW,,,
6a7b92cd0d97848094f62d81,رامي 33سل,"50,00",,,36004,Jus Ramy Abricot Pêche 2 L,19000,2L,0.5,0.5,0.118,False,LOW,,https://i0.wp.com/www.taibaoline.com/wp-content/uploads/2024/03/20240316_162450-removebg-preview.png?fit=500%2C500&ssl=1,True,WOULD_REVIEW,,,
6a7b92cd0d97848094f62d8a,ياغورت بانا كوتا,"40,00",,,27198,  Yaourt Soummam Panna Cotta Framboise 85 g,3500,85g,0.5,0.5,0.25,False,LOW,,https://i0.wp.com/www.taibaoline.com/wp-content/uploads/2024/02/Remove-bg.ai_1708176908353.png?fit=600%2C411&ssl=1,True,WOULD_REVIEW,,,
6a7b92cd0d97848094f62d8f,ياغورت اكتي,"30,00",,,28094,  Yaourt Soummam ACTI 100 g,3000,100g,0.244,0.0,0.244,False,LOW,COMMON_ONLY,https://i0.wp.com/www.taibaoline.com/wp-content/uploads/2024/02/Remove-bg.ai_1708204388761.png?fit=600%2C574&ssl=1,True,WOULD_REVIEW,,,
6a7b92cd0d97848094f62d94,ياغورت تيسويس,"20,00",,,28246,Yaourt DANONE ACTIVIA 100 g,3500,100g,0.215,0.0,0.215,False,LOW,COMMON_ONLY,https://i0.wp.com/www.taibaoline.com/wp-content/uploads/2024/02/activia-nature-1.webp?fit=800%2C491&ssl=1,False,WOULD_REVIEW,,,
6a7b92cd0d97848094f62d95,ياغورت قريك فاكهة,"60,00",,,40296,Vigor Farines 8 Céréales Et Miel 4 Fruits 6 Mois 250G,54000,250g,0.5,0.5,0.123,False,LOW,,https://i0.wp.com/www.taibaoline.com/wp-content/uploads/2024/09/Remove-bg.ai_1726744929389.png?fit=963%2C1280&ssl=1,True,WOULD_REVIEW,,,
6a7b92cd0d97848094f62d96,ياغورت قريك طبيعي صغير,"50,00",,,41715,Bebem Natural N2 3-6 KG (11 Pièces),23000,6kg,0.333,0.333,0.153,False,LOW,,https://i0.wp.com/www.taibaoline.com/wp-content/uploads/2025/01/Remove-bg.ai_1738074550499.png?fit=1280%2C962&ssl=1,True,WOULD_REVIEW,,,
6a7b92cd0d97848094f62d97,ياغورت قريك كبير,"65,00",,,30888,Sacs Congélation Premier Choix 3K GM,9000,3kg,0.5,0.5,0.127,False,LOW,DUP_SOURCE,https://i0.wp.com/www.taibaoline.com/wp-content/uploads/2024/02/Remove-bg.ai_1708896232789.png?fit=675%2C1198&ssl=1,True,WOULD_REVIEW,,,
6a7b92cd0d97848094f62d98,ياغورت جنينة كبيرة,"40,00",,,27469,  Yaourt Soummam J&#8217;nina bicouche _ Fruits des Bois 125 g,4000,125g,0.5,0.5,0.199,False,LOW,DUP_SOURCE,https://i0.wp.com/www.taibaoline.com/wp-content/uploads/2024/02/Remove-bg.ai_1708379932681.png?fit=600%2C406&ssl=1,True,WOULD_REVIEW,,,
6a7b92cd0d97848094f62d9a,ياغورت ياقو صغير,"40,00",,,30867,Rama Sacs Congélation Ultra-Zip 15 Sacs Petits,15000,,0.5,0.5,0.118,False,LOW,,https://i0.wp.com/www.taibaoline.com/wp-content/uploads/2024/02/Remove-bg.ai_1709065681193.png?fit=1200%2C673&ssl=1,True,WOULD_REVIEW,,,
6a7b92cd0d97848094f62d9b,ياغورت قريك شوكو,"65,00",,,36087,Optilla Végécao forré a la crème d&#8217;orange 90 g,8500,90g,0.5,0.5,0.089,False,LOW,,https://i0.wp.com/www.taibaoline.com/wp-content/uploads/2024/03/Remove-bg.ai_1710535360769.png?fit=809%2C1080&ssl=1,True,WOULD_REVIEW,,,
6a7b92cd0d97848094f62da1,جي افروي كرطونة 1ل,"140,00",,1L,27879,Doriflor nettoyant meuble 1l,20000,1L,0.333,0.333,0.117,True,LOW,,https://i0.wp.com/www.taibaoline.com/wp-content/uploads/2024/02/Remove-bg.ai_1708289655024.png?fit=675%2C1198&ssl=1,True,WOULD_REVIEW,https://api.delivap.com/uploads/1786563607773-76d80c28-59d0-4e86-946f-60eb8004d379.webp,,
6a7b92cd0d97848094f62ee8,فرماج بيكو 24 قطعة,"215,00",,,62339,Cotex Confort Déco Papier Hygienique 24 Rouleaux + 8 Offerts,64000,,0.5,0.5,0.086,False,LOW,,https://i0.wp.com/www.taibaoline.com/wp-content/uploads/2026/03/SnapBG.ai_1773222685670.png?fit=443%2C588&ssl=1,True,WOULD_REVIEW,,,
6a7b92cd0d97848094f62dad,فرماج لافاش كيري 24 قطعة,"295,00",,,33494,Flan Nouara sachet fraise 24 pcs *54g,80000,54g,0.333,0.333,0.13,False,LOW,,https://i0.wp.com/www.taibaoline.com/wp-content/uploads/2024/03/Remove-bg.ai_1709828611039.png?fit=1200%2C674&ssl=1,True,WOULD_REVIEW,,,
6a7b92cd0d97848094f62dad,فرماج لافاش كيري 16 قطعة,"200,00",,,43248,Happy Dry N6 +16 KG (10 Pièces),32000,16kg,0.333,0.333,0.135,False,LOW,,https://i0.wp.com/www.taibaoline.com/wp-content/uploads/2025/04/SnapBG.ai_1745223378180.png?fit=964%2C1280&ssl=1,True,WOULD_REVIEW,,,
6a7b92cd0d97848094f62dae,فرماج لافاش كيري 8 قطع,"105,00",,,38982,KIRI à La Créme De Lait 90 G,22000,90g,0.5,0.5,0.153,False,LOW,,https://i0.wp.com/www.taibaoline.com/wp-content/uploads/2024/06/Remove-bg.ai_1748100443372.png?fit=1280%2C962&ssl=1,True,WOULD_REVIEW,,,
6a7b92cd0d97848094f62daf,بيمبيز 5 ميقا برومو 16+8,"630,00",,,6857,Bimbies Confort N6 +16 Kg 68 Couches,197000,16kg,0.5,0.5,0.194,False,LOW,,https://i0.wp.com/www.taibaoline.com/wp-content/uploads/2023/12/image_6483441__13_-removebg-preview-min.png?fit=577%2C433&ssl=1,True,WOULD_REVIEW,,,
6a7b92cd0d97848094f62db0,بيمبيز 4 ميقا بورمو 18+9,"630,00",,,39483,Bimbies Confort N4 7-18 KG 9 Couches,25000,18kg,0.5,0.5,0.18,False,LOW,,https://i0.wp.com/www.taibaoline.com/wp-content/uploads/2024/07/Remove-bg.ai_1720016486442.png?fit=1280%2C719&ssl=1,True,WOULD_REVIEW,,,
6a7b92cd0d97848094f62db1,بيمبيز 6 ميقا برومو 20+10,"750,00",,,35200,Bimbies Lingettes Humide 84 Lingettes,14000,,0.333,0.333,0.165,False,LOW,DUP_SOURCE,https://i0.wp.com/www.taibaoline.com/wp-content/uploads/2024/03/Remove-bg.ai_1710098080787.png?fit=1200%2C674&ssl=1,True,WOULD_REVIEW,,,
6a7b92cd0d97848094f62db2,بهار معطر الملابس,"130,00",,,30425, brosse à linge,25000,,0.269,0.0,0.269,False,LOW,COMMON_ONLY,https://i0.wp.com/www.taibaoline.com/wp-content/uploads/2024/02/Remove-bg.ai_1708894035006.png?fit=675%2C1198&ssl=1,True,WOULD_REVIEW,,,
6a7b92cd0d97848094f62dba,نايا الاصلي 1ل,"360,00",,1L,27657,Dorilflor nettoyant spécial vitres 1l,15000,1L,0.333,0.333,0.145,True,LOW,,https://i0.wp.com/www.taibaoline.com/wp-content/uploads/2024/02/Remove-bg.ai_1708290557427.png?fit=675%2C1198&ssl=1,True,WOULD_REVIEW,,,
6a7b92cd0d97848094f62dbb,مسلك المجاري 400غ,"250,00",,400g,18689,Assil pois chiche moulu 400g,18000,400g,0.333,0.333,0.227,True,LOW,,https://i0.wp.com/www.taibaoline.com/wp-content/uploads/2024/02/Remove-bg.ai_1707629666749.png?fit=675%2C1198&ssl=1,True,WOULD_REVIEW,,,
6a7b92cd0d97848094f62dbe,نظاف و لماع ناصح 720مل,"185,00",,720ml,27602,Nassah Liquide Vaisselle Citron 710 ML,17500,710ml,0.25,0.25,0.179,True,LOW,,https://i0.wp.com/www.taibaoline.com/wp-content/uploads/2024/02/Remove-bg.ai_1708292554012.png?fit=675%2C1198&ssl=1,True,WOULD_REVIEW,,,
6a7b92cd0d97848094f62dc7,مزيل الروائح بريلكس,"70,00",,,36686,SANIBON Aigle sani Top &#8211; Marine 850ml,8500,850ml,0.5,0.5,0.2,False,LOW,,https://i0.wp.com/www.taibaoline.com/wp-content/uploads/2024/03/Remove-bg.ai_1711143846529.png?fit=1200%2C1200&ssl=1,True,WOULD_REVIEW,,,
6a7b92cd0d97848094f62dc8,جافيل ليسر 5ل,"240,00",,5L,36790,Life  &#8211; eau de javel 5L,27000,5L,0.333,0.333,0.195,True,LOW,,https://i0.wp.com/www.taibaoline.com/wp-content/uploads/2024/03/life-javel-5l-2.jpg?fit=500%2C483&ssl=1,False,WOULD_REVIEW,,,
6a7b92cd0d97848094f62dc9,صابون غسيل الملابس توبسيل 4.5ل,"750,00",,4.5L,32562,Life Gel Machine a laver  LAVANDE 4.5L,75000,4.5L,0.237,0.0,0.237,True,LOW,COMMON_ONLY,https://i0.wp.com/www.taibaoline.com/wp-content/uploads/2024/03/SnapBG.ai_1772359330644.png?fit=680%2C680&ssl=1,True,WOULD_REVIEW,,,
6a7b92cd0d97848094f62dca,صابون غسيل الملابس بريلكس 5ل,"700,00",,5L,32566,Dorilflor Detergent pour Linge couleur 5L,75000,5L,0.255,0.0,0.255,True,LOW,COMMON_ONLY,https://i0.wp.com/www.taibaoline.com/wp-content/uploads/2024/03/Remove-bg.ai_1709545615720.png?fit=1200%2C675&ssl=1,True,WOULD_REVIEW,,,
6a7b92cd0d97848094f62dcb,سائل غسيل الاواني نيب 3ل,"340,00",,3L,30812,Life Gel Machine Aloe Vera 3L,55000,3L,0.317,0.0,0.317,True,LOW,COMMON_ONLY+DUP_SOURCE,https://i0.wp.com/www.taibaoline.com/wp-content/uploads/2024/02/Remove-bg.ai_1709054739280.png?fit=1200%2C675&ssl=1,True,WOULD_REVIEW,,,
6a7b92cd0d97848094f62dcc,غسول الملابس ليسر 3ل,"450,00",,3L,30804,Life Gel Machine Noire 3L,55000,3L,0.309,0.0,0.309,True,LOW,COMMON_ONLY,https://i0.wp.com/www.taibaoline.com/wp-content/uploads/2024/02/Remove-bg.ai_1709054161762.png?fit=1200%2C675&ssl=1,True,WOULD_REVIEW,,,
6a7b92cd0d97848094f62dce,غسول الملابس اورس بلون 3ل,"490,00",,3L,32580,Doril Lessive pour linge 3L,43000,3L,0.328,0.0,0.328,True,LOW,COMMON_ONLY,https://i0.wp.com/www.taibaoline.com/wp-content/uploads/2024/03/Remove-bg.ai_1709547216681.png?fit=1200%2C675&ssl=1,True,WOULD_REVIEW,,,
6a7b92cd0d97848094f62dcf,جافيل دوز 5ل,"270,00",,5L,36790,Life  &#8211; eau de javel 5L,27000,5L,0.333,0.333,0.198,True,LOW,,https://i0.wp.com/www.taibaoline.com/wp-content/uploads/2024/03/life-javel-5l-2.jpg?fit=500%2C483&ssl=1,False,WOULD_REVIEW,,,
6a7b92cd0d97848094f62dd1,روح الملح ريد فورس 750مل,"140,00",,750ml,27792,Stic decap four 750ml,17000,750ml,0.25,0.25,0.215,True,LOW,DUP_SOURCE,https://i0.wp.com/www.taibaoline.com/wp-content/uploads/2024/02/Remove-bg.ai_1708434787033.png?fit=675%2C1198&ssl=1,True,WOULD_REVIEW,,,
6a7b92cd0d97848094f62dd2,ماء اروى 33سل,"20,00",,,36705,Aigle Eau De Javel 900 ML,10000,900ml,0.333,0.333,0.154,False,LOW,DUP_SOURCE,https://i0.wp.com/www.taibaoline.com/wp-content/uploads/2024/03/Remove-bg.ai_1711150583046.png?fit=1200%2C1200&ssl=1,True,WOULD_REVIEW,,,
6a7b92cd0d97848094f62dd3,قازوز اروى 33سل,"30,00",,,35374,Eau Gazeuse Ifri Citron 1L,7500,1L,0.247,0.0,0.247,False,LOW,COMMON_ONLY,https://i0.wp.com/www.taibaoline.com/wp-content/uploads/2024/03/Remove-bg.ai_1710276417197.png?fit=340%2C600&ssl=1,True,WOULD_REVIEW,,,
6a7b92cd0d97848094f62dd6,ماء بوقلاز بيدون 5ل,"135,00",,5L,57452,Test Eau De Javel 5 L,30000,5L,0.25,0.25,0.165,True,LOW,,https://i0.wp.com/www.taibaoline.com/wp-content/uploads/2025/11/IMG20251118155442.webp?fit=607%2C1080&ssl=1,False,WOULD_REVIEW,,,
6a7b92cd0d97848094f62dd8,شيزي شرائح 150غ,"220,00",,150g,32842,Choco Rice Flacons De Céréales Goùt Chocolat 150G,20000,150g,0.333,0.333,0.136,True,LOW,,https://i0.wp.com/www.taibaoline.com/wp-content/uploads/2024/03/Remove-bg.ai_1709580854286.png?fit=675%2C1198&ssl=1,True,WOULD_REVIEW,,,
6a7b92cd0d97848094f62dd9,كرام فراش كانديا 500مل,"260,00",,500ml,6265,Candia Lait 50 CL,7500,500ml,0.304,0.25,0.304,True,LOW,,https://i0.wp.com/www.taibaoline.com/wp-content/uploads/2023/12/Candia-Lait-0.5l.jpg?fit=600%2C600&ssl=1,False,WOULD_REVIEW,,,
6a7b92cd0d97848094f62dda,كرام فراش كانديا 20سل,"160,00",,,6265,Candia Lait 50 CL,7500,500ml,0.308,0.25,0.308,False,LOW,DUP_SOURCE,https://i0.wp.com/www.taibaoline.com/wp-content/uploads/2023/12/Candia-Lait-0.5l.jpg?fit=600%2C600&ssl=1,False,WOULD_REVIEW,,,
6a7b92cd0d97848094f62ddb,كرام فراش صومام 500مل,"220,00",,500ml,27865,Atack plus meuble 500ml,16000,500ml,0.333,0.333,0.206,True,LOW,DUP_SOURCE,https://i0.wp.com/www.taibaoline.com/wp-content/uploads/2024/02/Remove-bg.ai_1708290204252.png?fit=675%2C1198&ssl=1,True,WOULD_REVIEW,,,
6a7b92cd0d97848094f62ddc,رامي موخيطو زجاج 25سل,"80,00",,,36004,Jus Ramy Abricot Pêche 2 L,19000,2L,0.25,0.25,0.186,False,LOW,DUP_SOURCE,https://i0.wp.com/www.taibaoline.com/wp-content/uploads/2024/03/20240316_162450-removebg-preview.png?fit=500%2C500&ssl=1,True,WOULD_REVIEW,,,
6a7b92cd0d97848094f62dde,فرماج طارتينو 16 قطعة,"270,00",,,62339,Cotex Confort Déco Papier Hygienique 24 Rouleaux + 8 Offerts,64000,,0.5,0.5,0.095,False,LOW,,https://i0.wp.com/www.taibaoline.com/wp-content/uploads/2026/03/SnapBG.ai_1773222685670.png?fit=443%2C588&ssl=1,True,WOULD_REVIEW,,,
6a7b92cd0d97848094f62dde,فرماج طارتينو 24 قطعة,"395,00",,,62339,Cotex Confort Déco Papier Hygienique 24 Rouleaux + 8 Offerts,64000,,0.5,0.5,0.063,False,LOW,,https://i0.wp.com/www.taibaoline.com/wp-content/uploads/2026/03/SnapBG.ai_1773222685670.png?fit=443%2C588&ssl=1,True,WOULD_REVIEW,,,
6a7b92cd0d97848094f62ddf,جلبانة 300غ بلجيكا,"200,00",,300g,18669,Mr chef pois chiche moulu 300g,13000,300g,0.333,0.333,0.132,True,LOW,,https://i0.wp.com/www.taibaoline.com/wp-content/uploads/2024/02/Remove-bg.ai_1707629853139.png?fit=675%2C1198&ssl=1,True,WOULD_REVIEW,,,
6a7b92cd0d97848094f62de0,جلبانة 1كغ بلجيكا,"540,00",,1kg,18031,Eldahabiya Pâte aux dattes 1kg,11500,1kg,0.333,0.333,0.133,True,LOW,,https://i0.wp.com/www.taibaoline.com/wp-content/uploads/2024/02/Remove-bg.ai_1707432427243.png?fit=675%2C1198&ssl=1,True,WOULD_REVIEW,,,
6a7b92cd0d97848094f62de1,جلبانة 1كغ الاتحاد الاوروبي,"540,00",,1kg,37473,Dada dessert végécao Blanc 1Kg,61500,1kg,0.25,0.25,0.116,True,LOW,DUP_SOURCE,https://i0.wp.com/www.taibaoline.com/wp-content/uploads/2024/04/Remove-bg.ai_1712068409038.png?fit=675%2C1198&ssl=1,True,WOULD_REVIEW,,,
6a7b92cd0d97848094f62de3,كونبيبي 4/40,"1 040,00",,,37351,منى فيجيكاو بالحليب 40 غ,3500,40g,0.254,0.0,0.254,False,LOW,COMMON_ONLY+DUP_SOURCE,https://i0.wp.com/www.taibaoline.com/wp-content/uploads/2024/03/Remove-bg.ai_1711757050298-e1711757126966.png?fit=1080%2C809&ssl=1,True,WOULD_REVIEW,,,
6a7b92cd0d97848094f62de7,كانبيبي 1/40,"790,00",,,37351,منى فيجيكاو بالحليب 40 غ,3500,40g,0.254,0.0,0.254,False,LOW,COMMON_ONLY+DUP_SOURCE,https://i0.wp.com/www.taibaoline.com/wp-content/uploads/2024/03/Remove-bg.ai_1711757050298-e1711757126966.png?fit=1080%2C809&ssl=1,True,WOULD_REVIEW,,,
6a7b92cd0d97848094f62de7,كانبيبي 2/40,"880,00",,,37351,منى فيجيكاو بالحليب 40 غ,3500,40g,0.254,0.0,0.254,False,LOW,COMMON_ONLY+DUP_SOURCE,https://i0.wp.com/www.taibaoline.com/wp-content/uploads/2024/03/Remove-bg.ai_1711757050298-e1711757126966.png?fit=1080%2C809&ssl=1,True,WOULD_REVIEW,,,
6a7b92cd0d97848094f62def,حلوى نابوليتانو,"300,00",,,27215,  Yaourt Soummam Crème Déssert Chocolat 100 g,2750,100g,0.5,0.5,0.116,False,LOW,DUP_SOURCE,https://i0.wp.com/www.taibaoline.com/wp-content/uploads/2024/02/Remove-bg.ai_1708175801189.png?fit=600%2C339&ssl=1,True,WOULD_REVIEW,,,
6a7b92cd0d97848094f62df0,حلوى نبوليتانو موف,"380,00",,,35685,MOMENT Chocolat blanc praliné 90 g,18000,90g,0.333,0.333,0.141,False,LOW,,https://i0.wp.com/www.taibaoline.com/wp-content/uploads/2024/03/Remove-bg.ai_1710540908772.png?fit=768%2C768&ssl=1,True,WOULD_REVIEW,,,
6a7b92cd0d97848094f62df1,فستق باطة 35غ,"120,00",,35g,30507,lavettes métallique 35g,8000,35g,0.333,0.333,0.135,True,LOW,,https://i0.wp.com/www.taibaoline.com/wp-content/uploads/2024/02/Remove-bg.ai_1708896602053.png?fit=675%2C1198&ssl=1,True,WOULD_REVIEW,,,
6a7b92cd0d97848094f62df2,كاجو باطة 35غ,"130,00",,35g,40914,Alawafy Noix De Cajou Grillées &amp; Salées 30 G,13000,30g,0.333,0.333,0.119,True,LOW,,https://i0.wp.com/www.taibaoline.com/wp-content/uploads/2024/11/Remove-bg.ai_1730812646618.png?fit=718%2C1280&ssl=1,True,WOULD_REVIEW,,,
6a7b92cd0d97848094f62df3,لوز باطة 35غ,"120,00",,35g,30507,lavettes métallique 35g,8000,35g,0.333,0.333,0.159,True,LOW,,https://i0.wp.com/www.taibaoline.com/wp-content/uploads/2024/02/Remove-bg.ai_1708896602053.png?fit=675%2C1198&ssl=1,True,WOULD_REVIEW,,,
6a7b92cd0d97848094f62df4,شوكولاطة ستوري كبيرة,"260,00",,,36005,MOMENT Chocolat Caramel Crème 90 g,20000,90g,0.333,0.333,0.212,False,LOW,,https://i0.wp.com/www.taibaoline.com/wp-content/uploads/2024/03/Remove-bg.ai_1710535267639.png?fit=1080%2C809&ssl=1,True,WOULD_REVIEW,,,
6a7b92cd0d97848094f62df5,مومنت شوكولاطة دبي كرطونة,"470,00",,,35975,Moment Chocolat Lait Et Amandes Entières 145 G,44000,145g,0.5,0.5,0.226,False,LOW,,https://i0.wp.com/www.taibaoline.com/wp-content/uploads/2024/03/Untitled2_20240315205605.png?fit=809%2C1080&ssl=1,False,WOULD_REVIEW,,,
6a7b92cd0d97848094f62df7,ماكسن كوكاو صغيرة,"130,00",,,35886,Hani El Mondo Tacos Mini Tortillas 6 Pieces,20000,,0.333,0.333,0.133,False,LOW,,https://i0.wp.com/www.taibaoline.com/wp-content/uploads/2024/03/Remove-bg.ai_1738488382688.png?fit=1280%2C962&ssl=1,True,WOULD_REVIEW,,,
6a7b92cd0d97848094f62df8,اوبتيلا كراميل,"90,00",,,27076,  Yaourt Soummam Dialna caramel 70g,1500,70g,0.5,0.5,0.175,False,LOW,,https://i0.wp.com/www.taibaoline.com/wp-content/uploads/2024/02/Remove-bg.ai_1708176635640.png?fit=600%2C339&ssl=1,True,WOULD_REVIEW,,,
6a7b92cd0d97848094f62dfa,شوكولاطة نايس,"100,00",,,35975,Moment Chocolat Lait Et Amandes Entières 145 G,44000,145g,0.5,0.5,0.141,False,LOW,,https://i0.wp.com/www.taibaoline.com/wp-content/uploads/2024/03/Untitled2_20240315205605.png?fit=809%2C1080&ssl=1,False,WOULD_REVIEW,,,
6a7b92cd0d97848094f62dfb,شوكولاطة بايت ذوق الفستق,"100,00",,,8134,Madas Free Cookies Goùt Banane 120 G,20000,120g,0.333,0.333,0.19,False,LOW,,https://i0.wp.com/www.taibaoline.com/wp-content/uploads/2024/01/Remove-bg.ai_1751885615675.png?fit=1280%2C962&ssl=1,True,WOULD_REVIEW,,,
6a7b92cd0d97848094f62e00,شوكولاطة تويتي,"50,00",,,35975,Moment Chocolat Lait Et Amandes Entières 145 G,44000,145g,0.5,0.5,0.127,False,LOW,,https://i0.wp.com/www.taibaoline.com/wp-content/uploads/2024/03/Untitled2_20240315205605.png?fit=809%2C1080&ssl=1,False,WOULD_REVIEW,,,
6a7b92cd0d97848094f62e01,ثوفريط نيتا سو وافر,"100,00",,,34629,Gusti Wafer Cake Enroubé au Cacao et Fourré au Chocolat 48G,4000,48g,0.25,0.25,0.093,False,LOW,DUP_SOURCE,https://i0.wp.com/www.taibaoline.com/wp-content/uploads/2024/03/Remove-bg.ai_1709841662982.png?fit=1200%2C674&ssl=1,True,WOULD_REVIEW,,,
6a7b92cd0d97848094f62e02,قوفريط نيتا دوبيو,"100,00",,,8107,Madas Free Gaufrettes Goùt Vanille 150 G,30000,150g,0.333,0.333,0.157,False,LOW,,https://i0.wp.com/www.taibaoline.com/wp-content/uploads/2024/01/Remove-bg.ai_1751885562521.png?fit=1280%2C962&ssl=1,True,WOULD_REVIEW,,,
6a7b92cd0d97848094f62e04,شوكولاطة تالنت ذوق الفول السوداني كبيرة,"120,00",,,41087,Coeur De Céréales Beurre D’Arachides Aux Caramel Beurre Salé 330G,32000,330g,0.4,0.4,0.203,False,LOW,,https://i0.wp.com/www.taibaoline.com/wp-content/uploads/2024/11/Remove-bg.ai_1731417814225.png?fit=1280%2C719&ssl=1,True,WOULD_REVIEW,,,
6a7b92cd0d97848094f62e05,شوكولاكة روايال هالفة,"350,00",,,41796,Camembert Royal 125 G,19000,125g,0.333,0.333,0.225,False,LOW,,https://i0.wp.com/www.taibaoline.com/wp-content/uploads/2025/02/Remove-bg.ai_1738663930371.png?fit=1280%2C962&ssl=1,True,WOULD_REVIEW,,,
6a7b92cd0d97848094f62e06,حلوة الترك قابسة 320غ,"340,00",,320g,32396,Biscwick Biscuits Au Cacao 320G,14000,320g,0.25,0.25,0.188,True,LOW,,https://i0.wp.com/www.taibaoline.com/wp-content/uploads/2024/03/Remove-bg.ai_1709442190991.png?fit=675%2C1198&ssl=1,True,WOULD_REVIEW,,,
6a7b92cd0d97848094f62e07,صابون سائل امير 390مل,"140,00",,390ml,43647,Brilex Savon Liquide Musk 400 ML,15000,400ml,0.262,0.0,0.262,True,LOW,COMMON_ONLY,https://i0.wp.com/www.taibaoline.com/wp-content/uploads/2025/05/SnapBG.ai_1746183444240.png?fit=1280%2C962&ssl=1,True,WOULD_REVIEW,,,
6a7b92cd0d97848094f62e08,صابون سائل شييهاد بلوس,"140,00",,,62284,Lilas Extra Confort Plus Essui-Tout 2 Rouleaux + 1 Gratuit,18000,,0.5,0.5,0.082,False,LOW,,https://i0.wp.com/www.taibaoline.com/wp-content/uploads/2026/03/SnapBG.ai_1773051312029.png?fit=1280%2C569&ssl=1,True,WOULD_REVIEW,,,
6a7b92cd0d97848094f62e09,عطر اطفال 50مل,"140,00",,50ml,39653, Parfune Pour Bébé 50 ML,22000,50ml,0.326,0.0,0.326,True,LOW,COMMON_ONLY,https://i0.wp.com/www.taibaoline.com/wp-content/uploads/2024/07/Remove-bg.ai_1720263577402.png?fit=1280%2C719&ssl=1,True,WOULD_REVIEW,,,
6a7b92cd0d97848094f62e0e,شامبو دوركس برومو,"450,00",,,17595,DOREX APRÉS SHAMPOING_BOTANICAL_THÉ VERT ET EAU DE ROSE,27000,,0.5,0.5,0.137,False,LOW,,https://i0.wp.com/www.taibaoline.com/wp-content/uploads/2024/02/Remove-bg.ai_1707411309075-e1707504792397.png?fit=601%2C800&ssl=1,True,WOULD_REVIEW,,,
6a7b92cd0d97848094f62e0f,بيبرو القو 240مل بلاستيك,"250,00",,240ml,28334,Airwick air freshener 240ml,34000,240ml,0.25,0.25,0.248,True,LOW,,https://i0.wp.com/www.taibaoline.com/wp-content/uploads/2024/02/Remove-bg.ai_1708472993707.png?fit=675%2C1198&ssl=1,True,WOULD_REVIEW,,,
6a7b92cd0d97848094f62e10,راص بيبرو سيليكون,"60,00",,,16868,GARNIER ULTRA DOUX &#8211; LAIT DE COCO ET MACADAMIA,76000,,0.333,0.333,0.014,False,LOW,,https://i0.wp.com/www.taibaoline.com/wp-content/uploads/2024/02/OIP-1-2.jpg?fit=1200%2C1200&ssl=1,False,WOULD_REVIEW,,,
6a7b92cd0d97848094f62e11,عطر نساء ماي واي,"450,00",,,31212,My emballage nappe de table 30pcs,15000,,0.333,0.333,0.142,False,LOW,,https://i0.wp.com/www.taibaoline.com/wp-content/uploads/2024/02/Remove-bg.ai_1708899400494.png?fit=1200%2C674&ssl=1,True,WOULD_REVIEW,,,
6a7b92cd0d97848094f62e12,عطر نساء اوليمبيا,"580,00",,,31835,Stic blocs wc fraicheur citron 3blocs,23000,,0.168,0.0,0.168,False,LOW,COMMON_ONLY,https://i0.wp.com/www.taibaoline.com/wp-content/uploads/2024/03/Remove-bg.ai_1709155541054.png?fit=675%2C1198&ssl=1,True,WOULD_REVIEW,,,
6a7b92cd0d97848094f62e14,جال دوش 250مل,"140,00",,250ml,29854,Airweck pure orange et pomelo 250ml,62000,250ml,0.333,0.333,0.138,True,LOW,,https://i0.wp.com/www.taibaoline.com/wp-content/uploads/2024/02/Remove-bg.ai_1708468133328.png?fit=675%2C1198&ssl=1,True,WOULD_REVIEW,,,
6a7b92cd0d97848094f62e16,غسول الوجه سواليس 250مل,"250,00",,250ml,31909,Finish nettoyant machine 250ml,86000,250ml,0.252,0.25,0.252,True,LOW,,https://i0.wp.com/www.taibaoline.com/wp-content/uploads/2024/03/Remove-bg.ai_1709242535821.png?fit=675%2C1198&ssl=1,True,WOULD_REVIEW,,,
6a7b92cd0d97848094f62e1a,شامبو داليا,"180,00",,,26213,VAGUE DE FRAICHEUR 2en1 330 ml,11500,330ml,0.17,0.0,0.17,False,LOW,COMMON_ONLY+DUP_SOURCE,https://i0.wp.com/www.taibaoline.com/wp-content/uploads/2024/02/Remove-bg.ai_1708032613840.png?fit=900%2C1198&ssl=1,True,WOULD_REVIEW,,,
6a7b92cd0d97848094f62e1b,شامبو سنسيلك 180مل,"220,00",,180ml,16931,CLEAR SHAMPOOING HOMME 3 EN 1 CHEVEUX BARBE CORPS_180 ML,30000,180ml,0.119,0.0,0.119,True,LOW,COMMON_ONLY,https://i0.wp.com/www.taibaoline.com/wp-content/uploads/2024/02/3EN1.jpeg?fit=1000%2C1000&ssl=1,False,WOULD_REVIEW,,,
6a7b92cd0d97848094f62e1c,شامبو سواليس 330مل,"300,00",,330ml,26213,VAGUE DE FRAICHEUR 2en1 330 ml,11500,330ml,0.265,0.0,0.265,True,LOW,COMMON_ONLY,https://i0.wp.com/www.taibaoline.com/wp-content/uploads/2024/02/Remove-bg.ai_1708032613840.png?fit=900%2C1198&ssl=1,True,WOULD_REVIEW,,,
6a7b92cd0d97848094f62e1d,جال دوش فينوس 240مل,"140,00",,240ml,28334,Airwick air freshener 240ml,34000,240ml,0.25,0.25,0.18,True,LOW,,https://i0.wp.com/www.taibaoline.com/wp-content/uploads/2024/02/Remove-bg.ai_1708472993707.png?fit=675%2C1198&ssl=1,True,WOULD_REVIEW,,,
6a7b92cd0d97848094f62e1f,قلم الصبورة البيضاء,"50,00",,,35685,MOMENT Chocolat blanc praliné 90 g,18000,90g,0.333,0.333,0.183,False,LOW,,https://i0.wp.com/www.taibaoline.com/wp-content/uploads/2024/03/Remove-bg.ai_1710540908772.png?fit=768%2C768&ssl=1,True,WOULD_REVIEW,,,
6a7b92cd0d97848094f62e20,ماستر  شيبس,"120,00",,,54562,Silver Chips Goùt Chili &#038; Lime 45 G,15000,45g,0.5,0.5,0.113,False,LOW,,,False,WOULD_REVIEW,,,
6a7b92cd0d97848094f62e21,شيبس سلطان,"120,00",,,54562,Silver Chips Goùt Chili &#038; Lime 45 G,15000,45g,0.5,0.5,0.114,False,LOW,,,False,WOULD_REVIEW,,,
6a7b92cd0d97848094f62e22,شيبس ريفكس,"60,00",,,54562,Silver Chips Goùt Chili &#038; Lime 45 G,15000,45g,0.5,0.5,0.114,False,LOW,,,False,WOULD_REVIEW,,,
6a7b92cd0d97848094f62e23,ميني شيبس السطان +ماستر شيبس,"60,00",,,54562,Silver Chips Goùt Chili &#038; Lime 45 G,15000,45g,0.25,0.25,0.156,False,LOW,DUP_SOURCE,,False,WOULD_REVIEW,,,
6a7b92cd0d97848094f62e24,مارشملو الخروف,"140,00",,,32426,Dadey Biscuits Fourré De Guimauve enrobé De Cacao 240G ,12000,240g,0.5,0.5,0.121,False,LOW,,https://i0.wp.com/www.taibaoline.com/wp-content/uploads/2024/03/Remove-bg.ai_1709442528030-1.png?fit=673%2C1200&ssl=1,True,WOULD_REVIEW,,,
6a7b92cd0d97848094f62e26,فرماج شاف تارتينو,"65,00",,,30153,Tartino Excellence Slice 10 Pièces 150 G,25000,150g,0.5,0.5,0.039,False,LOW,,https://i0.wp.com/www.taibaoline.com/wp-content/uploads/2024/02/excellence-slice-1.png?fit=800%2C800&ssl=1,False,WOULD_REVIEW,,,
6a7b92cd0d97848094f62e27,فرماج شاف شيزي,"65,00",,,30164,Tartino Chezzy Slice 10 Pièces 170 G,20000,170g,0.5,0.5,0.099,False,LOW,DUP_SOURCE,https://i0.wp.com/www.taibaoline.com/wp-content/uploads/2024/02/cheezy-2.png?fit=800%2C800&ssl=1,False,WOULD_REVIEW,,,
6a7b92cd0d97848094f62e29,فانتا 1اتر,"100,00",,,33167,Eau Gazeuse Fanta Ananas 33 CL,0,330ml,0.5,0.5,0.149,False,LOW,,https://i0.wp.com/www.taibaoline.com/wp-content/uploads/2024/03/Remove-bg.ai_1709676719743.png?fit=999%2C749&ssl=1,True,WOULD_REVIEW,,,
6a7b92cd0d97848094f62e2c,رامي 1.25لنر,"140,00",,,36004,Jus Ramy Abricot Pêche 2 L,19000,2L,0.5,0.5,0.114,False,LOW,,https://i0.wp.com/www.taibaoline.com/wp-content/uploads/2024/03/20240316_162450-removebg-preview.png?fit=500%2C500&ssl=1,True,WOULD_REVIEW,,,
6a7b92cd0d97848094f62e2d,رايب سوري,"150,00",,,28115,  Raib Au Bifides Soummam 1L,14000,1L,0.5,0.5,0.161,False,LOW,,https://i0.wp.com/www.taibaoline.com/wp-content/uploads/2024/02/Remove-bg.ai_1750349269379.png?fit=800%2C800&ssl=1,True,WOULD_REVIEW,,,
6a7b92cd0d97848094f62e30,وفاء ايكو 2حبات,"130,00",,,9073, Wafa Papier Cuisson 50 Métres,70000,,0.333,0.333,0.16,False,LOW,,https://i0.wp.com/www.taibaoline.com/wp-content/uploads/2024/01/Remove-bg.ai_1754312872404.webp?fit=720%2C1275&ssl=1,True,WOULD_REVIEW,,,
6a7b92cd0d97848094f62e34,وفاء برومو 4+2,"300,00",,,27032,Wafa Classico Essui-Tout 4 Rouleau,24000,,0.5,0.5,0.121,False,LOW,DUP_SOURCE,https://i0.wp.com/www.taibaoline.com/wp-content/uploads/2024/02/Remove-bg.ai_1708270742979.png?fit=675%2C1198&ssl=1,True,WOULD_REVIEW,,,
6a7b92cd0d97848094f62e33,كوتاكس 2 كلاسيك,"120,00",,,34107,1Kg أرز بسمتي  _  El Wissam Riz BASMATI Classic,38000,1kg,0.5,0.5,0.159,False,LOW,,https://i0.wp.com/www.taibaoline.com/wp-content/uploads/2024/03/Remove-bg.ai_1709908564172.png?fit=724%2C1079&ssl=1,True,WOULD_REVIEW,,,
6a7b92cd0d97848094f62e34,وفاء برومو 2+1,"160,00",,,27032,Wafa Classico Essui-Tout 4 Rouleau,24000,,0.5,0.5,0.103,False,LOW,DUP_SOURCE,https://i0.wp.com/www.taibaoline.com/wp-content/uploads/2024/02/Remove-bg.ai_1708270742979.png?fit=675%2C1198&ssl=1,True,WOULD_REVIEW,,,
6a7b92cd0d97848094f62e35,وفاء برومو اكستر 2,"185,00",,,8089,Réginat Maxi Extra Pains_Pizza 800 G,47500,800g,0.333,0.333,0.148,False,LOW,,https://i0.wp.com/www.taibaoline.com/wp-content/uploads/2024/01/Remove-bg.ai_1751813831406.png?fit=798%2C512&ssl=1,True,WOULD_REVIEW,,,
6a7b92cd0d97848094f62e36,وفاء ايكو +4,"220,00",,,27032,Wafa Classico Essui-Tout 4 Rouleau,24000,,0.5,0.5,0.175,False,LOW,DUP_SOURCE,https://i0.wp.com/www.taibaoline.com/wp-content/uploads/2024/02/Remove-bg.ai_1708270742979.png?fit=675%2C1198&ssl=1,True,WOULD_REVIEW,,,
6a7b92cd0d97848094f62e38,كوتاكس برومو 4+2 كلاسيك,"280,00",,,26723,Cotex Classic Essuie-Tout 2 Rouleaux,12000,,0.333,0.333,0.182,False,LOW,,https://i0.wp.com/www.taibaoline.com/wp-content/uploads/2024/02/SnapBG.ai_1773220690613.png?fit=267%2C260&ssl=1,True,WOULD_REVIEW,,,
6a7b92cd0d97848094f62e3e,بابي ليلا نارسيز 2+1,"150,00",,,7346,Lilas BéBé Confort N3 5-10 KG (20 Pièces),37000,10kg,0.333,0.333,0.136,False,LOW,,https://i0.wp.com/www.taibaoline.com/wp-content/uploads/2023/12/Remove-bg.ai_1704023790929.png?fit=570%2C400&ssl=1,True,WOULD_REVIEW,,,
6a7b92cd0d97848094f62e3f,اجاكس خمسة برومو,"100,00",,,31104, Haoshenju Nettoyage haute technologie Ajax,10000,,0.333,0.333,0.083,False,LOW,,https://i0.wp.com/www.taibaoline.com/wp-content/uploads/2024/02/Remove-bg.ai_1708897080085.png?fit=675%2C1198&ssl=1,True,WOULD_REVIEW,,,
6a7b92cd0d97848094f62e40,اوان 3d,"130,00",,,7588,Awane 3D Nuit (7 Serviettes),12000,,0.5,0.5,0.091,False,LOW,,https://i0.wp.com/www.taibaoline.com/wp-content/uploads/2024/01/1.jpg?fit=680%2C680&ssl=1,False,WOULD_REVIEW,,,
6a7b92cd0d97848094f62e42,فليطوكس اسود,"180,00",,,27455,تاشفين &#8211; فلفل أكحل 50 غ,14000,50g,0.5,0.5,0.088,False,LOW,,https://i0.wp.com/www.taibaoline.com/wp-content/uploads/2024/02/Remove-bg.ai_1708380751576.png?fit=900%2C1198&ssl=1,True,WOULD_REVIEW,,,
6a7b92cd0d97848094f62e43,شوكولاطة تالنت ذوق اللوز  كبيرة,"150,00",,,36212,Optilla Aux Amandes Et Lait 140 G,19500,140g,0.5,0.5,0.268,False,LOW,DUP_SOURCE,https://i0.wp.com/www.taibaoline.com/wp-content/uploads/2024/03/Remove-bg.ai_1710859942051.png?fit=810%2C1078&ssl=1,True,WOULD_REVIEW,,,
6a7b92cd0d97848094f62e44,ماء بوقلاز 1.5,"50,00",,,36704,Atack plus &#8211; javel Moussant 2L,23000,2L,0.5,0.5,0.112,False,LOW,DUP_SOURCE,https://i0.wp.com/www.taibaoline.com/wp-content/uploads/2024/03/Remove-bg.ai_1711148228566.png?fit=1200%2C1200&ssl=1,True,WOULD_REVIEW,,,
6a7b92cd0d97848094f62e47,بالي حرشة,"90,00",,,46842,L’Orage Evasion Désodorisant 4en1 Bali Paradise 300 ML,22500,300ml,0.5,0.5,0.072,False,LOW,,https://i0.wp.com/www.taibaoline.com/wp-content/uploads/2025/06/Remove-bg.ai_1751232002645.png?fit=1080%2C1080&ssl=1,True,WOULD_REVIEW,,,
6a7b92cd0d97848094f62e48,بالي رطبة عادية,"100,00",,,26616,Cotex Jumbo Essui-Tout 1 KG De Papier,39000,1kg,0.333,0.333,0.114,False,LOW,,https://i0.wp.com/www.taibaoline.com/wp-content/uploads/2024/02/Remove-bg.ai_1708092763561.png?fit=675%2C1198&ssl=1,True,WOULD_REVIEW,,,
6a7b92cd0d97848094f62e4a,حمص  ميزان12,"420,00",,,38792,Izmir Pois Chiche 1KG,43500,1kg,0.5,0.5,0.135,False,LOW,,https://i0.wp.com/www.taibaoline.com/wp-content/uploads/2024/05/Remove-bg.ai_1716888235309.png?fit=1280%2C719&ssl=1,True,WOULD_REVIEW,,,
6a7b92cd0d97848094f62e8a,ماء مسعد 1.5,"40,00",,,36704,Atack plus &#8211; javel Moussant 2L,23000,2L,0.5,0.5,0.076,False,LOW,DUP_SOURCE,https://i0.wp.com/www.taibaoline.com/wp-content/uploads/2024/03/Remove-bg.ai_1711148228566.png?fit=1200%2C1200&ssl=1,True,WOULD_REVIEW,,,
6a7b92cd0d97848094f62e5b,قازوز اروى اورونجينا 1ل,"75,00",,1L,27879,Doriflor nettoyant meuble 1l,20000,1L,0.333,0.333,0.148,True,LOW,,https://i0.wp.com/www.taibaoline.com/wp-content/uploads/2024/02/Remove-bg.ai_1708289655024.png?fit=675%2C1198&ssl=1,True,WOULD_REVIEW,,,
6a7b92cd0d97848094f62e4f,مونش بالي,"150,00",,,46842,L’Orage Evasion Désodorisant 4en1 Bali Paradise 300 ML,22500,300ml,0.5,0.5,0.084,False,LOW,,https://i0.wp.com/www.taibaoline.com/wp-content/uploads/2025/06/Remove-bg.ai_1751232002645.png?fit=1080%2C1080&ssl=1,True,WOULD_REVIEW,,,
6a7b92cd0d97848094f62e52,موزاية زاست 1ل,"85,00",,1L,27657,Dorilflor nettoyant spécial vitres 1l,15000,1L,0.333,0.333,0.097,True,LOW,,https://i0.wp.com/www.taibaoline.com/wp-content/uploads/2024/02/Remove-bg.ai_1708290557427.png?fit=675%2C1198&ssl=1,True,WOULD_REVIEW,,,
6a7b92cd0d97848094f62e56,قازوز زعيم اورونجينا 2ل,"130,00",,2L,30943,Eau Gazeuse Selecto _ 2L,14000,2L,0.333,0.333,0.237,True,LOW,DUP_SOURCE,https://i0.wp.com/www.taibaoline.com/wp-content/uploads/2024/02/Removal-503.png?fit=800%2C800&ssl=1,False,WOULD_REVIEW,,,
6a7b92cd0d97848094f62e57,صاندو هابي x2,"85,00",,,37535,Happy Pate à Tartiner Aux Noisettes Et Cacao 700 G,75000,700g,0.333,0.333,0.075,False,LOW,,https://i0.wp.com/www.taibaoline.com/wp-content/uploads/2024/04/Remove-bg.ai_1712312746864.png?fit=1280%2C719&ssl=1,True,WOULD_REVIEW,,,
6a7b92cd0d97848094f62e58,صاندو ستوري,"110,00",,,41440,Bifa Story Chocolat Fourré à La Créme De Pistache &amp; Kunafa 115G,25000,115g,0.5,0.5,0.069,False,LOW,,https://i0.wp.com/www.taibaoline.com/wp-content/uploads/2024/12/Remove-bg.ai_1734622563208.png?fit=964%2C1280&ssl=1,True,WOULD_REVIEW,,,
6a7b92cd0d97848094f62e5b,قازوز اروى اورونجينا 2ل,"130,00",,2L,30943,Eau Gazeuse Selecto _ 2L,14000,2L,0.333,0.333,0.215,True,LOW,DUP_SOURCE,https://i0.wp.com/www.taibaoline.com/wp-content/uploads/2024/02/Removal-503.png?fit=800%2C800&ssl=1,False,WOULD_REVIEW,,,
6a7b92cd0d97848094f62e5c,قازوز اروى رمان 1ل,"75,00",,1L,27879,Doriflor nettoyant meuble 1l,20000,1L,0.333,0.333,0.136,True,LOW,,https://i0.wp.com/www.taibaoline.com/wp-content/uploads/2024/02/Remove-bg.ai_1708289655024.png?fit=675%2C1198&ssl=1,True,WOULD_REVIEW,https://api.delivap.com/uploads/1786563573402-e70d23cd-6010-47f4-9ae7-0155d2b53f01.webp,,
6a7b92cd0d97848094f62e64,معجون اسنان سيقادونت 100غ,"300,00",,100g,26363,Dentifrice Natribifluor Original 100G,20000,100g,0.333,0.333,0.266,True,LOW,,https://i0.wp.com/www.taibaoline.com/wp-content/uploads/2024/02/Remove-bg.ai_1708099506314.png?fit=900%2C1198&ssl=1,True,WOULD_REVIEW,,,
6a7b92cd0d97848094f62e65,فرشاة الحلاقة,"140,00",,,32063,Titiz Classic Brush WC,45000,,0.5,0.5,0.222,False,LOW,,https://i0.wp.com/www.taibaoline.com/wp-content/uploads/2024/03/SnapBG.ai_1772016364816.png?fit=572%2C1280&ssl=1,True,WOULD_REVIEW,,,
6a7b92cd0d97848094f62e66,صابون حليب المعز,"170,00",,,61651,صابون الحجرة ,9500,,0.5,0.0,0.5,False,LOW,COMMON_ONLY+DUP_SOURCE,https://i0.wp.com/www.taibaoline.com/wp-content/uploads/2026/02/images.jpg?fit=299%2C168&ssl=1,False,WOULD_REVIEW,,,
6a7b92cd0d97848094f62e6f,جومبو لالة 20مكعب,"180,00",,,18697,lala fatma bessissa spécial 500g,15000,500g,0.333,0.333,0.13,False,LOW,,https://i0.wp.com/www.taibaoline.com/wp-content/uploads/2024/02/Remove-bg.ai_1707630255980.png?fit=675%2C1198&ssl=1,True,WOULD_REVIEW,,,
6a7b92cd0d97848094f62e70,حومبو ميكس,"300,00",,,8093,Réginat Maxi Extra Patisserie 800 G,37000,800g,0.5,0.5,0.081,False,LOW,,https://i0.wp.com/www.taibaoline.com/wp-content/uploads/2024/01/Remove-bg.ai_1751813575155.png?fit=653%2C537&ssl=1,True,WOULD_REVIEW,,,
6a7b92cd0d97848094f62e71,باسيو مان 200مل,"240,00",,200ml,31644,Trustclean wc yellow garden 200ml ,29000,200ml,0.333,0.333,0.159,True,LOW,,https://i0.wp.com/www.taibaoline.com/wp-content/uploads/2024/02/Remove-bg.ai_1709231715911.png?fit=675%2C1198&ssl=1,True,WOULD_REVIEW,,,
6a7b92cd0d97848094f62e72,دينا فورمان اونلي 200مل,"250,00",,200ml,26552,PROVOCATION PARIS RED DÉODORANT 200 ml,23000,200ml,0.25,0.25,0.217,True,LOW,DUP_SOURCE,https://i0.wp.com/www.taibaoline.com/wp-content/uploads/2024/02/Remove-bg.ai_1708122217646.png?fit=900%2C1198&ssl=1,True,WOULD_REVIEW,,,
6a7b92cd0d97848094f62e76,سميد سفينة 10كغ,"500,00",,10kg,33542,Semoule super au blé dure ferdjioua 10Kg,40000,10kg,0.333,0.333,0.141,True,LOW,,https://i0.wp.com/www.taibaoline.com/wp-content/uploads/2024/03/Remove-bg.ai_1709845158058.png?fit=1200%2C899&ssl=1,True,WOULD_REVIEW,,,
6a7b92cd0d97848094f62e78,سيراج احذية 75مل,"140,00",,75ml,17719,DENTIFRICE  SIGNAL SYSTÈME BLANCHEUR,27000,75ml,0.333,0.333,0.169,True,LOW,,https://i0.wp.com/www.taibaoline.com/wp-content/uploads/2024/02/afebc6be0421b49a31cd05174c855c08.jpg?fit=800%2C800&ssl=1,False,WOULD_REVIEW,,,
6a7b92cd0d97848094f62e7a,فطر الحارة مقطع 900غ,"1 000,00",,900g,17302,Cebon El Mordjene Graisse Végétale Pure 900G,42500,900g,0.25,0.25,0.126,True,LOW,,https://i0.wp.com/www.taibaoline.com/wp-content/uploads/2024/02/Remove-bg.ai_1707430393430.png?fit=675%2C1198&ssl=1,True,WOULD_REVIEW,,,
6a7b92cd0d97848094f62e7b,غراء super glue,"40,00",,,40701,Ollagro Fit Oat Muesli D&#8217;Avoine Super Chocolaté 250 G,30000,250g,0.333,0.333,0.126,False,LOW,,https://i0.wp.com/www.taibaoline.com/wp-content/uploads/2024/10/Remove-bg.ai_1750697502907.png?fit=600%2C600&ssl=1,True,WOULD_REVIEW,,,
6a7b92cd0d97848094f62e7c,جي فروي ماكس 2ل,"120,00",,2L,30943,Eau Gazeuse Selecto _ 2L,14000,2L,0.333,0.333,0.118,True,LOW,DUP_SOURCE,https://i0.wp.com/www.taibaoline.com/wp-content/uploads/2024/02/Removal-503.png?fit=800%2C800&ssl=1,False,WOULD_REVIEW,,,
6a7b92cd0d97848094f62e7d,جي باست جو 2ل,"80,00",,2L,30943,Eau Gazeuse Selecto _ 2L,14000,2L,0.333,0.333,0.145,True,LOW,DUP_SOURCE,https://i0.wp.com/www.taibaoline.com/wp-content/uploads/2024/02/Removal-503.png?fit=800%2C800&ssl=1,False,WOULD_REVIEW,,,
6a7b92cd0d97848094f62e7e,شوكولاطة تالنت صغيرة بلفول السوداني,"60,00",,,32838,Lahlou Macarons Aux Arachides 18 PS,40000,,0.259,0.2,0.259,False,LOW,,https://i0.wp.com/www.taibaoline.com/wp-content/uploads/2024/03/Remove-bg.ai_1709453924633.png?fit=1198%2C675&ssl=1,True,WOULD_REVIEW,,,
6a7b92cd0d97848094f62e7f,شوكولاطة تالنت صغيلرة بلوز,"80,00",,,35975,Moment Chocolat Lait Et Amandes Entières 145 G,44000,145g,0.25,0.25,0.178,False,LOW,DUP_SOURCE,https://i0.wp.com/www.taibaoline.com/wp-content/uploads/2024/03/Untitled2_20240315205605.png?fit=809%2C1080&ssl=1,False,WOULD_REVIEW,,,
6a7b92cd0d97848094f62e80,وافر كاكاو بيفا دولسي,"50,00",,,33841,Bifa Cakes Muffin&#8217;s Fourres Full Cacao 10 Muffin&#8217;s,13500,,0.5,0.5,0.135,False,LOW,,https://i0.wp.com/www.taibaoline.com/wp-content/uploads/2024/03/Remove-bg.ai_1709763943134.png?fit=675%2C1198&ssl=1,True,WOULD_REVIEW,,,
6a7b92cd0d97848094f62e83,مقروط الدار 10 قطع,"250,00",,,17508,El Dar Pain Complet 1KG,7500,1kg,0.5,0.5,0.184,False,LOW,,https://i0.wp.com/www.taibaoline.com/wp-content/uploads/2024/02/Remove-bg.ai_1707431009031.png?fit=675%2C1198&ssl=1,True,WOULD_REVIEW,,,
6a7b92cd0d97848094f62e85,مقروط الدار 6قطع,"150,00",,,26337,El Dar Farine Pain Complet 5 KG,34000,5kg,0.333,0.333,0.124,False,LOW,,https://i0.wp.com/www.taibaoline.com/wp-content/uploads/2024/02/Remove-bg.ai_1707631608232.png?fit=675%2C1198&ssl=1,True,WOULD_REVIEW,,,
6a7b92cd0d97848094f62e86,صابلي بلكاراميل 12قطعة,"220,00",,,32524,Ovoila Biscuits Sablé Fourré la Créme de Cacahuétes 240G,9000,240g,0.333,0.333,0.115,False,LOW,,https://i0.wp.com/www.taibaoline.com/wp-content/uploads/2024/03/Remove-bg.ai_1709443421494.png?fit=675%2C1198&ssl=1,True,WOULD_REVIEW,,,
6a7b92cd0d97848094f62e87,فلان رابحة متعدد اللأدواق,"85,00",,,34147,Flano rabha gout chocolat 100g,8000,100g,0.5,0.5,0.309,False,LOW,,https://i0.wp.com/www.taibaoline.com/wp-content/uploads/2024/03/Remove-bg.ai_1709910756812.png?fit=1200%2C674&ssl=1,True,WOULD_REVIEW,,,
6a7b92cd0d97848094f62e89,جي فرويتي 2 لتر,"160,00",,2L,6096,Afia Huile 2 L,25000,2L,0.312,0.0,0.312,True,LOW,COMMON_ONLY,https://i0.wp.com/www.taibaoline.com/wp-content/uploads/2023/12/Remove-bg.ai_1750503220337.png?fit=800%2C800&ssl=1,True,WOULD_REVIEW,,,
6a7b92cd0d97848094f62e8a,ماء مسعد 5.5,"90,00",,,36704,Atack plus &#8211; javel Moussant 2L,23000,2L,0.5,0.5,0.076,False,LOW,DUP_SOURCE,https://i0.wp.com/www.taibaoline.com/wp-content/uploads/2024/03/Remove-bg.ai_1711148228566.png?fit=1200%2C1200&ssl=1,True,WOULD_REVIEW,,,
6a7b92cd0d97848094f62ea3,كومبيبي 5/40,"1 150,00",,,37351,منى فيجيكاو بالحليب 40 غ,3500,40g,0.254,0.0,0.254,False,LOW,COMMON_ONLY+DUP_SOURCE,https://i0.wp.com/www.taibaoline.com/wp-content/uploads/2024/03/Remove-bg.ai_1711757050298-e1711757126966.png?fit=1080%2C809&ssl=1,True,WOULD_REVIEW,,,
6a7b92cd0d97848094f62e8e,طاجين بدون كرطونة,"300,00",,,5724,فوزيلي بدون غلوتين 350غ,25000,350g,0.439,0.0,0.439,False,LOW,COMMON_ONLY+DUP_SOURCE,https://i0.wp.com/www.taibaoline.com/wp-content/uploads/2023/12/%D9%85%D8%B9%D9%83%D8%B1%D9%88%D9%86%D8%A9-%D9%84%D9%88%D9%84%D8%A8%D9%8A%D8%A9-%D8%A8%D8%AF%D9%88%D9%86-%D8%BA%D9%84%D9%88%D8%AA%D9%8A%D9%86-%D8%B3%D9%81%D9%8A%D9%86%D8%A9-350-%D8%BA.jpg?fit=449%2C416&ssl=1,False,WOULD_REVIEW,,,
6a7b92cd0d97848094f62e8f,سردين طماطم,"140,00",,,9278,Jumbo Sauce Tomate Prête à Cuisiner 1KG,21000,1kg,0.5,0.5,0.094,False,LOW,,https://i0.wp.com/www.taibaoline.com/wp-content/uploads/2024/02/Remove-bg.ai_1748381273093.png?fit=964%2C1280&ssl=1,True,WOULD_REVIEW,,,
6a7b92cd0d97848094f62e91,برغل تركي ايبرو,"310,00",,,34482,Coeur De Céréales Borghol Gros 1KG,43000,1kg,0.333,0.333,0.122,False,LOW,,https://i0.wp.com/www.taibaoline.com/wp-content/uploads/2024/03/Remove-bg.ai_1709933718185.png?fit=1200%2C1200&ssl=1,True,WOULD_REVIEW,,,
6a7b92cd0d97848094f62e92,شوكولاطة اومباسادور  بلحليب,"220,00",,,36005,MOMENT Chocolat Caramel Crème 90 g,20000,90g,0.333,0.333,0.187,False,LOW,,https://i0.wp.com/www.taibaoline.com/wp-content/uploads/2024/03/Remove-bg.ai_1710535267639.png?fit=1080%2C809&ssl=1,True,WOULD_REVIEW,,,
6a7b92cd0d97848094f62e94,شوكولاطة دادا,"360,00",,,35975,Moment Chocolat Lait Et Amandes Entières 145 G,44000,145g,0.5,0.5,0.141,False,LOW,,https://i0.wp.com/www.taibaoline.com/wp-content/uploads/2024/03/Untitled2_20240315205605.png?fit=809%2C1080&ssl=1,False,WOULD_REVIEW,,,
6a7b92cd0d97848094f62e95,قاطو سلبريتي /حجم كبير,"120,00",,,30888,Sacs Congélation Premier Choix 3K GM,9000,3kg,0.5,0.5,0.203,False,LOW,DUP_SOURCE,https://i0.wp.com/www.taibaoline.com/wp-content/uploads/2024/02/Remove-bg.ai_1708896232789.png?fit=675%2C1198&ssl=1,True,WOULD_REVIEW,,,
6a7b92cd0d97848094f62e98,زبدة فول سوداني حجم متوسط,"410,00",,,30872,Rama Sacs Congélation Ultra-Zip 15 Sacs Moyen,15000,,0.4,0.4,0.191,False,LOW,,https://i0.wp.com/www.taibaoline.com/wp-content/uploads/2024/02/Remove-bg.ai_1709066281497.png?fit=1200%2C673&ssl=1,True,WOULD_REVIEW,,,
6a7b92cd0d97848094f62ea3,كومبيبي 3/40,"950,00",,,37351,منى فيجيكاو بالحليب 40 غ,3500,40g,0.254,0.0,0.254,False,LOW,COMMON_ONLY+DUP_SOURCE,https://i0.wp.com/www.taibaoline.com/wp-content/uploads/2024/03/Remove-bg.ai_1711757050298-e1711757126966.png?fit=1080%2C809&ssl=1,True,WOULD_REVIEW,,,
6a7b92cd0d97848094f62e9c,قاليت شرشال,"100,00",,,34410,Cherchell Biscuit Fourrés à La Créme Gout Chocolat 35G,1500,35g,0.5,0.5,0.071,False,LOW,,https://i0.wp.com/www.taibaoline.com/wp-content/uploads/2024/03/Remove-bg.ai_1709842362900.png?fit=1200%2C674&ssl=1,True,WOULD_REVIEW,,,
6a7b92cd0d97848094f62e9d,قهوة اربيكا,"920,00",,,7897," Café Caps Presso 5,6 G613",41000,5.6g,0.5,0.5,0.032,False,LOW,,https://i0.wp.com/www.taibaoline.com/wp-content/uploads/2024/01/Remove-bg.ai_1749544899698.png?fit=500%2C500&ssl=1,True,WOULD_REVIEW,,,
6a7b92cd0d97848094f62e9e,عدس ميزان,"220,00",,,34376,Assil Lentilles Rouge 1 KG,22000,1kg,0.5,0.5,0.11,False,LOW,DUP_SOURCE,https://i0.wp.com/www.taibaoline.com/wp-content/uploads/2024/03/Remove-bg.ai_1709925981233.png?fit=1200%2C1200&ssl=1,True,WOULD_REVIEW,,,
6a7b92cd0d97848094f62e9f,لوبيا ميزان,"370,00",,,40180, Thika Haricot Rouge 500 G,21000,500g,0.5,0.5,0.168,False,LOW,DUP_SOURCE,https://i0.wp.com/www.taibaoline.com/wp-content/uploads/2024/08/Remove-bg.ai_1749892913369.png?fit=800%2C800&ssl=1,True,WOULD_REVIEW,,,
6a7b92cd0d97848094f62ea0,جنواز كيتوب,"40,00",,,32922,Génoise Gusti Enrobée De Cacao Et Fourée A La Créme Goùt Vanille 10ps,13000,,0.5,0.5,0.075,False,LOW,,https://i0.wp.com/www.taibaoline.com/wp-content/uploads/2024/03/Remove-bg.ai_1709579208215.png?fit=675%2C1198&ssl=1,True,WOULD_REVIEW,,,
6a7b92cd0d97848094f62ea2,ارز مفور عادي  ميزان,"140,00",,,34205,La Belle Riz Etuvé 1 KG,16000,1kg,0.5,0.5,0.239,False,LOW,,https://i0.wp.com/www.taibaoline.com/wp-content/uploads/2024/03/Riz-La-Belle-Etuve-1kg.jpg?fit=600%2C600&ssl=1,False,WOULD_REVIEW,,,
6a7b92cd0d97848094f62ea3,كومبيبي 40/6,"1 030,00",,,37351,منى فيجيكاو بالحليب 40 غ,3500,40g,0.225,0.0,0.225,False,LOW,COMMON_ONLY+DUP_SOURCE,https://i0.wp.com/www.taibaoline.com/wp-content/uploads/2024/03/Remove-bg.ai_1711757050298-e1711757126966.png?fit=1080%2C809&ssl=1,True,WOULD_REVIEW,,,
6a7b92cd0d97848094f62ea7,اكتي دانون,"35,00",,,29568,  Yaourt DANONE Trèfle Aromatisé 70g,1600,70g,0.5,0.5,0.144,False,LOW,,https://i0.wp.com/www.taibaoline.com/wp-content/uploads/2024/02/Remove-bg.ai_1708714938826.png?fit=1200%2C1200&ssl=1,True,WOULD_REVIEW,,,
6a7b92cd0d97848094f62eab,ترافل 20دج,"20,00",,,29247,  Yaourt DANONE Trèfle Aromatisé 95g,2000,95g,0.5,0.5,0.103,False,LOW,,https://i0.wp.com/www.taibaoline.com/wp-content/uploads/2024/02/trefle_ferme_framboise.webp?fit=800%2C491&ssl=1,False,WOULD_REVIEW,,,
6a7b92cd0d97848094f62eac,ترافل فرويتي,"25,00",,,29247,  Yaourt DANONE Trèfle Aromatisé 95g,2000,95g,0.5,0.5,0.118,False,LOW,,https://i0.wp.com/www.taibaoline.com/wp-content/uploads/2024/02/trefle_ferme_framboise.webp?fit=800%2C491&ssl=1,False,WOULD_REVIEW,,,
6a7b92cd0d97848094f62eae,حنة بن يحيى,"140,00",,,39644,Bon Bons Malizia Parfune Milk Cake 50 ML,28000,50ml,0.333,0.333,0.108,False,LOW,,https://i0.wp.com/www.taibaoline.com/wp-content/uploads/2024/07/Remove-bg.ai_1750673056939.png?fit=700%2C700&ssl=1,True,WOULD_REVIEW,,,
6a7b92cd0d97848094f62eb3,كيرمة ازالة الشعر فينوس,"140,00",,,18159,VENUS _ ACNÉ CONTROLE,32000,,0.333,0.333,0.176,False,LOW,,https://i0.wp.com/www.taibaoline.com/wp-content/uploads/2024/02/CS000124.jpg?fit=800%2C800&ssl=1,False,WOULD_REVIEW,,,
6a7b92cd0d97848094f62eb5,كريمة كادونس,"150,00",,,64345,Moon Excellence Créme Aux Noisettes Grillées 200 G,28000,200g,0.5,0.5,0.104,False,LOW,DUP_SOURCE,https://i0.wp.com/www.taibaoline.com/wp-content/uploads/2026/08/SnapBG.ai_1785758479662.png?fit=1280%2C960&ssl=1,True,WOULD_REVIEW,,,
6a7b92cd0d97848094f62eb7,دوراكس مزيل العرق,"220,00",,,17191,DOLLE DÉODORANT -PERPULE PEARL,20000,,0.5,0.5,0.115,False,LOW,,https://i0.wp.com/www.taibaoline.com/wp-content/uploads/2024/02/Remove-bg.ai_1707439664187.png?fit=900%2C1198&ssl=1,True,WOULD_REVIEW,,,
6a7b92cd0d97848094f62eba,ماء ماركلوس ناموس,"150,00",,,36705,Aigle Eau De Javel 900 ML,10000,900ml,0.333,0.333,0.126,False,LOW,DUP_SOURCE,https://i0.wp.com/www.taibaoline.com/wp-content/uploads/2024/03/Remove-bg.ai_1711150583046.png?fit=1200%2C1200&ssl=1,True,WOULD_REVIEW,,,
6a7b92cd0d97848094f62ebe,بيبرو بلاستيك صغير,"170,00",,,52925,Thella Couches Confort Small 14 Pièces,81000,,0.333,0.333,0.107,False,LOW,DUP_SOURCE,https://i0.wp.com/www.taibaoline.com/wp-content/uploads/2025/09/Remove-bg.ai_1757163348664.webp?fit=1064%2C1280&ssl=1,True,WOULD_REVIEW,,,
6a7b92cd0d97848094f62ebf,قهوة روبيستا,"700,00",,,7897," Café Caps Presso 5,6 G613",41000,5.6g,0.5,0.5,0.031,False,LOW,,https://i0.wp.com/www.taibaoline.com/wp-content/uploads/2024/01/Remove-bg.ai_1749544899698.png?fit=500%2C500&ssl=1,True,WOULD_REVIEW,,,
6a7b92cd0d97848094f62ec1,فيتامين 2 لتر,"80,00",,2L,6096,Afia Huile 2 L,25000,2L,0.29,0.0,0.29,True,LOW,COMMON_ONLY+DUP_SOURCE,https://i0.wp.com/www.taibaoline.com/wp-content/uploads/2023/12/Remove-bg.ai_1750503220337.png?fit=800%2C800&ssl=1,True,WOULD_REVIEW,,,
6a7b92cd0d97848094f62ec2,فيتامين حجم 3 لتر,"130,00",,3L,7939,Sacosa Huile 3 litre,79000,3L,0.203,0.0,0.203,True,LOW,COMMON_ONLY+DUP_SOURCE,https://i0.wp.com/www.taibaoline.com/wp-content/uploads/2024/01/Remove-bg.ai_1704892498846.png?fit=1200%2C1200&ssl=1,True,WOULD_REVIEW,,,
6a7b92cd0d97848094f62ec4,جافيل اقل 5لتر,"250,00",,5L,36790,Life  &#8211; eau de javel 5L,27000,5L,0.333,0.333,0.193,True,LOW,,https://i0.wp.com/www.taibaoline.com/wp-content/uploads/2024/03/life-javel-5l-2.jpg?fit=500%2C483&ssl=1,False,WOULD_REVIEW,,,
6a7b92cd0d97848094f62ec7,فلفل مرقد 100غ,"60,00",,100g,35524,Dorex Savon De Beauté à L&#8217;Extrait De Lait Elégance Florale 100G,7500,100g,0.333,0.333,0.101,True,LOW,,https://i0.wp.com/www.taibaoline.com/wp-content/uploads/2024/03/Remove-bg.ai_1752593595038.png?fit=800%2C800&ssl=1,True,WOULD_REVIEW,,,
6a7b92cd0d97848094f62ec8,زيتون كاسي مثلث,"120,00",,,37006,زيتون أسود,5000,,0.526,0.333,0.526,False,LOW,,https://i0.wp.com/www.taibaoline.com/wp-content/uploads/2024/03/Remove-bg.ai_1711286624565.png?fit=1200%2C899&ssl=1,True,WOULD_REVIEW,,,
6a7b92cd0d97848094f62ec9,صابون ليسر 10 لتر,"1 050,00",,10L,32610,Atack Plus Savon De Marseille 10L,110000,10L,0.206,0.0,0.206,True,LOW,COMMON_ONLY,https://i0.wp.com/www.taibaoline.com/wp-content/uploads/2024/03/Remove-bg.ai_1709569459745.png?fit=1200%2C901&ssl=1,True,WOULD_REVIEW,,,
6a7b92cd0d97848094f62ecc,كرز حب,"160,00",,,34822,الساحل &#8211; قصبر حب 30 غ,5000,30g,0.5,0.5,0.1,False,LOW,,https://i0.wp.com/www.taibaoline.com/wp-content/uploads/2024/03/Remove-bg.ai_1710012363101-e1710018111563.png?fit=899%2C1200&ssl=1,True,WOULD_REVIEW,,,
6a7b92cd0d97848094f62ece,كروكي علبة,"220,00",,,33517,Flan Nouara sachet banane 24 pcs*54g,80000,"54g,56g",0.5,0.5,0.074,False,LOW,,https://i0.wp.com/www.taibaoline.com/wp-content/uploads/2024/03/Remove-bg.ai_1709832267861.png?fit=1200%2C674&ssl=1,True,WOULD_REVIEW,,,
6a7b92cd0d97848094f62ecf,خبز بورقر,"140,00",,,36133,Hana Pain Complet Fromat Moyen 500G,12500,500g,0.5,0.5,0.085,False,LOW,,https://i0.wp.com/www.taibaoline.com/wp-content/uploads/2024/03/Remove-bg.ai_1710838630547.png?fit=675%2C1198&ssl=1,True,WOULD_REVIEW,,,
6a7b92cd0d97848094f62ed3,دانون اكتفية فرويتي,"40,00",,,57108,Yaourt Danone Activia Péche Abricot 100 G,4000,100g,0.333,0.333,0.177,False,LOW,,https://i0.wp.com/www.taibaoline.com/wp-content/uploads/2025/11/IMG20251116094608-removebg-preview-1.webp?fit=1080%2C608&ssl=1,True,WOULD_REVIEW,,,
6a7b92cd0d97848094f62ed5,بيق فاميلي,"140,00",,,39669,Cotylys Family Bàtonnets Ouatés 200 Bàtonnets,11000,,0.5,0.5,0.112,False,LOW,,https://i0.wp.com/www.taibaoline.com/wp-content/uploads/2024/07/Remove-bg.ai_1720517044055.png?fit=1280%2C719&ssl=1,True,WOULD_REVIEW,,,
6a7b92cd0d97848094f62ed6,صابون توبسيل 10ل,"1 250,00",,10L,32614,Atack Plus Savon De Marseille 10L,110000,10L,0.208,0.0,0.208,True,LOW,COMMON_ONLY,https://i0.wp.com/www.taibaoline.com/wp-content/uploads/2024/03/Remove-bg.ai_1709569826172.png?fit=1200%2C901&ssl=1,True,WOULD_REVIEW,,,
6a7b92cd0d97848094f62ed8,توبسيل اواني 2ل,"380,00",,2L,30943,Eau Gazeuse Selecto _ 2L,14000,2L,0.333,0.333,0.188,True,LOW,DUP_SOURCE,https://i0.wp.com/www.taibaoline.com/wp-content/uploads/2024/02/Removal-503.png?fit=800%2C800&ssl=1,False,WOULD_REVIEW,,,
6a7b92cd0d97848094f62edc,اسكيمو قولدن,"70,00",,,34070,1Kg أرز بسمتي قولدن  _ Riz BASMATI Gold,26000,1kg,0.5,0.5,0.189,False,LOW,,https://i0.wp.com/www.taibaoline.com/wp-content/uploads/2024/03/Sidi_moulay_203_riz_basmati_orban.jpeg?fit=900%2C600&ssl=1,False,WOULD_REVIEW,,,
6a7b92cd0d97848094f62ee0,كسكس linat,"310,00",,,8072,Linat Mix Crepe 400 G,26000,400g,0.5,0.5,0.148,False,LOW,,https://i0.wp.com/www.taibaoline.com/wp-content/uploads/2024/01/Remove-bg.ai_1751879309762.png?fit=1200%2C538&ssl=1,True,WOULD_REVIEW,,,
6a7b92cd0d97848094f62ee1,فرينة الدرة  800غ,"210,00",,800g,8083,Réginat Mix Pain 800 G,35000,800g,0.333,0.333,0.244,True,LOW,,https://i0.wp.com/www.taibaoline.com/wp-content/uploads/2024/01/Remove-bg.ai_1751814469959.png?fit=773%2C522&ssl=1,True,WOULD_REVIEW,,,
6a7b92cd0d97848094f62ee4,قاطو كروك s_ g,"190,00",,,32545,Croc Matin Biscuits Casse Croute 325G,9000,325g,0.5,0.5,0.116,False,LOW,,https://i0.wp.com/www.taibaoline.com/wp-content/uploads/2024/03/Remove-bg.ai_1709444028163.png?fit=674%2C1200&ssl=1,True,WOULD_REVIEW,,,
6a7b92cd0d97848094f62ee8,فرماج بيكو 16 قطعة,"145,00",,,62339,Cotex Confort Déco Papier Hygienique 24 Rouleaux + 8 Offerts,64000,,0.5,0.5,0.107,False,LOW,,https://i0.wp.com/www.taibaoline.com/wp-content/uploads/2026/03/SnapBG.ai_1773222685670.png?fit=443%2C588&ssl=1,True,WOULD_REVIEW,,,
6a7b92cd0d97848094f62ee9,شاف لافاش كيري,"65,00",,,18653,Mr chef bessissa 700g,8500,700g,0.333,0.333,0.123,False,LOW,,https://i0.wp.com/www.taibaoline.com/wp-content/uploads/2024/02/Remove-bg.ai_1707629638184.png?fit=675%2C1198&ssl=1,True,WOULD_REVIEW,,,
6a7b92cd0d97848094f62eeb,اكتي فرويتي صومام,"30,00",,,27016,Clean Fruité Servittes de table 80 Servittes,8000,,0.5,0.5,0.181,False,LOW,,https://i0.wp.com/www.taibaoline.com/wp-content/uploads/2024/02/Remove-bg.ai_1708196735708.png?fit=675%2C1198&ssl=1,True,WOULD_REVIEW,,,
6a7b92cd0d97848094f62eec,جولي صغير,"15,00",,,52925,Thella Couches Confort Small 14 Pièces,81000,,0.5,0.5,0.098,False,LOW,,https://i0.wp.com/www.taibaoline.com/wp-content/uploads/2025/09/Remove-bg.ai_1757163348664.webp?fit=1064%2C1280&ssl=1,True,WOULD_REVIEW,,,
6a7b92cd0d97848094f62eed,لفراز صومام,"20,00",,,28101,  L&#8217;Ben Soummam 1L,13500,1L,0.206,0.0,0.206,False,LOW,COMMON_ONLY,https://i0.wp.com/www.taibaoline.com/wp-content/uploads/2024/02/Remove-bg.ai_1750349177500.png?fit=800%2C800&ssl=1,True,WOULD_REVIEW,,,
6a7b92cd0d97848094f62ef1,لامبة لاد 15,"180,00",,,34690,أسيل &#8211; فلفل أبيض 15غ,8000,15g,0.333,0.333,0.141,False,LOW,,https://i0.wp.com/www.taibaoline.com/wp-content/uploads/2024/03/Remove-bg.ai_1709989152504.png?fit=899%2C1200&ssl=1,True,WOULD_REVIEW,,,
6a7b92cd0d97848094f62ef1,لامبة لاد 18,"220,00",,,7255,Happy Dry Pants  N4 Culottes 7-18 KG (40 Pièces),85000,18kg,0.333,0.333,0.073,False,LOW,,https://i0.wp.com/www.taibaoline.com/wp-content/uploads/2023/12/Remove-bg.ai_1703936524095-1.png?fit=575%2C362&ssl=1,True,WOULD_REVIEW,,,
6a7b92cd0d97848094f62ef1,لامبة لاد 12,"160,00",,,31200,Wellmax lampe led orange 0.5w ,15000,,0.5,0.5,0.165,False,LOW,,https://i0.wp.com/www.taibaoline.com/wp-content/uploads/2024/02/Remove-bg.ai_1708898950191.png?fit=675%2C1198&ssl=1,True,WOULD_REVIEW,,,
6a7b92cd0d97848094f62ef2,كوكاو قشور,"390,00",,,42054,كاكاو بدون قشور (ابيض),72000,,0.5,0.5,0.316,False,LOW,,https://i0.wp.com/www.taibaoline.com/wp-content/uploads/2025/02/cacahete-sana-peau.jpg?fit=1200%2C1425&ssl=1,False,WOULD_REVIEW,,,
6a7b92cd0d97848094f62ef3,لاد 22,"300,00",,,31200,Wellmax lampe led orange 0.5w ,15000,,0.5,0.5,0.078,False,LOW,,https://i0.wp.com/www.taibaoline.com/wp-content/uploads/2024/02/Remove-bg.ai_1708898950191.png?fit=675%2C1198&ssl=1,True,WOULD_REVIEW,,,
6a7b92cd0d97848094f62ef4,ماء قديلة,"40,00",,,36704,Atack plus &#8211; javel Moussant 2L,23000,2L,0.5,0.5,0.078,False,LOW,DUP_SOURCE,https://i0.wp.com/www.taibaoline.com/wp-content/uploads/2024/03/Remove-bg.ai_1711148228566.png?fit=1200%2C1200&ssl=1,True,WOULD_REVIEW,,,
6a7b92cd0d97848094f62ef5,كوكا كانيط,"80,00",,,32208,Eau Gazeuse Coca Cola Canette _ 24CL,7000,240ml,0.5,0.5,0.127,False,LOW,,https://i0.wp.com/www.taibaoline.com/wp-content/uploads/2024/03/coca-cola-2.png?fit=586%2C684&ssl=1,False,WOULD_REVIEW,,,
6a7b92cd0d97848094f62ef6,اروى كولا لتر,"65,00",,,6255,حليب أوبي 1 لتر,12500,1L,0.552,0.0,0.552,False,LOW,COMMON_ONLY+DUP_SOURCE,https://i0.wp.com/www.taibaoline.com/wp-content/uploads/2023/12/leche-obei-1l-1.jpg?fit=800%2C800&ssl=1,False,WOULD_REVIEW,,,
6a7b92cd0d97848094f62ef8,زعيم لتر,"60,00",,,6255,حليب أوبي 1 لتر,12500,1L,0.417,0.0,0.417,False,LOW,COMMON_ONLY+DUP_SOURCE,https://i0.wp.com/www.taibaoline.com/wp-content/uploads/2023/12/leche-obei-1l-1.jpg?fit=800%2C800&ssl=1,False,WOULD_REVIEW,,,
6a7b92cd0d97848094f62ef8,زعيم 2 لتر,"100,00",,2L,6096,Afia Huile 2 L,25000,2L,0.271,0.0,0.271,True,LOW,COMMON_ONLY+DUP_SOURCE,https://i0.wp.com/www.taibaoline.com/wp-content/uploads/2023/12/Remove-bg.ai_1750503220337.png?fit=800%2C800&ssl=1,True,WOULD_REVIEW,,,
6a7b92cd0d97848094f62efd,شوكولاطة بلحليب والبندق ماروخا,"250,00",,,37351,منى فيجيكاو بالحليب 40 غ,3500,40g,0.315,0.25,0.315,False,LOW,DUP_SOURCE,https://i0.wp.com/www.taibaoline.com/wp-content/uploads/2024/03/Remove-bg.ai_1711757050298-e1711757126966.png?fit=1080%2C809&ssl=1,True,WOULD_REVIEW,,,
6a7b92cd0d97848094f62f00,ريحة تاع  شنابر 750 مل,"280,00",,750ml,29628,Casa Air Insecticide Volonts Et Rampants Lavande 750 ML,25000,750ml,0.333,0.333,0.162,True,LOW,,https://i0.wp.com/www.taibaoline.com/wp-content/uploads/2024/02/Remove-bg.ai_1708471224284.png?fit=675%2C1198&ssl=1,True,WOULD_REVIEW,,,
6a7b92cd0d97848094f62f04,طراشن كوتكس 80 قطعة,"85,00",,,41702,Canbebe N4 7-17 Kg (80 Pièces),200000,17kg,0.5,0.5,0.122,False,LOW,,https://i0.wp.com/www.taibaoline.com/wp-content/uploads/2025/01/Remove-bg.ai_1738061682681.png?fit=500%2C500&ssl=1,True,WOULD_REVIEW,,,
6a7b92cd0d97848094f62f06,هريسة صغيرة,"75,00",,,42311,CAB Harissa 760G,31000,760g,0.5,0.5,0.215,False,LOW,,https://i0.wp.com/www.taibaoline.com/wp-content/uploads/2025/02/SnapBG.ai_1740392792276.png?fit=1280%2C962&ssl=1,True,WOULD_REVIEW,,,
6a7b92cd0d97848094f62f09,دانون سريلو,"30,00",,,29568,  Yaourt DANONE Trèfle Aromatisé 70g,1600,70g,0.5,0.5,0.143,False,LOW,,https://i0.wp.com/www.taibaoline.com/wp-content/uploads/2024/02/Remove-bg.ai_1708714938826.png?fit=1200%2C1200&ssl=1,True,WOULD_REVIEW,,,
6a7b92cd0d97848094f62f0a,سيدو اطفال,"180,00",,,28186,Yaourt DANONE KIDS Junior league drink _ Fraise 155 g,5000,155g,0.5,0.5,0.104,False,LOW,,https://i0.wp.com/www.taibaoline.com/wp-content/uploads/2024/02/bouteille_JL_1.webp?fit=800%2C491&ssl=1,False,WOULD_REVIEW,,,
6a7b92cd0d97848094f62f0d,قوستي بيفا,"150,00",,,41440,Bifa Story Chocolat Fourré à La Créme De Pistache &amp; Kunafa 115G,25000,115g,0.5,0.5,0.049,False,LOW,,https://i0.wp.com/www.taibaoline.com/wp-content/uploads/2024/12/Remove-bg.ai_1734622563208.png?fit=964%2C1280&ssl=1,True,WOULD_REVIEW,,,
6a7b92cd0d97848094f62f0f,سيروم شعر سوليس,"390,00",,,17774,ANDREA DOTI SERUM _ ANTI DANDRRUFF_ ANTI PELLICULAIRE,44000,,0.333,0.333,0.127,False,LOW,,https://i0.wp.com/www.taibaoline.com/wp-content/uploads/2024/02/Remove-bg.ai_1707510598748.png?fit=1200%2C1200&ssl=1,True,WOULD_REVIEW,,,
6a7b92cd0d97848094f62f10,هاوي بلسم لشعر,"120,00",,,17059,DOREX 2 EN 1 SHAMPOO ET CONDITIONNER,12000,,0.333,0.333,0.158,False,LOW,,https://i0.wp.com/www.taibaoline.com/wp-content/uploads/2024/02/Remove-bg.ai_1707408058348-e1707425474902.png?fit=800%2C1065&ssl=1,True,WOULD_REVIEW,,,
6a7b92cd0d97848094f62f11,كروكس شيبس,"60,00",,,54562,Silver Chips Goùt Chili &#038; Lime 45 G,15000,45g,0.5,0.5,0.098,False,LOW,,,False,WOULD_REVIEW,,,
6a7b92cd0d97848094f62f12,سائل اواني اومو,"175,00",,,33427,Omo lave linge  parfum citron 300g,11000,300g,0.5,0.5,0.106,False,LOW,,https://i0.wp.com/www.taibaoline.com/wp-content/uploads/2024/03/Remove-bg.ai_1709806730489.png?fit=1200%2C675&ssl=1,True,WOULD_REVIEW,,,
6a7b92cd0d97848094f62f13,بوقلاز 33 س,"25,00",,,36996, Ifri Sport Fardeau de 12 bouteilles d’eau minérale 0.33L,24000,330ml,0.5,0.5,0.09,False,LOW,,https://i0.wp.com/www.taibaoline.com/wp-content/uploads/2024/03/photo_2024-03-24_11-32-09-2.jpg?fit=225%2C225&ssl=1,False,WOULD_REVIEW,,,
6a7b92cd0d97848094f62f17,سوبر تويستر,"40,00",,,33120,Qaada Super Yoopiiz Biscuit Au Lait 270 G,9000,270g,0.5,0.5,0.096,False,LOW,,https://i0.wp.com/www.taibaoline.com/wp-content/uploads/2024/03/Remove-bg.ai_1709672439679.png?fit=675%2C1198&ssl=1,True,WOULD_REVIEW,,,
6a7b92cd0d97848094f62f18,شيبس مهبول,"60,00",,,54562,Silver Chips Goùt Chili &#038; Lime 45 G,15000,45g,0.5,0.5,0.13,False,LOW,,,False,WOULD_REVIEW,,,
6a7b92cd0d97848094f62f19,شيبس مهبول حجم عائلي,"120,00",,,33136,Regalo Biscuit Filled With Hazelnut And Cocoa Cream 5 PS,24000,,0.5,0.5,0.139,False,LOW,,https://i0.wp.com/www.taibaoline.com/wp-content/uploads/2024/03/Remove-bg.ai_1709579558282.png?fit=675%2C1198&ssl=1,True,WOULD_REVIEW,,,
6a7b92cd0d97848094f62f1f,جي رويبة 33,"50,00",,,30910,Eau Gazeuse HAMOUD BOUALEM LA BLANCHE _ 33 CL,0,330ml,0.5,0.5,0.065,False,LOW,,https://i0.wp.com/www.taibaoline.com/wp-content/uploads/2024/02/Removal-623.png?fit=800%2C800&ssl=1,False,WOULD_REVIEW,,,
6a7b92cd0d97848094f62f20,جي ذطازج 33,"50,00",,,30910,Eau Gazeuse HAMOUD BOUALEM LA BLANCHE _ 33 CL,0,330ml,0.5,0.5,0.065,False,LOW,,https://i0.wp.com/www.taibaoline.com/wp-content/uploads/2024/02/Removal-623.png?fit=800%2C800&ssl=1,False,WOULD_REVIEW,,,
6a7b92cd0d97848094f62f21,ماء غازي افري33,"35,00",,,36705,Aigle Eau De Javel 900 ML,10000,900ml,0.333,0.333,0.151,False,LOW,DUP_SOURCE,https://i0.wp.com/www.taibaoline.com/wp-content/uploads/2024/03/Remove-bg.ai_1711150583046.png?fit=1200%2C1200&ssl=1,True,WOULD_REVIEW,,,
6a7b92cd0d97848094f62f23,سميد سيدي مجبر,"100,00",,,33542,Semoule super au blé dure ferdjioua 10Kg,40000,10kg,0.333,0.333,0.157,False,LOW,DUP_SOURCE,https://i0.wp.com/www.taibaoline.com/wp-content/uploads/2024/03/Remove-bg.ai_1709845158058.png?fit=1200%2C899&ssl=1,True,WOULD_REVIEW,,,
6a7b92cd0d97848094f62f24,شربة لار,"60,00",,,28226,تاشفين -توابل شوربة 40 غ,7500,"10g,40g",0.5,0.5,0.132,False,LOW,,https://i0.wp.com/www.taibaoline.com/wp-content/uploads/2024/02/Remove-bg.ai_1708461765091.png?fit=900%2C1198&ssl=1,True,WOULD_REVIEW,,,
6a7b92cd0d97848094f62f26,فرماج ريكو 24 قطعة,"225,00",,,62339,Cotex Confort Déco Papier Hygienique 24 Rouleaux + 8 Offerts,64000,,0.5,0.5,0.086,False,LOW,,https://i0.wp.com/www.taibaoline.com/wp-content/uploads/2026/03/SnapBG.ai_1773222685670.png?fit=443%2C588&ssl=1,True,WOULD_REVIEW,,,
6a7b92cd0d97848094f62f27,فرماج المتميز 16 قطعة,"185,00",,,62339,Cotex Confort Déco Papier Hygienique 24 Rouleaux + 8 Offerts,64000,,0.5,0.5,0.084,False,LOW,,https://i0.wp.com/www.taibaoline.com/wp-content/uploads/2026/03/SnapBG.ai_1773222685670.png?fit=443%2C588&ssl=1,True,WOULD_REVIEW,,,
6a7b92cd0d97848094f62f29,ساىل اواني 3 لتر,"350,00",,3L,46938,Pril ISIS Liquide Vaisselle 3 L,76000,3L,0.283,0.0,0.283,True,LOW,COMMON_ONLY+DUP_SOURCE,https://i0.wp.com/www.taibaoline.com/wp-content/uploads/2025/06/Remove-bg.ai_1751307857644.png?fit=960%2C1275&ssl=1,True,WOULD_REVIEW,,,
6a7b92cd0d97848094f62f29,ساىل اواني,"450,00",,,28707,Life gel Machine 1.5L,29000,1.5L,0.205,0.0,0.205,False,LOW,COMMON_ONLY,https://i0.wp.com/www.taibaoline.com/wp-content/uploads/2024/02/Remove-bg.ai_1708594231164.png?fit=1200%2C675&ssl=1,True,WOULD_REVIEW,,,
6a7b92cd0d97848094f62f2a,لف ماء,"350,00",,,36704,Atack plus &#8211; javel Moussant 2L,23000,2L,0.5,0.5,0.061,False,LOW,DUP_SOURCE,https://i0.wp.com/www.taibaoline.com/wp-content/uploads/2024/03/Remove-bg.ai_1711148228566.png?fit=1200%2C1200&ssl=1,True,WOULD_REVIEW,,,
6a7b92cd0d97848094f62f2c,لبلامين بيوميل,"420,00",,,6168,Biomil Riz Mais Miel 250 G + 4 Mois,40000,250g,0.5,0.5,0.115,False,LOW,,https://i0.wp.com/www.taibaoline.com/wp-content/uploads/2023/12/Remove-bg.ai_1750068657693.png?fit=1000%2C1000&ssl=1,True,WOULD_REVIEW,,,
6a7b92cd0d97848094f62f2e,درسة    حميس,"110,00",,,44906,Vitre Derssa Traditionnelle 170 G,13000,170g,0.5,0.5,0.15,False,LOW,,https://i0.wp.com/www.taibaoline.com/wp-content/uploads/2025/05/Remove-bg.ai_1748511968740.png?fit=1280%2C962&ssl=1,True,WOULD_REVIEW,,,
6a7b92cd0d97848094f62f32,جهاز ناموس,"230,00",,,38923,Moskito Plus Appareil Electro-Diffuseur 30 Pastilles ,45000,,0.5,0.5,0.099,False,LOW,,https://i0.wp.com/www.taibaoline.com/wp-content/uploads/2024/06/Remove-bg.ai_1717492989597.png?fit=1280%2C719&ssl=1,True,WOULD_REVIEW,,,
6a7b92cd0d97848094f62f36,اكريم فاميلي,"300,00",,,39669,Cotylys Family Bàtonnets Ouatés 200 Bàtonnets,11000,,0.5,0.5,0.124,False,LOW,,https://i0.wp.com/www.taibaoline.com/wp-content/uploads/2024/07/Remove-bg.ai_1720517044055.png?fit=1280%2C719&ssl=1,True,WOULD_REVIEW,,,
6a7b92cd0d97848094f62f37,غسول اليدين توبسيل,"220,00",,,16693,CLEAR SHAMPOOING HOMME 3 EN 1 CHEVEUX BARBE CORPS_360 ML,48000,360ml,0.333,0.333,0.09,False,LOW,,https://i0.wp.com/www.taibaoline.com/wp-content/uploads/2024/02/3EN1.jpeg?fit=1000%2C1000&ssl=1,False,WOULD_REVIEW,,,
6a7b92cd0d97848094f62f3a,ديول قرطازج,"100,00",,,61621, El Bey Dioul En Semoule 10 Feuilles,10000,,0.5,0.5,0.103,False,LOW,,https://i0.wp.com/www.taibaoline.com/wp-content/uploads/2026/02/IMG20260220133149-removebg-preview-1.png?fit=333%2C748&ssl=1,True,WOULD_REVIEW,,,
6a7b92cd0d97848094f62f3b,اسكيمو مومنت,"150,00",,,35684,MOMENT Chocolat éclats de noisettes 90 g,18000,90g,0.5,0.5,0.086,False,LOW,,https://i0.wp.com/www.taibaoline.com/wp-content/uploads/2024/03/Remove-bg.ai_1710540775683.png?fit=768%2C768&ssl=1,True,WOULD_REVIEW,,,
6a7b92cd0d97848094f62f3c,كورنيطو كول,"150,00",,,33172,Kool Biscuit Mosaique Fourré à La Créme De Cacao 220 G,13000,220g,0.5,0.5,0.048,False,LOW,,https://i0.wp.com/www.taibaoline.com/wp-content/uploads/2024/03/Remove-bg.ai_1709580287688.png?fit=675%2C1198&ssl=1,True,WOULD_REVIEW,,,
6a7b92cd0d97848094f62f4a,فرونسلي كونفور,"920,00",,,64495,Novalac AC Confort  400G,100000,400g,0.5,0.5,0.217,False,LOW,DUP_SOURCE,https://i0.wp.com/www.taibaoline.com/wp-content/uploads/2026/08/SnapBG.ai_1786353961934.png?fit=368%2C491&ssl=1,True,WOULD_REVIEW,,,
6a7b92cd0d97848094f62f4a,فرونسلي كونفور 2,"1 000,00",,,64495,Novalac AC Confort  400G,100000,400g,0.5,0.5,0.234,False,LOW,DUP_SOURCE,https://i0.wp.com/www.taibaoline.com/wp-content/uploads/2026/08/SnapBG.ai_1786353961934.png?fit=368%2C491&ssl=1,True,WOULD_REVIEW,,,
