our_id,our_name,our_price,our_capacite,our_size,taiba_id,taiba_name,taiba_price,taiba_size,name_score,coverage,fuzzy,size_match,confidence,flag,image_url,image_transparent,action,old_image,new_image,error
6a7b92cd0d97848094f62f31,فرماج موندور,300,500 غ,500g,26253,MONT D&#8217;OR Gout Gouda 500G,29000,500g,1.0,1.0,0.154,True,HIGH,,https://i0.wp.com/www.taibaoline.com/wp-content/uploads/2024/02/Remove-bg.ai_1708034238207.png?fit=1200%2C1200&ssl=1,True,WOULD_APPLY,https://api.delivap.com/uploads/1786564794166-e4ee248c-6c16-430f-ba5d-0f26c89ffc99.webp,,
6a7b92cd0d97848094f62f22,افري1 لتر,80,,1L,6255,حليب أوبي 1 لتر,12500,1L,0.56,0.0,0.56,True,HIGH,COMMON_ONLY,https://i0.wp.com/www.taibaoline.com/wp-content/uploads/2023/12/leche-obei-1l-1.jpg?fit=800%2C800&ssl=1,False,WOULD_REVIEW,https://api.delivap.com/uploads/1786564796240-3b6db32c-9c64-4f07-b427-aa563b666430.webp,,
6a7b92cd0d97848094f62f08,صابون لايف,1,10 لتر,10L,32594,Life Gel Machine Savon de marseille 10L,130000,10L,1.0,1.0,0.125,True,HIGH,,https://i0.wp.com/www.taibaoline.com/wp-content/uploads/2024/03/Remove-bg.ai_1709549646045.png?fit=1200%2C675&ssl=1,True,WOULD_APPLY,,,
6a7b92cd0d97848094f62efb,صابون بينغو,510,1.5 كغ,1.5kg,33294,Bingo Lavage Main Anti odeurs 1.5kg,49500,1.5kg,1.0,1.0,0.138,True,HIGH,,https://i0.wp.com/www.taibaoline.com/wp-content/uploads/2024/03/Remove-bg.ai_1709721497010.png?fit=1200%2C675&ssl=1,True,WOULD_APPLY,,,
6a7b92cd0d97848094f62ee7,فرينة بدون غلوتين,950,3 كغ,3kg,8404,Hidhab ِFarine Mix Pain Sans Gluten (3kg) هضاب فرينة بدون غلوتين,120000,3kg,1.0,1.0,0.42,True,HIGH,,https://i0.wp.com/www.taibaoline.com/wp-content/uploads/2024/01/Remove-bg.ai_1705571943106.png?fit=540%2C1196&ssl=1,True,WOULD_APPLY,https://api.delivap.com/uploads/1786564799034-f02777c5-9856-4685-a8be-2fdc323ebf2e.webp,,
6a7b92cd0d97848094f62ed0,كامبير سيدي سعادة,420,250 غ,250g,38058,Sidi Saàda Camembert 250 G,40000,250g,0.667,0.667,0.22,True,HIGH,,https://i0.wp.com/www.taibaoline.com/wp-content/uploads/2024/04/Remove-bg.ai_1714050862679.png?fit=1280%2C719&ssl=1,True,WOULD_APPLY,https://api.delivap.com/uploads/1786564804191-35ef3e53-90bd-4d59-852c-ace319a0e889.webp,,
6a7b92cd0d97848094f62e96,حليب كانديا,80,0.5,500ml,40571,Candia Lait Sans Lactose 50CL,9000,500ml,1.0,1.0,0.119,True,HIGH,,https://i0.wp.com/www.taibaoline.com/wp-content/uploads/2024/10/item1615391263.jpg?fit=800%2C800&ssl=1,False,WOULD_APPLY,https://api.delivap.com/uploads/1786564809281-d63a69b0-fcc3-4d74-930d-95f11e4fefd0.webp,,
6a7b92cd0d97848094f62e8b,كوكا,110,1 ل,1L,32196,Eau Gazeuse Coca Cola _ 1L,11000,1L,1.0,1.0,0.104,True,HIGH,,https://i0.wp.com/www.taibaoline.com/wp-content/uploads/2024/03/4246.jpg?fit=1000%2C750&ssl=1,False,WOULD_APPLY,https://api.delivap.com/uploads/1786564810878-c3484631-810e-4a93-99ec-e81fdd0c3746.webp,,
6a7b92cd0d97848094f62e81,خبز اللب,150,500 غ,500g,36129,Hana Pain De Mie Nature Fromat Moyen 500G,12500,500g,1.0,1.0,0.121,True,HIGH,,https://i0.wp.com/www.taibaoline.com/wp-content/uploads/2024/03/Remove-bg.ai_1710838610322.png?fit=675%2C1198&ssl=1,True,WOULD_APPLY,https://api.delivap.com/uploads/1786564814029-2895e783-3323-44d7-8517-abd8613a4749.webp,,
6a7b92cd0d97848094f62e74,جافيل امير,110,1 ل,1L,36853, Gel Javel AMIR 1L,15000,1L,1.0,1.0,0.278,True,HIGH,,https://i0.wp.com/www.taibaoline.com/wp-content/uploads/2024/03/amir-clean-gel-javel-moussant-parfume-563-x-563.png?fit=563%2C563&ssl=1,False,WOULD_APPLY,https://api.delivap.com/uploads/1786564816699-8bd121fb-23b7-4e13-84a4-405235204c40.webp,,
6a7b92cd0d97848094f62e6e,جي رامي,190,2 ل,2L,36035,Jus Ramy Orange Abricot 2 L,19000,2L,1.0,1.0,0.136,True,HIGH,,https://i0.wp.com/www.taibaoline.com/wp-content/uploads/2024/03/Remove-bg.ai_1710676707253.png?fit=1200%2C1200&ssl=1,True,WOULD_APPLY,https://api.delivap.com/uploads/1786564819650-eaf871d1-dd78-40ae-bcd5-a3590dc536d3.webp,,
6a7b92cd0d97848094f62e6c,انسبيراسيو,230,200 مل,200ml,26517,INSPIRATION SCANDAL DÉODORANT  200 ml,19000,200ml,1.0,1.0,0.187,True,HIGH,,https://i0.wp.com/www.taibaoline.com/wp-content/uploads/2024/02/Remove-bg.ai_1708120114037.png?fit=900%2C1198&ssl=1,True,WOULD_APPLY,https://api.delivap.com/uploads/1786564822417-338f1152-5105-4473-b5cc-dcdb397197f9.webp,,
6a7b92cd0d97848094f62e6b,جي تشينا,180,2 ل,2L,36551,Tchina Jus Orange Abricot 2 L,18000,2L,1.0,1.0,0.117,True,HIGH,,https://i0.wp.com/www.taibaoline.com/wp-content/uploads/2024/03/70766706_2443284902593981_6049942550062563328_n-2.webp?fit=1080%2C1080&ssl=1,False,WOULD_APPLY,https://api.delivap.com/uploads/1786564824403-58b82601-f6bd-458f-a126-0df9ee878610.webp,,
6a7b92cd0d97848094f62e69,ملوخية,100,100 غ,100g,27821,تاشفين &#8211; ملوخية 100 غ,8000,100g,1.0,1.0,0.14,True,HIGH,,https://i0.wp.com/www.taibaoline.com/wp-content/uploads/2024/02/Remove-bg.ai_1708435402424.png?fit=900%2C1198&ssl=1,True,WOULD_APPLY,https://api.delivap.com/uploads/1786564827081-0fb74a3a-3628-4eae-aa3f-26a4fdb7728e.webp,,
6a7b92cd0d97848094f62e60,كريم الحلاقة,110,75 مل,75ml,18616,SPORT SPLENDID  Crème à Raser 75ml,10000,75ml,1.0,1.0,0.197,True,HIGH,,https://i0.wp.com/www.taibaoline.com/wp-content/uploads/2024/02/56932444-e1707675490145.png?fit=800%2C800&ssl=1,False,WOULD_APPLY,https://api.delivap.com/uploads/1786564830938-2febedbf-0b58-4a60-a7f5-877803e422cd.webp,,
6a7b92cd0d97848094f62e5d,معجون اسنان مسواك,150,25 غ,25g,17435,DABUR MISWAK TOOTHPASTE -50 g,14000,"25g,50g",1.0,1.0,0.096,True,HIGH,,https://i0.wp.com/www.taibaoline.com/wp-content/uploads/2024/02/miswak-herbal-tooth-paste-dentifrice-5025-gr-1.jpg?fit=800%2C800&ssl=1,False,WOULD_APPLY,https://api.delivap.com/uploads/1786564832473-8fc54906-e57f-4fc2-88d9-68091ff64010.webp,,
6a7b92cd0d97848094f62e55,فرينة سفينة,350,5 كغ,5kg,26325,Safina Farine 5 KG,36000,5kg,1.0,1.0,0.174,True,HIGH,,https://i0.wp.com/www.taibaoline.com/wp-content/uploads/2024/02/Remove-bg.ai_1707631453260.png?fit=675%2C1198&ssl=1,True,WOULD_APPLY,https://api.delivap.com/uploads/1786564836827-77fc6609-bce9-49fe-9478-0ab4f2ec1599.webp,,
6a7b92cd0d97848094f62e54,شاي اخضر الجمل,170,125 غ,125g,18955,THE VERT DE CHINE SAFINET E&#8217; SAHRAA 125 g,15000,125g,0.667,0.667,0.152,True,HIGH,,https://i0.wp.com/www.taibaoline.com/wp-content/uploads/2024/02/Remove-bg.ai_1707777015795.png?fit=1200%2C899&ssl=1,True,WOULD_APPLY,https://api.delivap.com/uploads/1786564839307-f14c1810-7c12-4fe1-863c-4f96d91ded5a.webp,,
6a7b92cd0d97848094f62e53,شاي الراقي,170,125 غ,125g,18879,E&#8217;RAKI THÉ VERT DE CHINE 125g,18500,125g,1.0,1.0,0.137,True,HIGH,,https://i0.wp.com/www.taibaoline.com/wp-content/uploads/2024/02/Remove-bg.ai_1707766538883.png?fit=1200%2C899&ssl=1,True,WOULD_APPLY,https://api.delivap.com/uploads/1786564841842-b31f55f8-3b1e-4052-b97b-4101067d1b74.webp,,
6a7b92cd0d97848094f62e4c,فانتا,140,2 ل,2L,33154,Eau Gazeuse Fanta Ananas 2L,12000,2L,1.0,1.0,0.112,True,HIGH,,https://i0.wp.com/www.taibaoline.com/wp-content/uploads/2024/03/Remove-bg.ai_1709676581810.png?fit=999%2C749&ssl=1,True,WOULD_APPLY,https://api.delivap.com/uploads/1786564844108-0b537f99-608d-48af-bf0b-b9ee7102098a.webp,,
6a7b92cd0d97848094f62e2b,عصير طازج,140,1 لتر,1L,35939,Jus Tazej Grenadine 1 L,11000,1L,1.0,1.0,0.234,True,HIGH,,https://i0.wp.com/www.taibaoline.com/wp-content/uploads/2024/03/Remove-bg.ai_1710788088755.png?fit=1200%2C1200&ssl=1,True,WOULD_APPLY,https://api.delivap.com/uploads/1786564848135-b11037d5-d0a3-463d-a103-3092b1f96dd4.webp,,
6a7b92cd0d97848094f62e19,شامبو كلير,320,180 مل,180ml,16949,CLEAR HOMME 2 EN 1 SHAMPOOING ET APRÉS SHAMPOOING_SOLUTION ANTI-CHUTE_ 180 ML,30000,180ml,1.0,1.0,0.052,True,HIGH,,https://i0.wp.com/www.taibaoline.com/wp-content/uploads/2024/02/gVQlfOG4qrSDBkbtsMUP4plIbT7DbZW5ZIizGhqY.webp?fit=1000%2C1000&ssl=1,False,WOULD_APPLY,https://api.delivap.com/uploads/1786564849933-7274846c-5acd-4d2f-ad73-62a29ef18a8a.webp,,
6a7b92cd0d97848094f62e0d,معطر الجو فورس اكسبرس,300,430 مل,430ml,29688,Force Xpress Anti Cafards 430 ML,64000,430ml,1.0,1.0,0.2,True,HIGH,,https://i0.wp.com/www.taibaoline.com/wp-content/uploads/2024/02/Remove-bg.ai_1751036627646.png?fit=500%2C667&ssl=1,True,WOULD_APPLY,https://api.delivap.com/uploads/1786564852048-abbb3e92-1ae6-49ff-9454-b6b907e41b80.webp,,
6a7b92cd0d97848094f62df6,مومنت شوكولاطة,230,90 غ,90g,35710,MOMENT Chocolat Noir 90 g,18000,90g,1.0,1.0,0.209,True,HIGH,,https://i0.wp.com/www.taibaoline.com/wp-content/uploads/2024/03/Remove-bg.ai_1710540561939.png?fit=768%2C768&ssl=1,True,WOULD_APPLY,https://api.delivap.com/uploads/1786564858679-6d0dafb1-f0bb-4221-b5a3-043d55053123.webp,,
6a7b92cd0d97848094f62dd5,صابون لايف,280,1.5 ل,1.5L,28715,Life gel Machine 1.5L,29000,1.5L,1.0,1.0,0.133,True,HIGH,,https://i0.wp.com/www.taibaoline.com/wp-content/uploads/2024/02/Remove-bg.ai_1709922163135.png?fit=900%2C1198&ssl=1,True,WOULD_APPLY,,,
6a7b92cd0d97848094f62dc2,قريزيل اسود بريلكس,100,850 مل,850ml,58027,Brilex Grézyl Noir 850 ML,7500,850ml,0.667,0.667,0.242,True,HIGH,,https://i0.wp.com/www.taibaoline.com/wp-content/uploads/2025/11/IMG20251127094312-1.webp?fit=607%2C1080&ssl=1,False,WOULD_APPLY,https://api.delivap.com/uploads/1786564860213-72ffda56-0bd7-4650-b441-f3ff41c3fe28.webp,,
6a7b92cd0d97848094f62dbf,روح الملح ناصح,180,720 مل,720ml,43746,Brilex Esprit De Sel 700 ML,12000,700ml,0.667,0.667,0.206,True,HIGH,,https://i0.wp.com/www.taibaoline.com/wp-content/uploads/2025/05/Remove-bg.ai_1750939597899.png?fit=1280%2C1280&ssl=1,True,WOULD_APPLY,https://api.delivap.com/uploads/1786564863315-9cd79356-3cd6-4b05-a6c7-460f8f1c84ff.webp,,
6a7b92cd0d97848094f62dbc,مبيد الحشرات ستوب,190,300 مل,300ml,29658,Stop Insecticide Volonts Citron 300 ML,17000,300ml,1.0,1.0,0.204,True,HIGH,,https://i0.wp.com/www.taibaoline.com/wp-content/uploads/2024/02/Remove-bg.ai_1708723893186.png?fit=675%2C1198&ssl=1,True,WOULD_APPLY,https://api.delivap.com/uploads/1786564865525-b57722ac-8204-4ab9-b4b4-8ad927f2af40.webp,,
6a7b92cd0d97848094f62db8,بريلكس مزيل الدهون صغير,240,500 مل,500ml,43727,Brilex Degraissant Professionnel 500 ML,19000,500ml,0.667,0.667,0.288,True,HIGH,,https://i0.wp.com/www.taibaoline.com/wp-content/uploads/2025/05/Remove-bg.ai_1750940390060.png?fit=600%2C600&ssl=1,True,WOULD_APPLY,https://api.delivap.com/uploads/1786564867576-658b9cdc-6dbc-4e6f-9d6d-590fe8187776.webp,,
6a7b92cd0d97848094f62db7,معطر الجو بريلكس,240,430 مل,430ml,27854,Brilex Polish Dépoussiérant 430 ML,23000,430ml,1.0,1.0,0.131,True,HIGH,,https://i0.wp.com/www.taibaoline.com/wp-content/uploads/2024/02/IMG20251127094335-1.webp?fit=607%2C1080&ssl=1,False,WOULD_APPLY,https://api.delivap.com/uploads/1786564870533-0d059e91-cd6c-4f90-bb0c-abf42bbee8e9.webp,,
6a7b92cd0d97848094f62db5,فورس اكسبرس,350,950 مل,950ml,27760, Force Xpress Degraissant Professionnel 950 ML,33000,950ml,1.0,1.0,0.159,True,HIGH,,https://i0.wp.com/www.taibaoline.com/wp-content/uploads/2024/02/Remove-bg.ai_1751034886010.png?fit=341%2C511&ssl=1,True,WOULD_APPLY,https://api.delivap.com/uploads/1786564872477-7a112be3-de5e-4e64-a7c8-0315af3d8acc.webp,,
6a7b92cd0d97848094f62db4,بريلكس مزيل الدهون,340,950 مل,950ml,27738,Brilex Degraissant Professionnel 950 ML,29500,950ml,1.0,1.0,0.286,True,HIGH,,https://i0.wp.com/www.taibaoline.com/wp-content/uploads/2024/02/Remove-bg.ai_1751021912827.png?fit=844%2C844&ssl=1,True,WOULD_APPLY,https://api.delivap.com/uploads/1786564875103-4c70ee9a-3a7d-4287-a819-f3dd06393839.webp,,
6a7b92cd0d97848094f62db3,شاربات صومام,120,1 ل,1L,29406,Trefle Citronnade Citron 1L,10000,1L,1.0,1.0,0.146,True,HIGH,,https://i0.wp.com/www.taibaoline.com/wp-content/uploads/2024/02/images-1-1.jpeg?fit=557%2C551&ssl=1,False,WOULD_APPLY,https://api.delivap.com/uploads/1786564877323-ea565841-a06a-465b-bf09-4a36056cd444.webp,,
6a7b92cd0d97848094f62da3,حليب كانديا,140,1 ل,1L,39338,Candia Lait Silhouette 1 Litre,13000,1L,1.0,1.0,0.131,True,HIGH,,https://i0.wp.com/www.taibaoline.com/wp-content/uploads/2023/12/produits-candia-algerie-Lait-AecrAemAe-Silhouette.png?fit=517%2C605&ssl=1,False,WOULD_APPLY,https://api.delivap.com/uploads/1786564884809-43029193-4b49-4a9e-8cb4-332d8ab1ff47.webp,,
6a7b92cd0d97848094f62da0,لبن صومام,150,1 ل,1L,29386,L&#8217;Ben Hodna 1L,14000,1L,1.0,1.0,0.143,True,HIGH,,https://i0.wp.com/www.taibaoline.com/wp-content/uploads/2024/02/Remove-bg.ai_1750348441635.png?fit=800%2C800&ssl=1,True,WOULD_APPLY,https://api.delivap.com/uploads/1786564889489-a769ad08-d880-4552-a9a6-4952d805fc41.webp,,
6a7b92cd0d97848094f62d9f,رايب صومام,150,1 ل,1L,28115,  Raib Au Bifides Soummam 1L,14000,1L,1.0,1.0,0.227,True,HIGH,,https://i0.wp.com/www.taibaoline.com/wp-content/uploads/2024/02/Remove-bg.ai_1750349269379.png?fit=800%2C800&ssl=1,True,WOULD_APPLY,https://api.delivap.com/uploads/1786564891806-9eb26127-eec2-45ce-a1f1-488625193311.webp,,
6a7b92cd0d97848094f62d9c,ياغورت ياقو,150,1 ل,1L,27341,  Yaourt Soummam Yago _ Mangue 1L,13500,1L,1.0,1.0,0.195,True,HIGH,,https://i0.wp.com/www.taibaoline.com/wp-content/uploads/2024/02/Remove-bg.ai_1708276614112.png?fit=600%2C338&ssl=1,True,WOULD_APPLY,https://api.delivap.com/uploads/1786564893535-409e5fe4-d26e-4d46-8853-807f6bee8b2a.webp,,
6a7b92cd0d97848094f62d92,جبن طازج,50,90 غ,90g,27192,  Soummam Fromage Frais Nature 90g,4500,90g,1.0,1.0,0.157,True,HIGH,,https://i0.wp.com/www.taibaoline.com/wp-content/uploads/2024/02/Removal-140-1.png?fit=860%2C860&ssl=1,False,WOULD_APPLY,https://api.delivap.com/uploads/1786564895373-ed9ffcf6-f8a5-4c97-8118-221c7e542435.webp,,
6a7b92cd0d97848094f62d86,صومام ديالنا,20,100 غ,100g,27518,Yaourt Soummam Dialna chocolat 100 G,2750,100g,1.0,1.0,0.143,True,HIGH,,https://i0.wp.com/www.taibaoline.com/wp-content/uploads/2024/02/Remove-bg.ai_1708176674064.png?fit=600%2C339&ssl=1,True,WOULD_APPLY,https://api.delivap.com/uploads/1786564897319-9aa35596-9026-4a7b-9c34-d24f20d2c35b.webp,,
6a7b92cd0d97848094f62d84,قازوز حمود سليم,90,1 ل,1L,31339,Eau Gazeuse Slim Litchi _ 1L,9000,1L,1.0,1.0,0.22,True,HIGH,,https://i0.wp.com/www.taibaoline.com/wp-content/uploads/2024/02/Removal-509.png?fit=800%2C800&ssl=1,False,WOULD_APPLY,https://api.delivap.com/uploads/1786564899790-9afed008-9830-41ac-8414-3879bbbf6bf0.webp,,
6a7b92cd0d97848094f62d83,قازوز سليم,130,2 ل,2L,31313,Eau Gazeuse Slim Pomme _ 2L,13000,2L,1.0,1.0,0.238,True,HIGH,,https://i0.wp.com/www.taibaoline.com/wp-content/uploads/2024/02/Removal-423.png?fit=800%2C800&ssl=1,False,WOULD_APPLY,https://api.delivap.com/uploads/1786564902270-627ad2d3-df1f-4854-a26b-f063c2d82776.webp,,
6a7b92cd0d97848094f62d82,قازوز حمود,140,2 ل,2L,30890,Eau Gazeuse HAMOUD BOUALEM LA BLANCHE _ 2L,14000,2L,1.0,1.0,0.171,True,HIGH,,https://i0.wp.com/www.taibaoline.com/wp-content/uploads/2024/02/Removal-31.png?fit=1200%2C1200&ssl=1,False,WOULD_APPLY,https://api.delivap.com/uploads/1786564905159-22402519-c393-47d3-b3d0-4f67049fd698.webp,,
6a7b92cd0d97848094f62d7a,نابولي,120,220 غ,220g,30089, Fromage Napoli Hyper Fondant 220 G,11000,220g,1.0,1.0,0.108,True,HIGH,,https://i0.wp.com/www.taibaoline.com/wp-content/uploads/2024/02/Remove-bg.ai_1708795695546.png?fit=1200%2C1200&ssl=1,True,WOULD_APPLY,https://api.delivap.com/uploads/1786564908501-503e7053-1145-46af-99df-c27f7c81fb25.webp,,
6a7b92cd0d97848094f62d68,رامي ميلكي كرطونة,140,1 ل,1L,36094,Jus Ramy Milky Grenadine 1L,12000,1L,0.667,0.667,0.268,True,HIGH,,https://i0.wp.com/www.taibaoline.com/wp-content/uploads/2024/03/20240316_161809-removebg-preview-1.png?fit=500%2C500&ssl=1,True,WOULD_APPLY,https://api.delivap.com/uploads/1786564912679-9ac05902-d4f5-488d-8dfc-8665abb806bb.webp,,
6a7b92cd0d97848094f62d61,موندور,260,450 غ,450g,26230,MONT D&#8217;OR Cuisine et Sandwich 450G,26000,450g,1.0,1.0,0.117,True,HIGH,,https://i0.wp.com/www.taibaoline.com/wp-content/uploads/2024/02/Remove-bg.ai_1708032822734.png?fit=1200%2C1200&ssl=1,True,WOULD_APPLY,https://api.delivap.com/uploads/1786564915698-d2b1d938-3b25-4410-a98b-169c447476e5.webp,,
6a7b92cd0d97848094f62d5f,زبدة ستار,160,200 غ,200g,18996,Star Beurre 200 G,18000,200g,1.0,1.0,0.154,True,HIGH,,https://i0.wp.com/www.taibaoline.com/wp-content/uploads/2024/02/Remove-bg.ai_1753869376192.webp?fit=1073%2C1020&ssl=1,True,WOULD_APPLY,https://api.delivap.com/uploads/1786564917628-87975c6e-d202-414a-8565-305cdad3b560.webp,,
6a7b92cd0d97848094f62d5e,مرغرين فلوريال,100,250 غ,250g,44433,Fleurial Margarine 250 G,11000,250g,1.0,1.0,0.182,True,HIGH,,https://i0.wp.com/www.taibaoline.com/wp-content/uploads/2025/05/Remove-bg.ai_1748161571331.png?fit=1280%2C962&ssl=1,True,WOULD_APPLY,https://api.delivap.com/uploads/1786564920765-2373fbee-d10f-483a-9527-82ee02c95b77.webp,,
6a7b92cd0d97848094f62d46,حمص مرحي التناج,140,400 غ,400g,18740,Altadj pois chiche moulu 400g,21000,400g,0.667,0.667,0.186,True,HIGH,,https://i0.wp.com/www.taibaoline.com/wp-content/uploads/2024/02/Remove-bg.ai_1707629890491.png?fit=675%2C1198&ssl=1,True,WOULD_APPLY,https://api.delivap.com/uploads/1786564923442-5458f894-c4ac-4531-8ea5-625cbe1d6945.webp,,
6a7b92cd0d97848094f62d45,عسل,190,1 كغ,1kg,40733,Santa Clara Miel 950 G,59000,950g,1.0,1.0,0.081,True,HIGH,,https://i0.wp.com/www.taibaoline.com/wp-content/uploads/2024/10/Remove-bg.ai_1730281049192.png?fit=1134%2C911&ssl=1,True,WOULD_APPLY,https://api.delivap.com/uploads/1786564926091-b8279cf3-6095-4dbc-ad67-0a752f7b831f.webp,,
6a7b92cd0d97848094f62d44,عسل,110,500 غ,500g,43345,Buram Black Forest Honey 500 G,235000,500g,1.0,1.0,0.061,True,HIGH,,https://i0.wp.com/www.taibaoline.com/wp-content/uploads/2025/04/SnapBG.ai_1745338113268.png?fit=1280%2C962&ssl=1,True,WOULD_APPLY,https://api.delivap.com/uploads/1786564929106-c3fe5a8d-9291-46f0-b9d5-e0b2a68f6dd1.webp,,
6a7b92cd0d97848094f62d3c,سميد ماما,130,1 كغ,1kg,59555,Mama Semoule Moyenne 1 KG,12500,1kg,1.0,1.0,0.141,True,HIGH,,https://i0.wp.com/www.taibaoline.com/wp-content/uploads/2025/12/Semoule-Moyenne-Mama-1kg.webp?fit=1080%2C1080&ssl=1,False,WOULD_APPLY,https://api.delivap.com/uploads/1786564930936-c5a24ffe-8ed2-47c4-ae03-c03f689ab063.webp,,
6a7b92cd0d97848094f62d3b,فرينة سيم,90,1 كغ,1kg,17515,SIM Farine 1KG,9500,1kg,1.0,1.0,0.214,True,HIGH,,https://i0.wp.com/www.taibaoline.com/wp-content/uploads/2024/02/Remove-bg.ai_1707431087672.png?fit=675%2C1198&ssl=1,True,WOULD_APPLY,https://api.delivap.com/uploads/1786564933335-9ebf3a82-3b56-44d5-b1cf-13efb2e2a3f4.webp,,
6a7b92cd0d97848094f62d38,مرغرين ديما,110,250 غ,250g,19021,Dima Margarine 250 G ,9500,250g,1.0,1.0,0.182,True,HIGH,,https://i0.wp.com/www.taibaoline.com/wp-content/uploads/2024/02/Capture-decran-2024-02-13-a-23.21.01.png?fit=677%2C611&ssl=1,False,WOULD_APPLY,https://api.delivap.com/uploads/1786564935779-646a25f9-ec7e-4e98-8b19-ec36e6733ae5.webp,,
6a7b92cd0d97848094f62d36,مرغرين صول,110,250 غ,250g,19031,MARGARINE SOL 250G,9500,250g,1.0,1.0,0.317,True,HIGH,,https://i0.wp.com/www.taibaoline.com/wp-content/uploads/2024/02/Sol-Margarines-250G.jpg?fit=600%2C600&ssl=1,False,WOULD_APPLY,https://api.delivap.com/uploads/1786564937333-640619ac-9066-494e-8c8a-88325ff32137.webp,,
6a7b92cd0d97848094f62d2c,مايونيز زجاج فلوريال,160,200 غ,200g,18407,Fleurial Mayonnaise Aux Oeufs Frais 200 G,15500,200g,0.667,0.667,0.155,True,HIGH,,https://i0.wp.com/www.taibaoline.com/wp-content/uploads/2024/02/Remove-bg.ai_1707627624361.png?fit=675%2C1198&ssl=1,True,WOULD_APPLY,https://api.delivap.com/uploads/1786564939518-208d4031-73f9-41a2-a877-0a9ed9dbdb99.webp,,
6a7b92cd0d97848094f62d2b,مايونيز فلوريال بلاستيك,160,200 غ,200g,18407,Fleurial Mayonnaise Aux Oeufs Frais 200 G,15500,200g,0.667,0.667,0.166,True,HIGH,,https://i0.wp.com/www.taibaoline.com/wp-content/uploads/2024/02/Remove-bg.ai_1707627624361.png?fit=675%2C1198&ssl=1,True,WOULD_APPLY,https://api.delivap.com/uploads/1786564941679-5bc4f25f-8e06-4417-9253-f655ccc89670.webp,,
6a7b92cd0d97848094f62d28,جال جافيل بريلكس,190,2 لتر,2L,36704,Atack plus &#8211; javel Moussant 2L,23000,2L,0.667,0.667,0.218,True,HIGH,,https://i0.wp.com/www.taibaoline.com/wp-content/uploads/2024/03/Remove-bg.ai_1711148228566.png?fit=1200%2C1200&ssl=1,True,WOULD_APPLY,https://api.delivap.com/uploads/1786564944686-15a8150e-ff27-4ff2-adb6-8f0453cffabe.webp,,
6a7b92cd0d97848094f62d21,صانيبو بريلكس,110,1 ل,1L,36892, SaniBon Brilex Marine 1L,12000,1L,1.0,1.0,0.268,True,HIGH,,https://i0.wp.com/www.taibaoline.com/wp-content/uploads/2024/03/Remove-bg.ai_1751016967500.png?fit=1280%2C1280&ssl=1,True,WOULD_APPLY,https://api.delivap.com/uploads/1786564948268-e020edbb-7ff4-4deb-a2cb-c0f4e331b9d8.webp,,
6a7b92cd0d97848094f62d20,صانيبو امير عادي1ل,120,,1L,36692,Amir SaniBon Senteur Lavande 1L,12500,1L,0.667,0.667,0.179,True,HIGH,,https://i0.wp.com/www.taibaoline.com/wp-content/uploads/2024/03/amir-sanibon-lavande-1L-2.png?fit=563%2C563&ssl=1,False,WOULD_APPLY,https://api.delivap.com/uploads/1786564950424-a5cd6983-830a-45ed-b981-b2baf337f431.webp,,
6a7b92cd0d97848094f62d16,معطر الملابس بريلكس,300,1.2 ل,1.2L,58023,"Brilex Adoucissant Linge 1,2 L",28000,1.2L,1.0,1.0,0.218,True,HIGH,,https://i0.wp.com/www.taibaoline.com/wp-content/uploads/2025/11/IMG20251127093826-1.webp?fit=1080%2C607&ssl=1,False,WOULD_APPLY,https://api.delivap.com/uploads/1786564958183-a2e82083-e5c2-4e18-85b9-d4f7c318ec62.webp,,
6a7b92cd0d97848094f62d0d,صابون ايزيس,240,750 غ,750g,33463,ISIS Pouder Main Savon Marseille Multi-Usages 750 G,22500,750g,1.0,1.0,0.104,True,HIGH,,https://i0.wp.com/www.taibaoline.com/wp-content/uploads/2024/03/Remove-bg.ai_1751286872539.png?fit=960%2C1275&ssl=1,True,WOULD_APPLY,https://api.delivap.com/uploads/1786564962585-83a2b2fd-0432-4fb0-be90-e560161409d0.webp,,
6a7b92cd0d97848094f62d09,صانيبو بريلكس لافصول,175,1 لتر,1L,36892, SaniBon Brilex Marine 1L,12000,1L,0.667,0.667,0.288,True,HIGH,DUP_SOURCE,https://i0.wp.com/www.taibaoline.com/wp-content/uploads/2024/03/Remove-bg.ai_1751016967500.png?fit=1280%2C1280&ssl=1,True,WOULD_REVIEW,https://api.delivap.com/uploads/1786564966112-63fa4d02-99e3-45c1-a0ad-ce5ea57bb150.webp,,
6a7b92cd0d97848094f62d06,صانيبو امير لافصول,190,1 لتر,1L,36692,Amir SaniBon Senteur Lavande 1L,12500,1L,0.667,0.667,0.179,True,HIGH,,https://i0.wp.com/www.taibaoline.com/wp-content/uploads/2024/03/amir-sanibon-lavande-1L-2.png?fit=563%2C563&ssl=1,False,WOULD_APPLY,https://api.delivap.com/uploads/1786564968465-4e8c9e50-b2d6-42c6-b4eb-8f8fee33ac72.webp,,
6a7b92cd0d97848094f62c6b,سميد ماما خشن,250,2 كغ,2kg,37664,Mama Semoule Gros 2KG,21500,2kg,1.0,1.0,0.231,True,HIGH,,https://i0.wp.com/www.taibaoline.com/wp-content/uploads/2024/04/Remove-bg.ai_1750260767194.png?fit=800%2C800&ssl=1,True,WOULD_APPLY,https://api.delivap.com/uploads/1786564976497-32abc812-1bda-4ce4-8c14-884317ab9336.webp,,
6a7b92cd0d97848094f62c6a,سميد ماما رقيق,250,2 كغ,2kg,37655,Mama Semoule Fine 2 KG,21500,2kg,1.0,1.0,0.241,True,HIGH,,https://i0.wp.com/www.taibaoline.com/wp-content/uploads/2024/04/487077447_1162265022362754_2029519563942110991_n-removebg-preview-1.webp?fit=1080%2C1073&ssl=1,True,WOULD_APPLY,https://api.delivap.com/uploads/1786564978335-7cee7db2-dd4d-4ade-957c-0f23284e0456.webp,,
6a7b92cd0d97848094f62c69,سميد سفينة رقيق,110,1 كغ,1kg,37668, Safina Semoule Extra Demi-Grosse 1 KG,11000,1kg,0.667,0.667,0.143,True,HIGH,,https://i0.wp.com/www.taibaoline.com/wp-content/uploads/2024/04/Remove-bg.ai_1712481236620.png?fit=718%2C1280&ssl=1,True,WOULD_APPLY,https://api.delivap.com/uploads/1786564980870-c230582b-b09d-4f46-af28-878b4061b6f5.webp,,
6a7b92cd0d97848094f62c68,فرينة سفينة,80,1 كغ,1kg,17460,Safina Farine 1KG,8500,1kg,1.0,1.0,0.182,True,HIGH,,https://i0.wp.com/www.taibaoline.com/wp-content/uploads/2024/02/Remove-bg.ai_1707430867706.png?fit=675%2C1198&ssl=1,True,WOULD_APPLY,https://api.delivap.com/uploads/1786564983545-244ba71c-2ce1-4d1a-84cb-fc03ab1bd98a.webp,,
6a7b92cd0d97848094f62c67,سميد مولى رقيق,120,1 كغ,1kg,59553,Mama Semoule Fine 1 KG,11000,1kg,0.667,0.667,0.217,True,HIGH,,https://i0.wp.com/www.taibaoline.com/wp-content/uploads/2025/12/Semoule-Fine-Mama-1kg-.webp?fit=1080%2C1080&ssl=1,False,WOULD_APPLY,https://api.delivap.com/uploads/1786564985116-936fb100-afff-4dc4-a514-8435e94d4853.webp,,
6a7b92cd0d97848094f62c5b,ارز مفور روعة,160,1 كغ,1kg,34205,La Belle Riz Etuvé 1 KG,16000,1kg,0.667,0.667,0.212,True,HIGH,,https://i0.wp.com/www.taibaoline.com/wp-content/uploads/2024/03/Riz-La-Belle-Etuve-1kg.jpg?fit=600%2C600&ssl=1,False,WOULD_APPLY,https://api.delivap.com/uploads/1786564986599-aeb05f50-ad7c-4e4f-8da7-b9302d26c7d1.webp,,
6a7b92cd0d97848094f62c5a,ارز بسمتي كريمي,230,1 كغ,1kg,40650,Wissam Rice Basmati Brown 1KG,37500,1kg,0.667,0.667,0.212,True,HIGH,,https://i0.wp.com/www.taibaoline.com/wp-content/uploads/2024/10/Remove-bg.ai_1729612411005.png?fit=720%2C720&ssl=1,True,WOULD_APPLY,https://api.delivap.com/uploads/1786564988961-d75183d0-84aa-4193-b39d-a965ec839e13.webp,,
6a7b92cd0d97848094f62c59,ارز مفور روعة,80,500 غ,500g,34202,La Belle Riz Etuvé 500 G,8000,500g,0.667,0.667,0.205,True,HIGH,,https://i0.wp.com/www.taibaoline.com/wp-content/uploads/2024/03/876.jpg?fit=1000%2C750&ssl=1,False,WOULD_APPLY,https://api.delivap.com/uploads/1786564990624-9b40e5a7-2913-4e1f-a7a7-b9487378ce3f.webp,,
6a7b92cd0d97848094f62c58,حمص 12 --,450,1 كغ,1kg,34310,1kg حمص   _  Assil Pois Chiche,43000,1kg,1.0,1.0,0.146,True,HIGH,,https://i0.wp.com/www.taibaoline.com/wp-content/uploads/2024/03/Remove-bg.ai_1709926100034.png?fit=1200%2C1200&ssl=1,True,WOULD_APPLY,,,
6a7b92cd0d97848094f62c54,ماقرون سيم كود 4,60,500 غ,500g,47203,Sim Pàtes Coude Moyen 500 G,29000,500g,0.667,0.667,0.178,True,HIGH,,https://i0.wp.com/www.taibaoline.com/wp-content/uploads/2025/07/Remove-bg.ai_1751902941297.png?fit=963%2C1278&ssl=1,True,WOULD_APPLY,https://api.delivap.com/uploads/1786564995181-0de613eb-1c6c-4e71-b41e-a9d97cee1853.webp,,
6a7b92cd0d97848094f62c4f,محمصة سيم,60,500 غ,500g,8517,Sim Plomb 500 G,6000,500g,1.0,1.0,0.2,True,HIGH,,https://i0.wp.com/www.taibaoline.com/wp-content/uploads/2024/01/SnapBG.ai_1786009562478.png?fit=480%2C480&ssl=1,True,WOULD_APPLY,https://api.delivap.com/uploads/1786564998006-c6645997-2a49-4b47-ae9c-9991327d8927.webp,,
6a7b92cd0d97848094f62c4d,محمصة ماما,90,500 غ,500g,46687,Mama Plomb 500G,9000,500g,1.0,1.0,0.185,True,HIGH,,https://i0.wp.com/www.taibaoline.com/wp-content/uploads/2025/06/Remove-bg.ai_1751143880237.png?fit=400%2C400&ssl=1,True,WOULD_APPLY,https://api.delivap.com/uploads/1786565000833-cfdf40a0-5f53-409c-a389-dc5657a97206.webp,,
6a7b92cd0d97848094f62c4c,ارز بسمتي ذهبي,160,500 غ,500g,40657,El Wissam Riz Sella Basmati Indien Golden 500 G,20500,500g,1.0,1.0,0.185,True,HIGH,,https://i0.wp.com/www.taibaoline.com/wp-content/uploads/2024/10/Remove-bg.ai_1729347109182.png?fit=1094%2C879&ssl=1,True,WOULD_APPLY,https://api.delivap.com/uploads/1786565003749-1f1c764e-af58-4747-aa84-f723eead1897.webp,,
6a7b92cd0d97848094f62c4b,ارز بسمتي روعة,180,500 غ,500g,40657,El Wissam Riz Sella Basmati Indien Golden 500 G,20500,500g,0.667,0.667,0.146,True,HIGH,DUP_SOURCE,https://i0.wp.com/www.taibaoline.com/wp-content/uploads/2024/10/Remove-bg.ai_1729347109182.png?fit=1094%2C879&ssl=1,True,WOULD_REVIEW,https://api.delivap.com/uploads/1786565006639-ddddbd1e-0cfd-480d-9515-c8c9c1667754.webp,,
6a7b92cd0d97848094f62c49,طعام ماما رقيق,180,1 كغ,1kg,59553,Mama Semoule Fine 1 KG,11000,1kg,0.667,0.667,0.241,True,HIGH,,https://i0.wp.com/www.taibaoline.com/wp-content/uploads/2025/12/Semoule-Fine-Mama-1kg-.webp?fit=1080%2C1080&ssl=1,False,WOULD_APPLY,https://api.delivap.com/uploads/1786565008342-1e91fec3-be9d-4ef3-a810-8a7f4f9502ad.webp,,
6a7b92cd0d97848094f62c2e,ماقرون عمر بن عمر,70,500 غ,500g,8721,Amor Benamor Farfalle N°1 (500g) عمر بن عمر فارفاليني رقم 1,14000,500g,0.667,0.667,0.157,True,HIGH,,https://i0.wp.com/www.taibaoline.com/wp-content/uploads/2024/01/Remove-bg.ai_1705927037839.png?fit=750%2C998&ssl=1,True,WOULD_APPLY,https://api.delivap.com/uploads/1786565011069-df9933e6-aeba-4cc3-9673-a1d1e9af7c4a.webp,,
6a7b92cd0d97848094f62c2c,محمصة عمر بن عمر,70,500 غ,500g,41197,Amor Benamor Plombs 500 G,9000,500g,1.0,1.0,0.234,True,HIGH,,https://i0.wp.com/www.taibaoline.com/wp-content/uploads/2024/11/Remove-bg.ai_1731840491320.png?fit=600%2C600&ssl=1,True,WOULD_APPLY,https://api.delivap.com/uploads/1786565013248-dc3f55cd-62cc-481c-8126-f004ac5b3e6b.webp,,
6a7b92cd0d97848094f62c29,ارز بسمتس الوسام,220,500 غ,500g,40657,El Wissam Riz Sella Basmati Indien Golden 500 G,20500,500g,0.667,0.667,0.105,True,HIGH,DUP_SOURCE,https://i0.wp.com/www.taibaoline.com/wp-content/uploads/2024/10/Remove-bg.ai_1729347109182.png?fit=1094%2C879&ssl=1,True,WOULD_REVIEW,https://api.delivap.com/uploads/1786565015933-7eb3127e-466f-4e57-9b9c-c4b8862e7d7f.webp,,
6a7b92cd0d97848094f62c1b,فطر فيتر كامل,300,380 غ,380g,18465,Extra Champignons De Paris Entiers 380 G,39000,380g,0.667,0.667,0.159,True,HIGH,,https://i0.wp.com/www.taibaoline.com/wp-content/uploads/2024/02/Remove-bg.ai_1707628871600.png?fit=675%2C1198&ssl=1,True,WOULD_APPLY,https://api.delivap.com/uploads/1786565018306-756bc3e5-0bbc-4659-a35d-1094a21eb870.webp,,
6a7b92cd0d97848094f62c10,ملح,40,1 كغ,1kg,37433,Mamo Clean Sel Régénérant 1 KG,25000,1kg,1.0,1.0,0.063,True,HIGH,,https://i0.wp.com/www.taibaoline.com/wp-content/uploads/2024/03/Remove-bg.ai_1711890229798.png?fit=1200%2C674&ssl=1,True,WOULD_APPLY,https://api.delivap.com/uploads/1786565020921-b4e8d2fb-2dc7-4126-90fd-6c107b7caef3.webp,,
6a7b92cd0d97848094f62c0c,سكر,95,1 كغ,1kg,17310,Cebon El Mordjene Assila 1 KG,18500,1kg,1.0,1.0,0.044,True,HIGH,,https://i0.wp.com/www.taibaoline.com/wp-content/uploads/2024/02/Remove-bg.ai_1707431347851.png?fit=675%2C1198&ssl=1,True,WOULD_APPLY,https://api.delivap.com/uploads/1786565023469-5be24148-aaae-49f3-a93b-3ceac8765526.webp,,
6a7b92cd0d97848094f62c0b,طماطم سيم 28 %,280,800 غ,800g,5981, Avril Tomate Double Concentrée 28% 800 G,31000,800g,0.667,0.667,0.159,True,HIGH,DUP_SOURCE,https://i0.wp.com/www.taibaoline.com/wp-content/uploads/2023/12/avril-800g.jpg?fit=800%2C800&ssl=1,False,WOULD_REVIEW,https://api.delivap.com/uploads/1786565025048-0b493230-360b-4b9f-b3fc-41c8da0a1bc0.webp,,
6a7b92cd0d97848094f62c0a,طماطم افريل,300,800 غ,800g,5981, Avril Tomate Double Concentrée 28% 800 G,31000,800g,1.0,1.0,0.148,True,HIGH,,https://i0.wp.com/www.taibaoline.com/wp-content/uploads/2023/12/avril-800g.jpg?fit=800%2C800&ssl=1,False,WOULD_APPLY,https://api.delivap.com/uploads/1786565026572-6b5e9a37-d84a-4d55-9e28-73d5f2491554.webp,,
6a7b92cd0d97848094f62c05,حليب ميلكوسبراي,140,125 غ,125g,6295, Milkospray Lait 125 G,12500,125g,1.0,1.0,0.256,True,HIGH,,https://i0.wp.com/www.taibaoline.com/wp-content/uploads/2023/12/item1060980454.jpg?fit=800%2C800&ssl=1,False,WOULD_APPLY,https://api.delivap.com/uploads/1786565028074-53f65ea2-28ad-47a2-ac2d-e82386b51abe.webp,,
6a7b92cd0d97848094f62c00,قهوة 1001 عادي,250,250 غ,250g,7751,Café 1001 250 G,25000,250g,0.667,0.667,0.308,True,HIGH,,https://i0.wp.com/www.taibaoline.com/wp-content/uploads/2024/01/Remove-bg.ai_1704638400850.png?fit=700%2C700&ssl=1,True,WOULD_APPLY,https://api.delivap.com/uploads/1786565030366-d7efb7ef-edb1-4be1-bafd-2a62eeb5d1f4.webp,,
6a7b92cd0d97848094f62bff,قهوة فاميكو,250,250 غ,250g,7706,Café Famico Exclusive 250 G,25000,250g,1.0,1.0,0.154,True,HIGH,,https://i0.wp.com/www.taibaoline.com/wp-content/uploads/2024/01/Remove-bg.ai_1749548594862.png?fit=1080%2C1080&ssl=1,True,WOULD_APPLY,https://api.delivap.com/uploads/1786565033476-cbe78443-b165-4363-b249-d84dbe0177b2.webp,,
6a7b92cd0d97848094f62bfd,قهوة 1001 غولد,330,250 غ,250g,7751,Café 1001 250 G,25000,250g,0.667,0.667,0.338,True,HIGH,,https://i0.wp.com/www.taibaoline.com/wp-content/uploads/2024/01/Remove-bg.ai_1704638400850.png?fit=700%2C700&ssl=1,True,WOULD_APPLY,https://api.delivap.com/uploads/1786565035977-c60f0186-eb16-4264-9637-eefc9555ad9a.webp,,
6a7b92cd0d97848094f62bf8,حليب لويا,600,500 غ,500g,7865, Loya Laite 500 G,58000,500g,1.0,1.0,0.156,True,HIGH,,https://i0.wp.com/www.taibaoline.com/wp-content/uploads/2024/01/Remove-bg.ai_1704795521489.png?fit=1200%2C1200&ssl=1,True,WOULD_APPLY,https://api.delivap.com/uploads/1786565039001-82f206b6-db11-4e36-b982-88d58d167a1e.webp,,
6a7b92cd0d97848094f62bf7,حليب موندور,350,500 غ,500g,41465,MONT D&#8217;OR Gout à L’édam 500G,29000,500g,1.0,1.0,0.149,True,HIGH,,https://i0.wp.com/www.taibaoline.com/wp-content/uploads/2024/12/Remove-bg.ai_1735379593268.png?fit=964%2C1280&ssl=1,True,WOULD_APPLY,,,
6a7b92cd0d97848094f62bf5,حليب ميلكوسبراي,435,500 غ,500g,42223, Milkospray Lait 500 G,42500,500g,1.0,1.0,0.256,True,HIGH,,https://i0.wp.com/www.taibaoline.com/wp-content/uploads/2025/02/SnapBG.ai_1740230652959.webp?fit=480%2C637&ssl=1,True,WOULD_APPLY,https://api.delivap.com/uploads/1786565040858-0df3b7f0-c862-4e9e-b71a-07fb874d6256.webp,,
6a7b92cd0d97848094f62f45,تيب توب,395,32,,35898,Tip Top Fromage 24 pièces,38500,,1.0,1.0,0.171,False,MEDIUM,,https://i0.wp.com/www.taibaoline.com/wp-content/uploads/2024/03/Remove-bg.ai_1710760324712.png?fit=1200%2C674&ssl=1,True,WOULD_REVIEW,,,
6a7b92cd0d97848094f62f43,زيت املا,240,,,26702,Amla Huile pour cheveux à l&#8217;Amande 100ml,14000,100ml,1.0,1.0,0.122,False,MEDIUM,,https://i0.wp.com/www.taibaoline.com/wp-content/uploads/2024/02/Remove-bg.ai_1708170015552.png?fit=1200%2C1200&ssl=1,True,WOULD_REVIEW,,,
6a7b92cd0d97848094f62f3f,حليب فرانس ليه,880,,,40421,France Lait  250 G +6-36 Mois,41000,250g,1.0,1.0,0.192,False,MEDIUM,,https://i0.wp.com/www.taibaoline.com/wp-content/uploads/2024/09/Remove-bg.ai_1750005222774.png?fit=400%2C419&ssl=1,True,WOULD_REVIEW,,,
6a7b92cd0d97848094f62f39,خردل,160,,,64525,Lesieur Moutarde De Dijon 260 G,18000,260g,1.0,1.0,0.084,False,MEDIUM,,https://i0.wp.com/www.taibaoline.com/wp-content/uploads/2026/08/SnapBG.ai_1786371271679.png?fit=939%2C1280&ssl=1,True,WOULD_REVIEW,,,
6a7b92cd0d97848094f62f30,كوتكس بيضاء,75,,,37781,Wedo Haricots Blancs 580G,22000,580g,1.0,1.0,0.135,False,MEDIUM,,https://i0.wp.com/www.taibaoline.com/wp-content/uploads/2024/04/Remove-bg.ai_1713170675493.png?fit=1280%2C719&ssl=1,True,WOULD_REVIEW,,,
6a7b92cd0d97848094f62f2f,مايونيز,190,,,18380,Fleurial Mayonnaise 450 G,28000,450g,1.0,1.0,0.169,False,MEDIUM,,https://i0.wp.com/www.taibaoline.com/wp-content/uploads/2024/02/Remove-bg.ai_1748202420214.png?fit=1280%2C962&ssl=1,True,WOULD_REVIEW,,,
6a7b92cd0d97848094f62f2d,فلفل احمر مرحي,60,,,35303,تينو &#8211; فلفل أحمر مسحوق 150 غ,25000,150g,1.0,1.0,0.329,False,MEDIUM,,https://i0.wp.com/www.taibaoline.com/wp-content/uploads/2024/03/Remove-bg.ai_1710011772975.png?fit=899%2C1200&ssl=1,True,WOULD_REVIEW,,,
6a7b92cd0d97848094f62f1f,جي رويبة,50,33,,36386,Rouiba Jus Excellence Nectar De Mangue 1 L,19000,1L,1.0,1.0,0.095,False,MEDIUM,,https://i0.wp.com/www.taibaoline.com/wp-content/uploads/2024/03/a0272d8d-4562-46fe-a582-2829ca8827bd_removalai_preview-1.webp?fit=1080%2C810&ssl=1,False,WOULD_REVIEW,,,
6a7b92cd0d97848094f62f1e,اروى كولا,100,2 لتر,2L,32191,Eau Gazeuse Coca Cola _ 2L,13000,2L,0.5,0.5,0.171,True,MEDIUM,,https://i0.wp.com/www.taibaoline.com/wp-content/uploads/2024/03/4247-1.jpg?fit=1000%2C750&ssl=1,False,WOULD_REVIEW,,,
6a7b92cd0d97848094f62f1c,بوقلاز لتر,35,,,38960, Bouglez Fardeau de 12 bouteilles d’eau minérale 0.5L,24000,500ml,1.0,1.0,0.098,False,MEDIUM,,https://i0.wp.com/www.taibaoline.com/wp-content/uploads/2024/06/Remove-bg.ai_1717578035757.png?fit=1280%2C719&ssl=1,True,WOULD_REVIEW,,,
6a7b92cd0d97848094f62f1b,شامبو اطفال,150,,,39906, CoCo Baby Masse Gencive Réfrigérat,26000,,1.0,1.0,0.123,False,MEDIUM,,https://i0.wp.com/www.taibaoline.com/wp-content/uploads/2024/07/Remove-bg.ai_1720866379185.png?fit=1280%2C719&ssl=1,True,WOULD_REVIEW,,,
6a7b92cd0d97848094f62f1a,حليب منظف الرضع,200,,,39960,Deniz Sucette Nouveau-Né Silicone,10000,,1.0,1.0,0.187,False,MEDIUM,,https://i0.wp.com/www.taibaoline.com/wp-content/uploads/2024/07/Remove-bg.ai_1720361450307.png?fit=1280%2C719&ssl=1,True,WOULD_REVIEW,,,
6a7b92cd0d97848094f62f0e,معجون اطفال,120,,,39906, CoCo Baby Masse Gencive Réfrigérat,26000,,1.0,1.0,0.123,False,MEDIUM,,https://i0.wp.com/www.taibaoline.com/wp-content/uploads/2024/07/Remove-bg.ai_1720866379185.png?fit=1280%2C719&ssl=1,True,WOULD_REVIEW,,,
6a7b92cd0d97848094f62f0b,صابونة ابو سعد,130,,,16397,ABUSAAD HUILE DE ROSE,30000,,0.667,0.667,0.193,False,MEDIUM,,https://i0.wp.com/www.taibaoline.com/wp-content/uploads/2024/02/Abusaad-Huile-De-rose.jpg?fit=1000%2C1000&ssl=1,False,WOULD_REVIEW,,,
6a7b92cd0d97848094f62f07,تيب توب,270,16,,35898,Tip Top Fromage 24 pièces,38500,,1.0,1.0,0.171,False,MEDIUM,,https://i0.wp.com/www.taibaoline.com/wp-content/uploads/2024/03/Remove-bg.ai_1710760324712.png?fit=1200%2C674&ssl=1,True,WOULD_REVIEW,,,
6a7b92cd0d97848094f62f05,كوش يوني -فورم,880,,,38524,Uni-Form Couche Rectangulaire 15 Piéces,25000,,0.667,0.667,0.154,False,MEDIUM,,https://i0.wp.com/www.taibaoline.com/wp-content/uploads/2024/05/Remove-bg.ai_1715596686206.png?fit=1280%2C719&ssl=1,True,WOULD_REVIEW,,,
6a7b92cd0d97848094f62f03,بمبيز حجم كبير 40/5,1,,,30888,Sacs Congélation Premier Choix 3K GM,9000,3kg,0.667,0.667,0.166,False,MEDIUM,,https://i0.wp.com/www.taibaoline.com/wp-content/uploads/2024/02/Remove-bg.ai_1708896232789.png?fit=675%2C1198&ssl=1,True,WOULD_REVIEW,,,
6a7b92cd0d97848094f62f02,بمبيز حجم كبير 40/3,940,,,30888,Sacs Congélation Premier Choix 3K GM,9000,3kg,0.667,0.667,0.166,False,MEDIUM,,https://i0.wp.com/www.taibaoline.com/wp-content/uploads/2024/02/Remove-bg.ai_1708896232789.png?fit=675%2C1198&ssl=1,True,WOULD_REVIEW,,,
6a7b92cd0d97848094f62f01,بممبيز حجم كبير 1/40,760,,,30888,Sacs Congélation Premier Choix 3K GM,9000,3kg,0.667,0.667,0.164,False,MEDIUM,,https://i0.wp.com/www.taibaoline.com/wp-content/uploads/2024/02/Remove-bg.ai_1708896232789.png?fit=675%2C1198&ssl=1,True,WOULD_REVIEW,,,
6a7b92cd0d97848094f62efe,جافيل رغوي,110,1 لتر,1L,36853, Gel Javel AMIR 1L,15000,1L,0.5,0.5,0.194,True,MEDIUM,DUP_SOURCE,https://i0.wp.com/www.taibaoline.com/wp-content/uploads/2024/03/amir-clean-gel-javel-moussant-parfume-563-x-563.png?fit=563%2C563&ssl=1,False,WOULD_REVIEW,,,
6a7b92cd0d97848094f62ef7,طعام عمر بن عمر,130,,,8721,Amor Benamor Farfalle N°1 (500g) عمر بن عمر فارفاليني رقم 1,14000,500g,0.667,0.667,0.159,False,MEDIUM,DUP_SOURCE,https://i0.wp.com/www.taibaoline.com/wp-content/uploads/2024/01/Remove-bg.ai_1705927037839.png?fit=750%2C998&ssl=1,True,WOULD_REVIEW,,,
6a7b92cd0d97848094f62ef3,لاد,300,22,,31171,Wellmax lampe led 11w ,22000,,1.0,1.0,0.08,False,MEDIUM,,https://i0.wp.com/www.taibaoline.com/wp-content/uploads/2024/02/Remove-bg.ai_1708898578274.png?fit=675%2C1198&ssl=1,True,WOULD_REVIEW,,,
6a7b92cd0d97848094f62eee,بريما,80,,,30626,Prima clean fibre abrasive 5pcs,8000,,1.0,1.0,0.1,False,MEDIUM,,https://i0.wp.com/www.taibaoline.com/wp-content/uploads/2024/02/Remove-bg.ai_1708894415448.png?fit=675%2C1198&ssl=1,True,WOULD_REVIEW,,,
6a7b92cd0d97848094f62eea,علاء الدين قرعة,30,,,28049,  Soummam Fromage ALADIN Abricot 45g,2250,45g,0.667,0.667,0.165,False,MEDIUM,DUP_SOURCE,https://i0.wp.com/www.taibaoline.com/wp-content/uploads/2024/02/removal.ai_aa753620-4897-4dce-8a55-1b05db3a51c5-caroussel-aladin-abricot-45gr-600-600.png?fit=570%2C440&ssl=1,False,WOULD_REVIEW,,,
6a7b92cd0d97848094f62ee6,كوكيز بدون غلوتين,210,,,5724,فوزيلي بدون غلوتين 350غ,25000,350g,0.683,0.5,0.683,False,MEDIUM,,https://i0.wp.com/www.taibaoline.com/wp-content/uploads/2023/12/%D9%85%D8%B9%D9%83%D8%B1%D9%88%D9%86%D8%A9-%D9%84%D9%88%D9%84%D8%A8%D9%8A%D8%A9-%D8%A8%D8%AF%D9%88%D9%86-%D8%BA%D9%84%D9%88%D8%AA%D9%8A%D9%86-%D8%B3%D9%81%D9%8A%D9%86%D8%A9-350-%D8%BA.jpg?fit=449%2C416&ssl=1,False,WOULD_REVIEW,,,
6a7b92cd0d97848094f62ee3,مقرون بدون غلوتين,210,300 غ,300g,37090, El Mordjene Levure Chimique 300 G,25000,300g,0.5,0.5,0.101,True,MEDIUM,,https://i0.wp.com/www.taibaoline.com/wp-content/uploads/2024/03/Remove-bg.ai_1751898117466.png?fit=1200%2C672&ssl=1,True,WOULD_REVIEW,https://api.delivap.com/uploads/1786564801653-bd5514b3-2585-48d4-9933-6c77c3356213.webp,,
6a7b92cd0d97848094f62ee2,فرينة الكسرة بدون غلوتين,310,,,8404,Hidhab ِFarine Mix Pain Sans Gluten (3kg) هضاب فرينة بدون غلوتين,120000,3kg,0.667,0.667,0.386,False,MEDIUM,DUP_SOURCE,https://i0.wp.com/www.taibaoline.com/wp-content/uploads/2024/01/Remove-bg.ai_1705571943106.png?fit=540%2C1196&ssl=1,True,WOULD_REVIEW,,,
6a7b92cd0d97848094f62ee1,فرينة الدرة,210,800 غ,800g,16333,Numidiet Farine De Mais 800 G,12000,800g,0.5,0.5,0.198,True,MEDIUM,,https://i0.wp.com/www.taibaoline.com/wp-content/uploads/2024/02/Remove-bg.ai_1751710141213.png?fit=1200%2C950&ssl=1,True,WOULD_REVIEW,,,
6a7b92cd0d97848094f62edd,سندويتش,40,,,26877,Sandwich Tartine et Cuisine 2 KG,75000,2kg,1.0,1.0,0.13,False,MEDIUM,,https://i0.wp.com/www.taibaoline.com/wp-content/uploads/2024/02/Remove-bg.ai_1708200467298.png?fit=1200%2C1200&ssl=1,True,WOULD_REVIEW,,,
6a7b92cd0d97848094f62ed4,بسكويت 3قطع,120,,,30686, Instaclean fibre abrasive 3 pcs,10000,,1.0,1.0,0.151,False,MEDIUM,,https://i0.wp.com/www.taibaoline.com/wp-content/uploads/2024/02/Remove-bg.ai_1708894260727.png?fit=675%2C1198&ssl=1,True,WOULD_REVIEW,,,
6a7b92cd0d97848094f62eca,شربات فيتامين,65,1 لتر,1L,29406,Trefle Citronnade Citron 1L,10000,1L,0.5,0.5,0.186,True,MEDIUM,DUP_SOURCE,https://i0.wp.com/www.taibaoline.com/wp-content/uploads/2024/02/images-1-1.jpeg?fit=557%2C551&ssl=1,False,WOULD_REVIEW,,,
6a7b92cd0d97848094f62ec7,فلفل مرقد,60,100 غ,100g,36808,Fawaha Piment Doux 100G,10000,100g,0.5,0.5,0.167,True,MEDIUM,,https://i0.wp.com/www.taibaoline.com/wp-content/uploads/2024/03/Remove-bg.ai_1711204205012.png?fit=1200%2C674&ssl=1,True,WOULD_REVIEW,,,
6a7b92cd0d97848094f62ec4,جافيل اقل,250,5 لتر,5L,57452,Test Eau De Javel 5 L,30000,5L,0.5,0.5,0.184,True,MEDIUM,,https://i0.wp.com/www.taibaoline.com/wp-content/uploads/2025/11/IMG20251118155442.webp?fit=607%2C1080&ssl=1,False,WOULD_REVIEW,,,
6a7b92cd0d97848094f62ec0,ارز ابيض,200,,,40163,Thika Riz Blanc 1KG,20000,1kg,1.0,1.0,0.213,False,MEDIUM,,https://i0.wp.com/www.taibaoline.com/wp-content/uploads/2024/07/Remove-bg.ai_1749551275586.png?fit=400%2C400&ssl=1,True,WOULD_REVIEW,https://api.delivap.com/uploads/1786525176175-a179f19a-9e47-41fd-bd19-71707dfa14e8.webp,,
6a7b92cd0d97848094f62ebd,بيبرو بلاستيك كبير,220,,,30842,BS.Pack Cuillére Plastique 20 Assiettes,14000,,0.667,0.667,0.194,False,MEDIUM,,https://i0.wp.com/www.taibaoline.com/wp-content/uploads/2024/02/Remove-bg.ai_1708899705698.png?fit=675%2C1198&ssl=1,True,WOULD_REVIEW,,,
6a7b92cd0d97848094f62eb6,زيت الشعر املا,320,,,26702,Amla Huile pour cheveux à l&#8217;Amande 100ml,14000,100ml,1.0,1.0,0.198,False,MEDIUM,,https://i0.wp.com/www.taibaoline.com/wp-content/uploads/2024/02/Remove-bg.ai_1708170015552.png?fit=1200%2C1200&ssl=1,True,WOULD_REVIEW,,,
6a7b92cd0d97848094f62eaa,دانون يومي,25,,,29245,  Yaourt DANONE Yaoumi 95g,2500,95g,1.0,1.0,0.22,False,MEDIUM,,https://i0.wp.com/www.taibaoline.com/wp-content/uploads/2024/02/danone_yaoumi.webp?fit=800%2C491&ssl=1,False,WOULD_REVIEW,,,
6a7b92cd0d97848094f62ea8,صومام ديالنا,20,,,27518,Yaourt Soummam Dialna chocolat 100 G,2750,100g,1.0,1.0,0.143,False,MEDIUM,DUP_SOURCE,https://i0.wp.com/www.taibaoline.com/wp-content/uploads/2024/02/Remove-bg.ai_1708176674064.png?fit=600%2C339&ssl=1,True,WOULD_REVIEW,,,
6a7b92cd0d97848094f62ea6,عدس احمر ميزان,220,,,34376,Assil Lentilles Rouge 1 KG,22000,1kg,0.667,0.667,0.188,False,MEDIUM,,https://i0.wp.com/www.taibaoline.com/wp-content/uploads/2024/03/Remove-bg.ai_1709925981233.png?fit=1200%2C1200&ssl=1,True,WOULD_REVIEW,,,
6a7b92cd0d97848094f62ea1,ارز بسمتي ميزان,180,,,40657,El Wissam Riz Sella Basmati Indien Golden 500 G,20500,500g,0.667,0.667,0.145,False,MEDIUM,DUP_SOURCE,https://i0.wp.com/www.taibaoline.com/wp-content/uploads/2024/10/Remove-bg.ai_1729347109182.png?fit=1094%2C879&ssl=1,True,WOULD_REVIEW,,,
6a7b92cd0d97848094f62e93,شوكولاطة اومباسادور سوداء,250,70,,35710,MOMENT Chocolat Noir 90 g,18000,90g,0.667,0.667,0.181,False,MEDIUM,DUP_SOURCE,https://i0.wp.com/www.taibaoline.com/wp-content/uploads/2024/03/Remove-bg.ai_1710540561939.png?fit=768%2C768&ssl=1,True,WOULD_REVIEW,,,
6a7b92cd0d97848094f62e90,سردين بل زيت النباتي,140,,,44687,Sidi Ahmed Sardine à L&#8217;Huile Végétale 125G,15000,125g,0.667,0.667,0.26,False,MEDIUM,,https://i0.wp.com/www.taibaoline.com/wp-content/uploads/2025/05/Remove-bg.ai_1748340365688.png?fit=1280%2C962&ssl=1,True,WOULD_REVIEW,,,
6a7b92cd0d97848094f62e8d,لبن ساشي,100,1 لتر,1L,28115,  Raib Au Bifides Soummam 1L,14000,1L,0.5,0.5,0.047,True,MEDIUM,DUP_SOURCE,https://i0.wp.com/www.taibaoline.com/wp-content/uploads/2024/02/Remove-bg.ai_1750349269379.png?fit=800%2C800&ssl=1,True,WOULD_REVIEW,,,
6a7b92cd0d97848094f62e84,بتي فور علبة,200,,,32830,Ouais Petit Four 12 Piéces ,20000,,0.667,0.667,0.222,False,MEDIUM,,https://i0.wp.com/www.taibaoline.com/wp-content/uploads/2024/03/Remove-bg.ai_1709457853747.png?fit=1198%2C675&ssl=1,True,WOULD_REVIEW,,,
6a7b92cd0d97848094f62e79,مساسيك الغسيل,130,20 قطعة,,30376,Fabro panier de pinces à linge,13000,,1.0,1.0,0.255,False,MEDIUM,,https://i0.wp.com/www.taibaoline.com/wp-content/uploads/2024/02/Remove-bg.ai_1708893091049.png?fit=675%2C1198&ssl=1,True,WOULD_REVIEW,,,
6a7b92cd0d97848094f62e76,سميد سفينة,500,10 كغ,10kg,33635,Semoule luiza extra 10kg,40000,10kg,0.5,0.5,0.216,True,MEDIUM,,https://i0.wp.com/www.taibaoline.com/wp-content/uploads/2024/03/Remove-bg.ai_1709845584973.png?fit=1200%2C899&ssl=1,True,WOULD_REVIEW,,,
6a7b92cd0d97848094f62e6a,جومبو 16 مكعب,220,,,39466,Molfix N6 +16 KG 70,200000,16kg,0.667,0.667,0.158,False,MEDIUM,,https://i0.wp.com/www.taibaoline.com/wp-content/uploads/2024/07/SnapBG.ai_1745239697329.png?fit=1280%2C962&ssl=1,True,WOULD_REVIEW,,,
6a7b92cd0d97848094f62e67,صابون dove,280,,,16978,DOVE  SHAMPOOING _ANTI CHUTE,47000,,1.0,1.0,0.056,False,MEDIUM,,https://i0.wp.com/www.taibaoline.com/wp-content/uploads/2024/02/unnamed.jpg?fit=512%2C512&ssl=1,False,WOULD_REVIEW,,,
6a7b92cd0d97848094f62e64,معجون اسنان سيقادونت,300,100 غ,100g,51947,Extra Dentifrice Girofle &#038; Menthe 100 G,20000,100g,0.5,0.5,0.189,True,MEDIUM,,https://i0.wp.com/www.taibaoline.com/wp-content/uploads/2025/08/Remove-bg.ai_1755942926982.webp?fit=500%2C500&ssl=1,True,WOULD_REVIEW,https://api.delivap.com/uploads/1786564828472-307462fe-647a-472a-ba32-558b4e6ced87.webp,,
6a7b92cd0d97848094f62e63,صابون dorex,80,,,17595,DOREX APRÉS SHAMPOING_BOTANICAL_THÉ VERT ET EAU DE ROSE,27000,,1.0,1.0,0.071,False,MEDIUM,,https://i0.wp.com/www.taibaoline.com/wp-content/uploads/2024/02/Remove-bg.ai_1707411309075-e1707504792397.png?fit=601%2C800&ssl=1,True,WOULD_REVIEW,,,
6a7b92cd0d97848094f62e62,صابون flux,90,,,16989,FLUX CARE SHAMPOOING_HUILE DE MONOÏ &amp; NÉROLI,22000,,1.0,1.0,0.064,False,MEDIUM,,https://i0.wp.com/www.taibaoline.com/wp-content/uploads/2024/02/bottle-monoi-FLC-SH.webp?fit=1152%2C1152&ssl=1,False,WOULD_REVIEW,,,
6a7b92cd0d97848094f62e5c,قازوز اروى رمان,75,1 ل,1L,36094,Jus Ramy Milky Grenadine 1L,12000,1L,0.5,0.5,0.168,True,MEDIUM,DUP_SOURCE,https://i0.wp.com/www.taibaoline.com/wp-content/uploads/2024/03/20240316_161809-removebg-preview-1.png?fit=500%2C500&ssl=1,True,WOULD_REVIEW,https://api.delivap.com/uploads/1786564834198-0b6c4bac-0008-4c57-a7a9-f492f8b6e1c2.webp,,
6a7b92cd0d97848094f62e4d,ماء مسعد,40,1.5,1.5L,36115,"Ifri Fardeau de 6 bouteilles d&#8217;eau minérale (1,5 L)",23000,1.5L,0.5,0.5,0.083,True,MEDIUM,,https://i0.wp.com/www.taibaoline.com/wp-content/uploads/2024/03/FB_IMG_1710805951909.jpg?fit=508%2C505&ssl=1,False,WOULD_REVIEW,,,
6a7b92cd0d97848094f62e49,لوبيا,370,,,40180, Thika Haricot Rouge 500 G,21000,500g,1.0,1.0,0.112,False,MEDIUM,,https://i0.wp.com/www.taibaoline.com/wp-content/uploads/2024/08/Remove-bg.ai_1749892913369.png?fit=800%2C800&ssl=1,True,WOULD_REVIEW,,,
6a7b92cd0d97848094f62e44,ماء بوقلاز,50,1.5,1.5L,36115,"Ifri Fardeau de 6 bouteilles d&#8217;eau minérale (1,5 L)",23000,1.5L,0.5,0.5,0.055,True,MEDIUM,,https://i0.wp.com/www.taibaoline.com/wp-content/uploads/2024/03/FB_IMG_1710805951909.jpg?fit=508%2C505&ssl=1,False,WOULD_REVIEW,,,
6a7b92cd0d97848094f62e3c,كوتاكس صحي 4+2 كونفور,160,,,62336,Cotex Confort Papier Hygienique 24 Rouleaux + 8 Offerts,58000,,0.667,0.667,0.109,False,MEDIUM,,https://i0.wp.com/www.taibaoline.com/wp-content/uploads/2026/03/SnapBG.ai_1773222370773.png?fit=664%2C537&ssl=1,True,WOULD_REVIEW,,,
6a7b92cd0d97848094f62e3b,وفاء ورق صحي 4ايكو,120,,,27296,Wafa Soft Papier Hygiénique 4 Rouleaux,12000,,0.667,0.667,0.23,False,MEDIUM,,https://i0.wp.com/www.taibaoline.com/wp-content/uploads/2024/02/Remove-bg.ai_1708288741041.png?fit=675%2C1198&ssl=1,True,WOULD_REVIEW,,,
6a7b92cd0d97848094f62e37,كوتاكس ورق صحي 4 كونفور,120,,,62336,Cotex Confort Papier Hygienique 24 Rouleaux + 8 Offerts,58000,,0.667,0.667,0.142,False,MEDIUM,,https://i0.wp.com/www.taibaoline.com/wp-content/uploads/2026/03/SnapBG.ai_1773222370773.png?fit=664%2C537&ssl=1,True,WOULD_REVIEW,,,
6a7b92cd0d97848094f62e2f,صحن بلاستيك قطعة,140,20,,30846,Tabak Cuillére Plastique 50 PCS,19000,,1.0,1.0,0.222,False,MEDIUM,,https://i0.wp.com/www.taibaoline.com/wp-content/uploads/2024/02/Remove-bg.ai_1708896258945.png?fit=675%2C1198&ssl=1,True,WOULD_REVIEW,,,
6a7b92cd0d97848094f62e2e,حليب البقرة,100,,,26307,La Vache qui rit Chef _ KOUL YOUM 180 G,25000,180g,1.0,1.0,0.115,False,MEDIUM,,https://i0.wp.com/www.taibaoline.com/wp-content/uploads/2024/02/Remove-bg.ai_1708337514220.png?fit=860%2C860&ssl=1,True,WOULD_REVIEW,,,
6a7b92cd0d97848094f62e2a,رامي ميلكي 1لتر قرعة,120,,1L,36094,Jus Ramy Milky Grenadine 1L,12000,1L,0.5,0.5,0.26,True,MEDIUM,DUP_SOURCE,https://i0.wp.com/www.taibaoline.com/wp-content/uploads/2024/03/20240316_161809-removebg-preview-1.png?fit=500%2C500&ssl=1,True,WOULD_REVIEW,,,
6a7b92cd0d97848094f62e28,فانتا 1لتر برومو رمضان,80,,1L,6255,حليب أوبي 1 لتر,12500,1L,0.368,0.25,0.368,True,MEDIUM,DUP_SOURCE,https://i0.wp.com/www.taibaoline.com/wp-content/uploads/2023/12/leche-obei-1l-1.jpg?fit=800%2C800&ssl=1,False,WOULD_REVIEW,,,
6a7b92cd0d97848094f62e25,شوكولاطة منى صغيرة,40,,,37351,منى فيجيكاو بالحليب 40 غ,3500,40g,0.667,0.667,0.208,False,MEDIUM,,https://i0.wp.com/www.taibaoline.com/wp-content/uploads/2024/03/Remove-bg.ai_1711757050298-e1711757126966.png?fit=1080%2C809&ssl=1,True,WOULD_REVIEW,,,
6a7b92cd0d97848094f62e13,شامبو اطفال فينوس250مل,140,,250ml,39678,dBb Remond Biberon 240 ML,86000,240ml,0.5,0.5,0.235,True,MEDIUM,,https://i0.wp.com/www.taibaoline.com/wp-content/uploads/2024/07/Remove-bg.ai_1750677039458.png?fit=224%2C224&ssl=1,True,WOULD_REVIEW,,,
6a7b92cd0d97848094f62e0c,ملطف الجو لوراج,170,,,47020,L’orage Désodorisant Classic 3en1 Parfum Jasmin 750 ML,25000,750ml,1.0,1.0,0.14,False,MEDIUM,,https://i0.wp.com/www.taibaoline.com/wp-content/uploads/2025/07/Remove-bg.ai_1751551805136.png?fit=1080%2C1080&ssl=1,True,WOULD_REVIEW,,,
6a7b92cd0d97848094f62e0a,معطر الجو مانغا,260,,,27341,  Yaourt Soummam Yago _ Mangue 1L,13500,1L,1.0,1.0,0.171,False,MEDIUM,DUP_SOURCE,https://i0.wp.com/www.taibaoline.com/wp-content/uploads/2024/02/Remove-bg.ai_1708276614112.png?fit=600%2C338&ssl=1,True,WOULD_REVIEW,,,
6a7b92cd0d97848094f62e03,شوكولاطة ماكسن كراميل,85,,,36390,MAXON  Végécao forré a la crème de noisette 90 g,0,90g,0.667,0.667,0.131,False,MEDIUM,,https://i0.wp.com/www.taibaoline.com/wp-content/uploads/2024/03/Remove-bg.ai_1710865281184.png?fit=768%2C768&ssl=1,True,WOULD_REVIEW,,,
6a7b92cd0d97848094f62dff,شوكولاطة سويتي كوكيز,100,,,35697,MOMENT Chocolat éclats de biscuits 90 g,22000,90g,0.667,0.667,0.129,False,MEDIUM,,https://i0.wp.com/www.taibaoline.com/wp-content/uploads/2024/03/Remove-bg.ai_1710540532882.png?fit=768%2C768&ssl=1,True,WOULD_REVIEW,,,
6a7b92cd0d97848094f62dfe,شوكولاطة ماروخا ذوق الحليب و اللوز,200,,,36212,Optilla Aux Amandes Et Lait 140 G,19500,140g,0.75,0.75,0.276,False,MEDIUM,DUP_SOURCE,https://i0.wp.com/www.taibaoline.com/wp-content/uploads/2024/03/Remove-bg.ai_1710859942051.png?fit=810%2C1078&ssl=1,True,WOULD_REVIEW,,,
6a7b92cd0d97848094f62dfd,شوكولاطة مايلا ذوق اللوز,180,,,36212,Optilla Aux Amandes Et Lait 140 G,19500,140g,0.667,0.667,0.254,False,MEDIUM,DUP_SOURCE,https://i0.wp.com/www.taibaoline.com/wp-content/uploads/2024/03/Remove-bg.ai_1710859942051.png?fit=810%2C1078&ssl=1,True,WOULD_REVIEW,,,
6a7b92cd0d97848094f62dfc,شوكولاطة اوبتيلا ذوق اللوز,170,,,36212,Optilla Aux Amandes Et Lait 140 G,19500,140g,1.0,1.0,0.222,False,MEDIUM,,https://i0.wp.com/www.taibaoline.com/wp-content/uploads/2024/03/Remove-bg.ai_1710859942051.png?fit=810%2C1078&ssl=1,True,WOULD_REVIEW,,,
6a7b92cd0d97848094f62df9,شوكولاطة منى كبيرة,110,,,37351,منى فيجيكاو بالحليب 40 غ,3500,40g,0.667,0.667,0.26,False,MEDIUM,,https://i0.wp.com/www.taibaoline.com/wp-content/uploads/2024/03/Remove-bg.ai_1711757050298-e1711757126966.png?fit=1080%2C809&ssl=1,True,WOULD_REVIEW,,,
6a7b92cd0d97848094f62df3,لوز باطة,120,35 غ,35g,40889,Alawafy Amandes Grillées &amp; Salées 30 G,11000,30g,0.5,0.5,0.069,True,MEDIUM,,https://i0.wp.com/www.taibaoline.com/wp-content/uploads/2024/11/Remove-bg.ai_1730812489438.png?fit=957%2C1280&ssl=1,True,WOULD_REVIEW,,,
6a7b92cd0d97848094f62df2,كاجو باطة,130,35 غ,35g,40894,Alawafy Noix De Cajou Grillées &amp; Salées 30 G,11000,30g,0.5,0.5,0.077,True,MEDIUM,,https://i0.wp.com/www.taibaoline.com/wp-content/uploads/2024/11/Remove-bg.ai_1730812736398.png?fit=957%2C1280&ssl=1,True,WOULD_REVIEW,,,
6a7b92cd0d97848094f62df1,فستق باطة,120,35 غ,35g,40855, Pino Pistache Grillées Et Salées 35G,16000,35g,0.5,0.5,0.087,True,MEDIUM,,https://i0.wp.com/www.taibaoline.com/wp-content/uploads/2024/10/Remove-bg.ai_1730383837756.png?fit=346%2C309&ssl=1,True,WOULD_REVIEW,,,
6a7b92cd0d97848094f62dee,هابي دراي 6/35,990,,,41302,Happy Dry N2 3-6 KG 40 Couches ,79000,6kg,0.667,0.667,0.2,False,MEDIUM,DUP_SOURCE,https://i0.wp.com/www.taibaoline.com/wp-content/uploads/2024/11/IMG20251124110911.webp?fit=1080%2C607&ssl=1,False,WOULD_REVIEW,,,
6a7b92cd0d97848094f62ded,هابي دراي 4/40,960,,,41302,Happy Dry N2 3-6 KG 40 Couches ,79000,6kg,1.0,1.0,0.218,False,MEDIUM,,https://i0.wp.com/www.taibaoline.com/wp-content/uploads/2024/11/IMG20251124110911.webp?fit=1080%2C607&ssl=1,False,WOULD_REVIEW,,,
6a7b92cd0d97848094f62dec,هابي دراي 5/40,1,,,41302,Happy Dry N2 3-6 KG 40 Couches ,79000,6kg,1.0,1.0,0.218,False,MEDIUM,,https://i0.wp.com/www.taibaoline.com/wp-content/uploads/2024/11/IMG20251124110911.webp?fit=1080%2C607&ssl=1,False,WOULD_REVIEW,,,
6a7b92cd0d97848094f62deb,هابي دراي كيلوت 4/25,610,,,41302,Happy Dry N2 3-6 KG 40 Couches ,79000,6kg,0.667,0.667,0.224,False,MEDIUM,DUP_SOURCE,https://i0.wp.com/www.taibaoline.com/wp-content/uploads/2024/11/IMG20251124110911.webp?fit=1080%2C607&ssl=1,False,WOULD_REVIEW,,,
6a7b92cd0d97848094f62dea,هابي دراي كيلوت 6/20,570,,,41302,Happy Dry N2 3-6 KG 40 Couches ,79000,6kg,0.667,0.667,0.224,False,MEDIUM,DUP_SOURCE,https://i0.wp.com/www.taibaoline.com/wp-content/uploads/2024/11/IMG20251124110911.webp?fit=1080%2C607&ssl=1,False,WOULD_REVIEW,,,
6a7b92cd0d97848094f62de9,هابي دراي كيلوت 5/25,640,,,41302,Happy Dry N2 3-6 KG 40 Couches ,79000,6kg,0.667,0.667,0.207,False,MEDIUM,DUP_SOURCE,https://i0.wp.com/www.taibaoline.com/wp-content/uploads/2024/11/IMG20251124110911.webp?fit=1080%2C607&ssl=1,False,WOULD_REVIEW,,,
6a7b92cd0d97848094f62de8,بيمبيز كيلوت 5/40,1,,,6829,Bimbies Pants N4 7-18 KG 40 Culottes,95000,18kg,1.0,1.0,0.238,False,MEDIUM,,https://i0.wp.com/www.taibaoline.com/wp-content/uploads/2023/12/Remove-bg.ai_1716645294172.png?fit=1280%2C719&ssl=1,True,WOULD_REVIEW,,,
6a7b92cd0d97848094f62de5,بيمبيز 6/35,1,,,6844,Bimbies Confort N6 +16 KG 35 Couches,112000,16kg,1.0,1.0,0.165,False,MEDIUM,,https://i0.wp.com/www.taibaoline.com/wp-content/uploads/2023/12/photo_2023-12-25_16-20-29-removebg-preview.png?fit=576%2C433&ssl=1,True,WOULD_REVIEW,,,
6a7b92cd0d97848094f62de4,بيمبيز 4/40,1,,,6863,Bimbies Confort N3 4-9 KG 80 Couches,175000,9kg,1.0,1.0,0.15,False,MEDIUM,,https://i0.wp.com/www.taibaoline.com/wp-content/uploads/2023/12/1-2023-01-30T114026.932.jpg?fit=500%2C500&ssl=1,False,WOULD_REVIEW,,,
6a7b92cd0d97848094f62de2,رشته,150,,,8270,Hidhab Pates Rechta 300 G,14000,300g,1.0,1.0,0.096,False,MEDIUM,,https://i0.wp.com/www.taibaoline.com/wp-content/uploads/2024/01/Remove-bg.ai_1751795039321.png?fit=1200%2C897&ssl=1,True,WOULD_REVIEW,,,
6a7b92cd0d97848094f62dde,فرماج طارتينو,395,24 قطعة,,38010,Tartino A L&#8217;ait Aux Fines Herbes Cuisto 4 Pieces 280 G,24000,280g,1.0,1.0,0.092,False,MEDIUM,,https://i0.wp.com/www.taibaoline.com/wp-content/uploads/2024/04/Remove-bg.ai_1714052758294.png?fit=1280%2C719&ssl=1,True,WOULD_REVIEW,,,
6a7b92cd0d97848094f62ddd,فرماج طارتينو,270,16 قطعة,,38010,Tartino A L&#8217;ait Aux Fines Herbes Cuisto 4 Pieces 280 G,24000,280g,1.0,1.0,0.092,False,MEDIUM,,https://i0.wp.com/www.taibaoline.com/wp-content/uploads/2024/04/Remove-bg.ai_1714052758294.png?fit=1280%2C719&ssl=1,True,WOULD_REVIEW,,,
6a7b92cd0d97848094f62dd8,شيزي شرائح,220,150 غ,150g,37750,Viter Champignons Tranchés 140 G,14000,140g,0.5,0.5,0.14,True,MEDIUM,,https://i0.wp.com/www.taibaoline.com/wp-content/uploads/2024/04/Remove-bg.ai_1713107635839.png?fit=1280%2C719&ssl=1,True,WOULD_REVIEW,,,
6a7b92cd0d97848094f62dcf,جافيل دوز,270,5 ل,5L,57452,Test Eau De Javel 5 L,30000,5L,0.5,0.5,0.158,True,MEDIUM,,https://i0.wp.com/www.taibaoline.com/wp-content/uploads/2025/11/IMG20251118155442.webp?fit=607%2C1080&ssl=1,False,WOULD_REVIEW,,,
6a7b92cd0d97848094f62dc8,جافيل ليسر,240,5 ل,5L,57452,Test Eau De Javel 5 L,30000,5L,0.5,0.5,0.208,True,MEDIUM,,https://i0.wp.com/www.taibaoline.com/wp-content/uploads/2025/11/IMG20251118155442.webp?fit=607%2C1080&ssl=1,False,WOULD_REVIEW,,,
6a7b92cd0d97848094f62dc3,ملمع الاثاث,130,,,27865,Atack plus meuble 500ml,16000,500ml,1.0,1.0,0.227,False,MEDIUM,,https://i0.wp.com/www.taibaoline.com/wp-content/uploads/2024/02/Remove-bg.ai_1708290204252.png?fit=675%2C1198&ssl=1,True,WOULD_REVIEW,,,
6a7b92cd0d97848094f62db9,مكشط الفرن,230,,,27792,Stic decap four 750ml,17000,750ml,1.0,1.0,0.253,False,MEDIUM,,https://i0.wp.com/www.taibaoline.com/wp-content/uploads/2024/02/Remove-bg.ai_1708434787033.png?fit=675%2C1198&ssl=1,True,WOULD_REVIEW,,,
6a7b92cd0d97848094f62db6,موبي سيك مبيد الحشرات,280,750 مل,750ml,29654,Stop Insecticide Insecticide Volonts Citron 750 ML,30000,750ml,0.5,0.5,0.192,True,MEDIUM,,https://i0.wp.com/www.taibaoline.com/wp-content/uploads/2024/02/Remove-bg.ai_1708471173209.png?fit=675%2C1198&ssl=1,True,WOULD_REVIEW,,,
6a7b92cd0d97848094f62daa,فرماج سيبلي,220,24 قطعة,,19115,Siplait Fromage 24 pièces,20000,,1.0,1.0,0.143,False,MEDIUM,,https://i0.wp.com/www.taibaoline.com/wp-content/uploads/2024/02/Remove-bg.ai_1752051627088.png?fit=768%2C699&ssl=1,True,WOULD_REVIEW,,,
6a7b92cd0d97848094f62da9,فرماج سيبلي,150,16 قطعة,,19115,Siplait Fromage 24 pièces,20000,,1.0,1.0,0.143,False,MEDIUM,,https://i0.wp.com/www.taibaoline.com/wp-content/uploads/2024/02/Remove-bg.ai_1752051627088.png?fit=768%2C699&ssl=1,True,WOULD_REVIEW,,,
6a7b92cd0d97848094f62da8,فرماج سيبلي 8 قطع,85,,,47224,Siplait Fromage 32 pièces,29500,,1.0,1.0,0.244,False,MEDIUM,,https://i0.wp.com/www.taibaoline.com/wp-content/uploads/2025/07/Remove-bg.ai_1752053144743.png?fit=1280%2C962&ssl=1,True,WOULD_REVIEW,,,
6a7b92cd0d97848094f62da7,فرماج شيزي,185,16 قطعة,,30164,Tartino Chezzy Slice 10 Pièces 170 G,20000,170g,1.0,1.0,0.085,False,MEDIUM,,https://i0.wp.com/www.taibaoline.com/wp-content/uploads/2024/02/cheezy-2.png?fit=800%2C800&ssl=1,False,WOULD_REVIEW,,,
6a7b92cd0d97848094f62da6,فرماج شيزي,270,24 قطعة,,30164,Tartino Chezzy Slice 10 Pièces 170 G,20000,170g,1.0,1.0,0.085,False,MEDIUM,,https://i0.wp.com/www.taibaoline.com/wp-content/uploads/2024/02/cheezy-2.png?fit=800%2C800&ssl=1,False,WOULD_REVIEW,,,
6a7b92cd0d97848094f62da4,حليب صومام,140,1 ل,1L,6255,حليب أوبي 1 لتر,12500,1L,0.462,0.0,0.462,True,MEDIUM,DUP_SOURCE,https://i0.wp.com/www.taibaoline.com/wp-content/uploads/2023/12/leche-obei-1l-1.jpg?fit=800%2C800&ssl=1,False,WOULD_REVIEW,https://api.delivap.com/uploads/1786564882598-5bc901b6-05bc-441b-ac9f-844e89adbb14.webp,,
6a7b92cd0d97848094f62da1,جي افروي كرطونة,140,1 ل,1L,35639,Ifruit Jus 100% Pomme 1L,19000,1L,0.5,0.5,0.203,True,MEDIUM,,https://i0.wp.com/www.taibaoline.com/wp-content/uploads/2024/03/500x500-1.png?fit=500%2C500&ssl=1,False,WOULD_REVIEW,https://api.delivap.com/uploads/1786564887021-40bc26ec-2694-4ef4-9b7b-f83b1bf23cfd.webp,,
6a7b92cd0d97848094f62d99,ياغورت دانات,35,,,29534,Yaourt Danone Danette Pistache 85 G,3500,85g,1.0,1.0,0.207,False,MEDIUM,,https://i0.wp.com/www.taibaoline.com/wp-content/uploads/2024/02/pot_danette_pistache.webp?fit=800%2C491&ssl=1,False,WOULD_REVIEW,,,
6a7b92cd0d97848094f62d93,ياغورت علاء الدين,25,,,28049,  Soummam Fromage ALADIN Abricot 45g,2250,45g,1.0,1.0,0.179,False,MEDIUM,,https://i0.wp.com/www.taibaoline.com/wp-content/uploads/2024/02/removal.ai_aa753620-4897-4dce-8a55-1b05db3a51c5-caroussel-aladin-abricot-45gr-600-600.png?fit=570%2C440&ssl=1,False,WOULD_REVIEW,,,
6a7b92cd0d97848094f62d91,ياغورت دانون فاكهة,30,,,28219,  Yaourt DANONE Fakiha 95g,3000,95g,1.0,1.0,0.383,False,MEDIUM,,https://i0.wp.com/www.taibaoline.com/wp-content/uploads/2024/02/AUF_fraise.webp?fit=800%2C491&ssl=1,False,WOULD_REVIEW,,,
6a7b92cd0d97848094f62d90,ياغورت طبيعي,25,,,36129,Hana Pain De Mie Nature Fromat Moyen 500G,12500,500g,1.0,1.0,0.103,False,MEDIUM,DUP_SOURCE,https://i0.wp.com/www.taibaoline.com/wp-content/uploads/2024/03/Remove-bg.ai_1710838610322.png?fit=675%2C1198&ssl=1,True,WOULD_REVIEW,,,
6a7b92cd0d97848094f62d8e,ياغورت ترته,30,,,27478,  Yaourt Soummam Fraise façon tarte 1 Kg,15500,1kg,1.0,1.0,0.175,False,MEDIUM,,https://i0.wp.com/www.taibaoline.com/wp-content/uploads/2024/02/Remove-bg.ai_1708297296856.png?fit=600%2C338&ssl=1,True,WOULD_REVIEW,,,
6a7b92cd0d97848094f62d8d,ياغورت سيريالو,30,,,27492,Yaourt Soummam Céréalo 1 KG,16000,1kg,1.0,1.0,0.277,False,MEDIUM,,https://i0.wp.com/www.taibaoline.com/wp-content/uploads/2024/02/Remove-bg.ai_1708297263189.png?fit=600%2C569&ssl=1,True,WOULD_REVIEW,,,
6a7b92cd0d97848094f62d8c,ياغورت بنينة,30,,,27221,  Yaourt Soummam Bnina Banane 90 g,2750,90g,1.0,1.0,0.135,False,MEDIUM,,https://i0.wp.com/www.taibaoline.com/wp-content/uploads/2024/02/Remove-bg.ai_1708176690470.png?fit=600%2C338&ssl=1,True,WOULD_REVIEW,,,
6a7b92cd0d97848094f62d8b,ياغورت جنينة,30,,,27469,  Yaourt Soummam J&#8217;nina bicouche _ Fruits des Bois 125 g,4000,125g,1.0,1.0,0.155,False,MEDIUM,,https://i0.wp.com/www.taibaoline.com/wp-content/uploads/2024/02/Remove-bg.ai_1708379932681.png?fit=600%2C406&ssl=1,True,WOULD_REVIEW,,,
6a7b92cd0d97848094f62d89,ياغورت فلان كراميل,30,,,17226,Rabha Caramello Flan Créme Caramel 150 G,8500,150g,1.0,1.0,0.2,False,MEDIUM,,https://i0.wp.com/www.taibaoline.com/wp-content/uploads/2024/02/Remove-bg.ai_1707426644205.png?fit=675%2C1198&ssl=1,True,WOULD_REVIEW,,,
6a7b92cd0d97848094f62d88,حلوى قشدية,30,,,27215,  Yaourt Soummam Crème Déssert Chocolat 100 g,2750,100g,1.0,1.0,0.15,False,MEDIUM,,https://i0.wp.com/www.taibaoline.com/wp-content/uploads/2024/02/Remove-bg.ai_1708175801189.png?fit=600%2C339&ssl=1,True,WOULD_REVIEW,,,
6a7b92cd0d97848094f62d87,ياغورت ممزوج,25,,,27152,Yaourt Soummam Mamzoudj Abricot 100 G,2250,100g,1.0,1.0,0.189,False,MEDIUM,,https://i0.wp.com/www.taibaoline.com/wp-content/uploads/2024/02/Remove-bg.ai_1708205099295.png?fit=600%2C413&ssl=1,True,WOULD_REVIEW,,,
6a7b92cd0d97848094f62d85,صومام فور,25,,,27560,For Top Liquide Vaisselle Citron 710 ML,11000,710ml,1.0,1.0,0.06,False,MEDIUM,,https://i0.wp.com/www.taibaoline.com/wp-content/uploads/2024/02/Remove-bg.ai_1708292500885.png?fit=675%2C1198&ssl=1,True,WOULD_REVIEW,,,
6a7b92cd0d97848094f62d7d,بالي نوعية جيدة,160,,,29997, Bicolor gloves high quality durability and comfortable fit xl,28000,,0.667,0.667,0.15,False,MEDIUM,,https://i0.wp.com/www.taibaoline.com/wp-content/uploads/2024/02/Remove-bg.ai_1708634737198.png?fit=675%2C1198&ssl=1,True,WOULD_REVIEW,,,
6a7b92cd0d97848094f62d73,ديول العائلة,120,,,30284,EL Aila Dioul 10 Feuilles,11000,,1.0,1.0,0.189,False,MEDIUM,,https://i0.wp.com/www.taibaoline.com/wp-content/uploads/2024/02/Capture-decran-2026-01-27-154231.png?fit=971%2C1080&ssl=1,False,WOULD_REVIEW,,,
6a7b92cd0d97848094f62d69,عصير رامي كرطونة,120,1 ل,1L,36094,Jus Ramy Milky Grenadine 1L,12000,1L,0.5,0.5,0.271,True,MEDIUM,DUP_SOURCE,https://i0.wp.com/www.taibaoline.com/wp-content/uploads/2024/03/20240316_161809-removebg-preview-1.png?fit=500%2C500&ssl=1,True,WOULD_REVIEW,https://api.delivap.com/uploads/1786564910816-7ed9b056-19e1-4494-a934-fad80ac54c4e.webp,,
6a7b92cd0d97848094f62d67,خبز التورتيلا صغير 6 قطع,220,,,39411,Bread Tortilla Love 6 Paices ,20000,,0.667,0.667,0.358,False,MEDIUM,,https://i0.wp.com/www.taibaoline.com/wp-content/uploads/2024/07/Remove-bg.ai_1720002451216.png?fit=1280%2C719&ssl=1,True,WOULD_REVIEW,,,
6a7b92cd0d97848094f62d66,خبز التورتيلا كبير 10 قطع,380,,,33363,Pain de tacos totillas Maxi format 10trtlls,34000,,0.667,0.667,0.273,False,MEDIUM,,https://i0.wp.com/www.taibaoline.com/wp-content/uploads/2024/03/Remove-bg.ai_1709738348130.png?fit=1200%2C675&ssl=1,True,WOULD_REVIEW,,,
6a7b92cd0d97848094f62d62,حميس بنارة,100,180 غ,180g,41917,El Baraka Hmiss 170G,13000,170g,0.5,0.5,0.137,True,MEDIUM,,https://i0.wp.com/www.taibaoline.com/wp-content/uploads/2025/02/Remove-bg.ai_1748251209428.png?fit=1280%2C962&ssl=1,True,WOULD_REVIEW,,,
6a7b92cd0d97848094f62d53,ماء افري جينيور33سل,30,,,36115,"Ifri Fardeau de 6 bouteilles d&#8217;eau minérale (1,5 L)",23000,1.5L,0.667,0.667,0.116,False,MEDIUM,DUP_SOURCE,https://i0.wp.com/www.taibaoline.com/wp-content/uploads/2024/03/FB_IMG_1710805951909.jpg?fit=508%2C505&ssl=1,False,WOULD_REVIEW,,,
6a7b92cd0d97848094f62d4a,كونفيتير سيم,260,800 غ,800g,16779,SIM Tomate Double Concentrée 28% 800 G,26000,800g,0.5,0.5,0.059,True,MEDIUM,,https://i0.wp.com/www.taibaoline.com/wp-content/uploads/2024/02/Remove-bg.ai_1707318585567.png?fit=1073%2C1198&ssl=1,True,WOULD_REVIEW,,,
6a7b92cd0d97848094f62d48,كونفوتير سيكام,140,400 غ,400g,17335,Sicam Confiture De Fraise 400 G,17000,400g,0.5,0.5,0.112,True,MEDIUM,,https://i0.wp.com/www.taibaoline.com/wp-content/uploads/2024/02/Remove-bg.ai_1707431866696.png?fit=675%2C1198&ssl=1,True,WOULD_REVIEW,,,
6a7b92cd0d97848094f62d47,سكر قلاصي,135,700 غ,700g,17977,Elmordjene sucre glace extra fin 700g,13000,700g,0.5,0.5,0.101,True,MEDIUM,,https://i0.wp.com/www.taibaoline.com/wp-content/uploads/2024/02/Remove-bg.ai_1707424679547.png?fit=675%2C1198&ssl=1,True,WOULD_REVIEW,,,
6a7b92cd0d97848094f62d3f,كريم شونتي,200,200 غ,200g,17900,Tachfine Créme Chantilly 200G,23000,200g,0.5,0.5,0.186,True,MEDIUM,,https://i0.wp.com/www.taibaoline.com/wp-content/uploads/2024/02/Remove-bg.ai_1707425132729.png?fit=675%2C1198&ssl=1,True,WOULD_REVIEW,,,
6a7b92cd0d97848094f62d3e,سميد لار,120,1 كغ,1kg,17529,Galb Elhaba Semoule 1 KG,12000,1kg,0.5,0.5,0.125,True,MEDIUM,,https://i0.wp.com/www.taibaoline.com/wp-content/uploads/2024/02/Remove-bg.ai_1707430664799.png?fit=675%2C1198&ssl=1,True,WOULD_REVIEW,,,
6a7b92cd0d97848094f62d3d,سميد مولا,130,1 كغ,1kg,17529,Galb Elhaba Semoule 1 KG,12000,1kg,0.5,0.5,0.123,True,MEDIUM,,https://i0.wp.com/www.taibaoline.com/wp-content/uploads/2024/02/Remove-bg.ai_1707430664799.png?fit=675%2C1198&ssl=1,True,WOULD_REVIEW,,,
6a7b92cd0d97848094f62d39,مرغرين ديما,185,500 غ,500g,19025, Dima Margarine 500 G,17500,500g,0.5,0.5,0.179,True,MEDIUM,,https://i0.wp.com/www.taibaoline.com/wp-content/uploads/2024/02/dima-margarine-500g.png?fit=494%2C439&ssl=1,False,WOULD_REVIEW,,,
6a7b92cd0d97848094f62d37,مرغرين صول,185,500 غ,500g,19028,Margarine Sol 500 G,17000,500g,0.5,0.5,0.282,True,MEDIUM,,https://i0.wp.com/www.taibaoline.com/wp-content/uploads/2024/02/55.webp?fit=600%2C600&ssl=1,False,WOULD_REVIEW,,,
6a7b92cd0d97848094f62d35,مرغرين لابل,185,500 غ,500g,35479,La Parisienne Margarine De Feuilletage 500G,16500,500g,0.5,0.5,0.135,True,MEDIUM,,https://i0.wp.com/www.taibaoline.com/wp-content/uploads/2024/03/margarine-la-parisienne.jpg-removebg-preview-1.webp?fit=880%2C1080&ssl=1,True,WOULD_REVIEW,,,
6a7b92cd0d97848094f62d33,مرغرين ماني,185,500 غ,500g,19141,Many Margarine 500 G,17500,500g,0.5,0.5,0.293,True,MEDIUM,,https://i0.wp.com/www.taibaoline.com/wp-content/uploads/2024/02/Many-Margarines-500g.jpg?fit=600%2C600&ssl=1,False,WOULD_REVIEW,,,
6a7b92cd0d97848094f62d32,مرغرين ماني,110,250 غ,250g,19031,MARGARINE SOL 250G,9500,250g,0.5,0.5,0.219,True,MEDIUM,DUP_SOURCE,https://i0.wp.com/www.taibaoline.com/wp-content/uploads/2024/02/Sol-Margarines-250G.jpg?fit=600%2C600&ssl=1,False,WOULD_REVIEW,,,
6a7b92cd0d97848094f62d2e,حمص بنارة,150,360 غ,360g,18572,Wedo pois chiches 370g,16000,370g,0.5,0.5,0.11,True,MEDIUM,,https://i0.wp.com/www.taibaoline.com/wp-content/uploads/2024/02/Remove-bg.ai_1707627873084.png?fit=675%2C1198&ssl=1,True,WOULD_REVIEW,,,
6a7b92cd0d97848094f62d2d,مايونيز موندور,280,400 غ,400g,18394,Fleurial Mayonnaise 395G,26000,395g,0.5,0.5,0.182,True,MEDIUM,,https://i0.wp.com/www.taibaoline.com/wp-content/uploads/2024/02/Remove-bg.ai_1711456983024.png?fit=1200%2C674&ssl=1,True,WOULD_REVIEW,,,
6a7b92cd0d97848094f62d27,جافيل تست,150,2 لتر,2L,36704,Atack plus &#8211; javel Moussant 2L,23000,2L,0.5,0.5,0.136,True,MEDIUM,DUP_SOURCE,https://i0.wp.com/www.taibaoline.com/wp-content/uploads/2024/03/Remove-bg.ai_1711148228566.png?fit=1200%2C1200&ssl=1,True,WOULD_REVIEW,,,
6a7b92cd0d97848094f62d26,جافيل بريلكس2لتر,150,,2L,36704,Atack plus &#8211; javel Moussant 2L,23000,2L,0.5,0.5,0.218,True,MEDIUM,DUP_SOURCE,https://i0.wp.com/www.taibaoline.com/wp-content/uploads/2024/03/Remove-bg.ai_1711148228566.png?fit=1200%2C1200&ssl=1,True,WOULD_REVIEW,,,
6a7b92cd0d97848094f62d22,صانيبو توب,110,1 ل,1L,36692,Amir SaniBon Senteur Lavande 1L,12500,1L,0.5,0.5,0.139,True,MEDIUM,DUP_SOURCE,https://i0.wp.com/www.taibaoline.com/wp-content/uploads/2024/03/amir-sanibon-lavande-1L-2.png?fit=563%2C563&ssl=1,False,WOULD_REVIEW,,,
6a7b92cd0d97848094f62d1d,سائل اواني لايف,180,650 مل,650ml,27570,life Liquide Vaisselle Citron 650 ML,15000,650ml,0.5,0.5,0.202,True,MEDIUM,,https://i0.wp.com/www.taibaoline.com/wp-content/uploads/2024/02/Remove-bg.ai_1708291658485.png?fit=675%2C1198&ssl=1,True,WOULD_REVIEW,https://api.delivap.com/uploads/1786564952755-1652ff39-c5d4-4422-b62e-cbd9db8de6e7.webp,,
6a7b92cd0d97848094f62d1b,سائل اواني بريل,200,650 مل,650ml,27552,Pril ISIS Liquide Vaisselle 650 ML,20000,650ml,0.5,0.5,0.202,True,MEDIUM,,https://i0.wp.com/www.taibaoline.com/wp-content/uploads/2024/02/IMG20251118104306-3.webp?fit=607%2C1080&ssl=1,False,WOULD_REVIEW,https://api.delivap.com/uploads/1786564954358-68052c92-108f-4be0-ae6e-68cc8a38e905.webp,,
6a7b92cd0d97848094f62d1a,سائل اواني بريلكس,220,1.25 ل,1.25L,58023,"Brilex Adoucissant Linge 1,2 L",28000,1.2L,0.5,0.5,0.148,True,MEDIUM,DUP_SOURCE,https://i0.wp.com/www.taibaoline.com/wp-content/uploads/2025/11/IMG20251127093826-1.webp?fit=1080%2C607&ssl=1,False,WOULD_REVIEW,,,
6a7b92cd0d97848094f62d18,سائل اواني لايف,260,1.25 ل,1.25L,27565,"life Liquide Vaisselle Citron 1,25 L",28000,1.25L,0.5,0.5,0.202,True,MEDIUM,,https://i0.wp.com/www.taibaoline.com/wp-content/uploads/2024/02/Remove-bg.ai_1708291167925.png?fit=675%2C1198&ssl=1,True,WOULD_REVIEW,https://api.delivap.com/uploads/1786564956688-ec99b6c4-7245-4f0d-9aa4-edbc8bad5d37.webp,,
6a7b92cd0d97848094f62d0f,جافيل ايقل,100,900 مل,900ml,57444,Test Eau De Javel 920 ML,10000,920ml,0.5,0.5,0.167,True,MEDIUM,,https://i0.wp.com/www.taibaoline.com/wp-content/uploads/2025/11/SnapBG.ai_1772286548671.png?fit=572%2C1280&ssl=1,True,WOULD_REVIEW,,,
6a7b92cd0d97848094f62d0e,جافيل براف,100,900 مل,900ml,57444,Test Eau De Javel 920 ML,10000,920ml,0.5,0.5,0.143,True,MEDIUM,,https://i0.wp.com/www.taibaoline.com/wp-content/uploads/2025/11/SnapBG.ai_1772286548671.png?fit=572%2C1280&ssl=1,True,WOULD_REVIEW,,,
6a7b92cd0d97848094f62d08,صانيبو فور اكسبرس,200,,,36601,Force Xpress Lave Sol Senteur Provencale 1L,17500,1L,0.667,0.667,0.14,False,MEDIUM,,https://i0.wp.com/www.taibaoline.com/wp-content/uploads/2024/03/Remove-bg.ai_1751035237689.png?fit=441%2C441&ssl=1,True,WOULD_REVIEW,,,
6a7b92cd0d97848094f62d07,صانيبو وايف,180,1 لتر,1L,36692,Amir SaniBon Senteur Lavande 1L,12500,1L,0.5,0.5,0.155,True,MEDIUM,DUP_SOURCE,https://i0.wp.com/www.taibaoline.com/wp-content/uploads/2024/03/amir-sanibon-lavande-1L-2.png?fit=563%2C563&ssl=1,False,WOULD_REVIEW,,,
6a7b92cd0d97848094f62d04,سائل اواني اقل,190,650 مل,650ml,27590,Aigle Liquide Vaisselle Citron 650 ML,15500,650ml,0.5,0.5,0.195,True,MEDIUM,,https://i0.wp.com/www.taibaoline.com/wp-content/uploads/2024/02/Remove-bg.ai_1708292853426.png?fit=675%2C1198&ssl=1,True,WOULD_REVIEW,https://api.delivap.com/uploads/1786564970873-ff214956-9981-4018-a35c-bdc72d6fe81f.webp,,
6a7b92cd0d97848094f62cff,منظف زجاج بريلكس,160,750 مل,750ml,27644,Brilex Lave Viter 750 ML,14000,750ml,0.5,0.5,0.17,True,MEDIUM,,https://i0.wp.com/www.taibaoline.com/wp-content/uploads/2024/02/Remove-bg.ai_1751022322366.png?fit=675%2C1195&ssl=1,True,WOULD_REVIEW,https://api.delivap.com/uploads/1786564973365-75ac27ef-3815-447e-ad9e-5c923b97729a.webp,,
6a7b92cd0d97848094f62ce0,ورق الطهي وفاء 10 م,180,,,9081,Wafa papier cuisson (5 متر) وفاء ورق الطهي,10000,,1.0,1.0,0.333,False,MEDIUM,,https://i0.wp.com/www.taibaoline.com/wp-content/uploads/2024/01/Remove-bg.ai_1706447725114.png?fit=999%2C749&ssl=1,True,WOULD_REVIEW,,,
6a7b92cd0d97848094f62cdf,ورق الالمنيوم وفاء 5 م,100,,,9134,Wafa Eco Plus Papier Aluminium 150 Métres,185000,,1.0,1.0,0.238,False,MEDIUM,,https://i0.wp.com/www.taibaoline.com/wp-content/uploads/2024/01/Remove-bg.ai_1754319726674.webp?fit=1280%2C718&ssl=1,True,WOULD_REVIEW,,,
6a7b92cd0d97848094f62cde,ورق الطهي ؤفاء 5 م,100,,,9081,Wafa papier cuisson (5 متر) وفاء ورق الطهي,10000,,1.0,1.0,0.339,False,MEDIUM,,https://i0.wp.com/www.taibaoline.com/wp-content/uploads/2024/01/Remove-bg.ai_1706447725114.png?fit=999%2C749&ssl=1,True,WOULD_REVIEW,,,
6a7b92cd0d97848094f62cdd,كوتكس غلاف شفاف 10 متر,100,,,9208,Papito Film Transparent  بابيتو غلاف شفاف,43000,,0.667,0.667,0.375,False,MEDIUM,,https://i0.wp.com/www.taibaoline.com/wp-content/uploads/2024/01/Remove-bg.ai_1706697414212.png?fit=1200%2C523&ssl=1,True,WOULD_REVIEW,,,
6a7b92cd0d97848094f62cd9,بسكويت فطور الصباح ماتينو,50,,,32846,Cérégal Céréales Boules Au Chocolat 250G,16000,250g,0.667,0.667,0.068,False,MEDIUM,,https://i0.wp.com/www.taibaoline.com/wp-content/uploads/2024/03/Remove-bg.ai_1709581011729.png?fit=675%2C1198&ssl=1,True,WOULD_REVIEW,,,
6a7b92cd0d97848094f62cd3,كوكيز بيفا شوكولاطة,70,,,35697,MOMENT Chocolat éclats de biscuits 90 g,22000,90g,0.667,0.667,0.201,False,MEDIUM,,https://i0.wp.com/www.taibaoline.com/wp-content/uploads/2024/03/Remove-bg.ai_1710540532882.png?fit=768%2C768&ssl=1,True,WOULD_REVIEW,,,
6a7b92cd0d97848094f62ccf,بيسكويت ماكسون قاليت,110,,,32304,Maxon Galette Biscuit au cacao 330G,12500,330g,0.667,0.667,0.198,False,MEDIUM,,https://i0.wp.com/www.taibaoline.com/wp-content/uploads/2024/03/Remove-bg.ai_1709443793737.png?fit=675%2C1198&ssl=1,True,WOULD_REVIEW,,,
6a7b92cd0d97848094f62cc9,اورو قاليت بيفا,75,,,32495,Oro Galette Céréales et Lait 270G,7500,270g,0.667,0.667,0.22,False,MEDIUM,,https://i0.wp.com/www.taibaoline.com/wp-content/uploads/2024/03/Remove-bg.ai_1709443997592.png?fit=675%2C1198&ssl=1,True,WOULD_REVIEW,,,
6a7b92cd0d97848094f62cc5,مادلين مون قوتي,150,,,32903,Mon Goùter Fourré Au Goùt Vanille Et Enrobé Au Vegecao 10 PS,15000,,0.667,0.667,0.092,False,MEDIUM,,https://i0.wp.com/www.taibaoline.com/wp-content/uploads/2024/03/Remove-bg.ai_1709578770965.png?fit=675%2C1198&ssl=1,True,WOULD_REVIEW,,,
6a7b92cd0d97848094f62cba,فطور الصباح بيمو,100,,,32537,Gouter Matin Biscuits Casse Croute 240G,6000,240g,0.667,0.667,0.22,False,MEDIUM,,https://i0.wp.com/www.taibaoline.com/wp-content/uploads/2024/03/Remove-bg.ai_1709443519567.png?fit=674%2C1200&ssl=1,True,WOULD_REVIEW,,,
6a7b92cd0d97848094f62caa,صابون غسالة لايف,520,3 لتر,3L,30812,Life Gel Machine Aloe Vera 3L,55000,3L,0.5,0.5,0.196,True,MEDIUM,,https://i0.wp.com/www.taibaoline.com/wp-content/uploads/2024/02/Remove-bg.ai_1709054739280.png?fit=1200%2C675&ssl=1,True,WOULD_REVIEW,,,
6a7b92cd0d97848094f62ca9,هابي دراي 2 /25,460,,,41302,Happy Dry N2 3-6 KG 40 Couches ,79000,6kg,1.0,1.0,0.216,False,MEDIUM,,https://i0.wp.com/www.taibaoline.com/wp-content/uploads/2024/11/IMG20251124110911.webp?fit=1080%2C607&ssl=1,False,WOULD_REVIEW,,,
6a7b92cd0d97848094f62ca7,هابي دراي 3/25,570,,,41302,Happy Dry N2 3-6 KG 40 Couches ,79000,6kg,1.0,1.0,0.2,False,MEDIUM,,https://i0.wp.com/www.taibaoline.com/wp-content/uploads/2024/11/IMG20251124110911.webp?fit=1080%2C607&ssl=1,False,WOULD_REVIEW,,,
6a7b92cd0d97848094f62ca4,هابي دراي 4/25,610,,,41302,Happy Dry N2 3-6 KG 40 Couches ,79000,6kg,1.0,1.0,0.2,False,MEDIUM,,https://i0.wp.com/www.taibaoline.com/wp-content/uploads/2024/11/IMG20251124110911.webp?fit=1080%2C607&ssl=1,False,WOULD_REVIEW,,,
6a7b92cd0d97848094f62ca3,هابي دراي 6/20,570,,,41302,Happy Dry N2 3-6 KG 40 Couches ,79000,6kg,1.0,1.0,0.218,False,MEDIUM,,https://i0.wp.com/www.taibaoline.com/wp-content/uploads/2024/11/IMG20251124110911.webp?fit=1080%2C607&ssl=1,False,WOULD_REVIEW,,,
6a7b92cd0d97848094f62ca2,هابي دراي 5/25,640,,,41302,Happy Dry N2 3-6 KG 40 Couches ,79000,6kg,1.0,1.0,0.2,False,MEDIUM,,https://i0.wp.com/www.taibaoline.com/wp-content/uploads/2024/11/IMG20251124110911.webp?fit=1080%2C607&ssl=1,False,WOULD_REVIEW,,,
6a7b92cd0d97848094f62ca0,صابون اواني بريل,630,3 لتر,3L,46938,Pril ISIS Liquide Vaisselle 3 L,76000,3L,0.5,0.5,0.159,True,MEDIUM,,https://i0.wp.com/www.taibaoline.com/wp-content/uploads/2025/06/Remove-bg.ai_1751307857644.png?fit=960%2C1275&ssl=1,True,WOULD_REVIEW,,,
6a7b92cd0d97848094f62c9e,جافيل دوز,170,2 لتر,2L,36704,Atack plus &#8211; javel Moussant 2L,23000,2L,0.5,0.5,0.136,True,MEDIUM,DUP_SOURCE,https://i0.wp.com/www.taibaoline.com/wp-content/uploads/2024/03/Remove-bg.ai_1711148228566.png?fit=1200%2C1200&ssl=1,True,WOULD_REVIEW,,,
6a7b92cd0d97848094f62c99,صابون اواني لايف,380,2 لتر,2L,36927,Life  &#8211; eau de javel 2L,19000,2L,0.5,0.5,0.138,True,MEDIUM,,https://i0.wp.com/www.taibaoline.com/wp-content/uploads/2024/03/Remove-bg.ai_1711154073347.png?fit=1200%2C1200&ssl=1,True,WOULD_REVIEW,,,
6a7b92cd0d97848094f62c91,صابون غبرة امو,120,300 غ,300g,33442,Omo lave linge confort fleurs 300g,11000,300g,0.5,0.5,0.085,True,MEDIUM,,https://i0.wp.com/www.taibaoline.com/wp-content/uploads/2024/03/Remove-bg.ai_1709807382888-2.png?fit=1200%2C675&ssl=1,True,WOULD_REVIEW,,,
6a7b92cd0d97848094f62c8b,دوبل ميكس صاشي,120,,,33894,Double Mix Gaufrettes Double Créme Vanille Et Noisette 200G,11500,200g,0.667,0.667,0.13,False,MEDIUM,DUP_SOURCE,https://i0.wp.com/www.taibaoline.com/wp-content/uploads/2024/03/Remove-bg.ai_1709841832085.png?fit=675%2C1198&ssl=1,True,WOULD_REVIEW,,,
6a7b92cd0d97848094f62c89,قفريط دوبل ميكس بيمو,120,,,33894,Double Mix Gaufrettes Double Créme Vanille Et Noisette 200G,11500,200g,0.75,0.75,0.147,False,MEDIUM,,https://i0.wp.com/www.taibaoline.com/wp-content/uploads/2024/03/Remove-bg.ai_1709841832085.png?fit=675%2C1198&ssl=1,True,WOULD_REVIEW,,,
6a7b92cd0d97848094f62c88,بسكويت بودوار,130,,,33436,Chafia Boudoirs Biscuits Saveur Vanille 170 G,9500,170g,1.0,1.0,0.11,False,MEDIUM,,https://i0.wp.com/www.taibaoline.com/wp-content/uploads/2024/03/Remove-bg.ai_1709763357980.png?fit=1200%2C674&ssl=1,True,WOULD_REVIEW,,,
6a7b92cd0d97848094f62c87,كنافة محمصة,200,250 غ,250g,18039,Hani kunafa grillée 250g,18000,250g,0.5,0.5,0.159,True,MEDIUM,,https://i0.wp.com/www.taibaoline.com/wp-content/uploads/2024/02/Remove-bg.ai_1707430801308.png?fit=675%2C1198&ssl=1,True,WOULD_REVIEW,,,
6a7b92cd0d97848094f62c83,شرشال بوبس250غ,180,,250g,32850,cherchell-pops-cereales-croustillantes-chocolat-250g,16000,250g,0.5,0.5,0.175,True,MEDIUM,,https://i0.wp.com/www.taibaoline.com/wp-content/uploads/2024/03/Remove-bg.ai_1709580750015.png?fit=675%2C1198&ssl=1,True,WOULD_REVIEW,,,
6a7b92cd0d97848094f62c7d,حليب صحة 400غ رقم,760,1,"1L,400g",6255,حليب أوبي 1 لتر,12500,1L,0.485,0.0,0.485,True,MEDIUM,COMMON_ONLY+DUP_SOURCE,https://i0.wp.com/www.taibaoline.com/wp-content/uploads/2023/12/leche-obei-1l-1.jpg?fit=800%2C800&ssl=1,False,WOULD_REVIEW,,,
6a7b92cd0d97848094f62c75,شيكولة اوبتيلا,440,700 غ,700g,16313,Optilla Pate A Tartiner Aux Noisettes 700 G,43000,700g,0.5,0.5,0.116,True,MEDIUM,,https://i0.wp.com/www.taibaoline.com/wp-content/uploads/2024/02/Remove-bg.ai_1755507592648.webp?fit=768%2C866&ssl=1,True,WOULD_REVIEW,,,
6a7b92cd0d97848094f62c74,شيكولة تويسكو,260,300 غ,300g,7930,Twisco Chocolat En Poudre 300 G,26000,300g,0.5,0.5,0.128,True,MEDIUM,,https://i0.wp.com/www.taibaoline.com/wp-content/uploads/2024/01/Twisco-chocolat-en-poudre-instantanee-500g-1.jpg?fit=600%2C600&ssl=1,False,WOULD_REVIEW,,,
6a7b92cd0d97848094f62c71,شيكولة اوبتيلا,240,350 غ,350g,16319,Optilla Pate A Tartiner Aux Noisettes 350 G,24000,350g,0.5,0.5,0.116,True,MEDIUM,,https://i0.wp.com/www.taibaoline.com/wp-content/uploads/2024/02/Remove-bg.ai_1755507654328.webp?fit=768%2C950&ssl=1,True,WOULD_REVIEW,,,
6a7b92cd0d97848094f62c70,شيكولة اوبتيلا,150,200 غ,200g,16324,Optilla Pate A Tartiner Aux Noisettes 200G,15000,200g,0.5,0.5,0.118,True,MEDIUM,,https://i0.wp.com/www.taibaoline.com/wp-content/uploads/2024/02/Remove-bg.ai_1755506865008.webp?fit=1000%2C1000&ssl=1,True,WOULD_REVIEW,,,
6a7b92cd0d97848094f62c6f,كراميل توفيا,250,400 غ,400g,37231,Toffia Caramel 400G,23000,400g,0.5,0.5,0.164,True,MEDIUM,,https://i0.wp.com/www.taibaoline.com/wp-content/uploads/2024/03/Remove-bg.ai_1711464845300.png?fit=1200%2C674&ssl=1,True,WOULD_REVIEW,,,
6a7b92cd0d97848094f62c5e,طراشن وفاء حجم كبير,180,45,,26922,Wafa Bobina Essui-Tout 1 Rouleau,52000,,0.75,0.75,0.122,False,MEDIUM,,https://i0.wp.com/www.taibaoline.com/wp-content/uploads/2024/02/Remove-bg.ai_1708196876820.png?fit=675%2C1198&ssl=1,True,WOULD_REVIEW,,,
6a7b92cd0d97848094f62c5c,ارز تايلندي,170,1 كغ,1kg,40650,Wissam Rice Basmati Brown 1KG,37500,1kg,0.5,0.5,0.16,True,MEDIUM,DUP_SOURCE,https://i0.wp.com/www.taibaoline.com/wp-content/uploads/2024/10/Remove-bg.ai_1729612411005.png?fit=720%2C720&ssl=1,True,WOULD_REVIEW,,,
6a7b92cd0d97848094f62c57,عدس نون,125,1 كغ,1kg,40112,Lentilles Vrac Oaice 1 KG,12500,1kg,0.5,0.5,0.125,True,MEDIUM,,https://i0.wp.com/www.taibaoline.com/wp-content/uploads/2024/07/Remove-bg.ai_1749550512480.png?fit=1200%2C798&ssl=1,True,WOULD_REVIEW,,,
6a7b92cd0d97848094f62c56,لوبيا كاردينال,380,1 كغ,1kg,34326,1kg لوبيا بيضاء _ Assil Haricot Blanc,38000,1kg,0.5,0.5,0.185,True,MEDIUM,,https://i0.wp.com/www.taibaoline.com/wp-content/uploads/2024/03/Remove-bg.ai_1709925952664.png?fit=1200%2C1200&ssl=1,True,WOULD_REVIEW,,,
6a7b92cd0d97848094f62c55,حمص ثيكا 10 --,350,1 كغ,1kg,38792,Izmir Pois Chiche 1KG,43500,1kg,0.5,0.5,0.158,True,MEDIUM,,https://i0.wp.com/www.taibaoline.com/wp-content/uploads/2024/05/Remove-bg.ai_1716888235309.png?fit=1280%2C719&ssl=1,True,WOULD_REVIEW,,,
6a7b92cd0d97848094f62c4e,تليتلي سباو,60,500 غ,500g,46705, Mama Tlitli 500G,9000,500g,0.5,0.5,0.197,True,MEDIUM,,https://i0.wp.com/www.taibaoline.com/wp-content/uploads/2025/06/Remove-bg.ai_1751147239630.png?fit=845%2C1066&ssl=1,True,WOULD_REVIEW,,,
6a7b92cd0d97848094f62c4a,شخشوخة سنوبر,140,900 غ,900g,8838,Pates  chakhchoukha (900g)  الدار القسنطينية شخشوخة,14000,900g,0.5,0.5,0.165,True,MEDIUM,,https://i0.wp.com/www.taibaoline.com/wp-content/uploads/2024/01/Remove-bg.ai_1706094999659.png?fit=774%2C1197&ssl=1,True,WOULD_REVIEW,,,
6a7b92cd0d97848094f62c43,طعام سيم,140,1 كغ,1kg,17515,SIM Farine 1KG,9500,1kg,0.5,0.5,0.145,True,MEDIUM,DUP_SOURCE,https://i0.wp.com/www.taibaoline.com/wp-content/uploads/2024/02/Remove-bg.ai_1707431087672.png?fit=675%2C1198&ssl=1,True,WOULD_REVIEW,,,
6a7b92cd0d97848094f62c42,دهان المرجان,430,900 غ,900g,17302,Cebon El Mordjene Graisse Végétale Pure 900G,42500,900g,0.5,0.5,0.108,True,MEDIUM,,https://i0.wp.com/www.taibaoline.com/wp-content/uploads/2024/02/Remove-bg.ai_1707430393430.png?fit=675%2C1198&ssl=1,True,WOULD_REVIEW,,,
6a7b92cd0d97848094f62c40,طعام البركة,180,1 كغ,1kg,8916,Albaraka Couscous Fin (1Kg),16500,1kg,0.5,0.5,0.156,True,MEDIUM,,https://i0.wp.com/www.taibaoline.com/wp-content/uploads/2024/01/Remove-bg.ai_1706174277261.png?fit=720%2C958&ssl=1,True,WOULD_REVIEW,,,
6a7b92cd0d97848094f62c3f,طعام سفينة,170,1 كغ,1kg,17460,Safina Farine 1KG,8500,1kg,0.5,0.5,0.185,True,MEDIUM,DUP_SOURCE,https://i0.wp.com/www.taibaoline.com/wp-content/uploads/2024/02/Remove-bg.ai_1707430867706.png?fit=675%2C1198&ssl=1,True,WOULD_REVIEW,,,
6a7b92cd0d97848094f62c3e,طعام كنزة,140,1 كغ,1kg,17472,Kanza Farine 1KG,7500,1kg,0.5,0.5,0.164,True,MEDIUM,,https://i0.wp.com/www.taibaoline.com/wp-content/uploads/2024/02/Remove-bg.ai_1707430910264.png?fit=675%2C1198&ssl=1,True,WOULD_REVIEW,,,
6a7b92cd0d97848094f62c3c,شاي سهم,210,100 غ,100g,18849,EL BERRAD THE VERT DE CHINE 100 G,23000,100g,0.5,0.5,0.071,True,MEDIUM,,https://i0.wp.com/www.taibaoline.com/wp-content/uploads/2024/02/Remove-bg.ai_1707706726372.png?fit=1200%2C899&ssl=1,True,WOULD_REVIEW,,,
6a7b92cd0d97848094f62c3b,شاي كمية,270,100 غ,100g,18849,EL BERRAD THE VERT DE CHINE 100 G,23000,100g,0.5,0.5,0.088,True,MEDIUM,,https://i0.wp.com/www.taibaoline.com/wp-content/uploads/2024/02/Remove-bg.ai_1707706726372.png?fit=1200%2C899&ssl=1,True,WOULD_REVIEW,,,
6a7b92cd0d97848094f62c2f,شربة زريعة عمر بن عمر,70,500 غ,500g,8721,Amor Benamor Farfalle N°1 (500g) عمر بن عمر فارفاليني رقم 1,14000,500g,0.5,0.5,0.167,True,MEDIUM,DUP_SOURCE,https://i0.wp.com/www.taibaoline.com/wp-content/uploads/2024/01/Remove-bg.ai_1705927037839.png?fit=750%2C998&ssl=1,True,WOULD_REVIEW,,,
6a7b92cd0d97848094f62c2d,ماقرون عمر بن عمر كود 6,70,500 غ,500g,8721,Amor Benamor Farfalle N°1 (500g) عمر بن عمر فارفاليني رقم 1,14000,500g,0.5,0.5,0.178,True,MEDIUM,DUP_SOURCE,https://i0.wp.com/www.taibaoline.com/wp-content/uploads/2024/01/Remove-bg.ai_1705927037839.png?fit=750%2C998&ssl=1,True,WOULD_REVIEW,,,
6a7b92cd0d97848094f62c2b,سباغيتي سيم,70,500 غ,500g,46690,Mama Spaghetti 500G,9000,500g,0.5,0.5,0.219,True,MEDIUM,,https://i0.wp.com/www.taibaoline.com/wp-content/uploads/2025/06/Remove-bg.ai_1751144571229.png?fit=400%2C400&ssl=1,True,WOULD_REVIEW,,,
6a7b92cd0d97848094f62c2a,سباغيتي اغروديف,65,500 غ,500g,46690,Mama Spaghetti 500G,9000,500g,0.5,0.5,0.234,True,MEDIUM,,https://i0.wp.com/www.taibaoline.com/wp-content/uploads/2025/06/Remove-bg.ai_1751144571229.png?fit=400%2C400&ssl=1,True,WOULD_REVIEW,,,
6a7b92cd0d97848094f62c25,طون عافية,100,65 غ,65g,40079,Afia Thon à L&#8217;Huile 65G x3,29000,65g,0.5,0.5,0.162,True,MEDIUM,,https://i0.wp.com/www.taibaoline.com/wp-content/uploads/2024/07/Remove-bg.ai_1721917951862.png?fit=1280%2C719&ssl=1,True,WOULD_REVIEW,,,
6a7b92cd0d97848094f62c17,حمص ويدو,160,370 غ,370g,18572,Wedo pois chiches 370g,16000,370g,0.5,0.5,0.111,True,MEDIUM,,https://i0.wp.com/www.taibaoline.com/wp-content/uploads/2024/02/Remove-bg.ai_1707627873084.png?fit=675%2C1198&ssl=1,True,WOULD_REVIEW,,,
6a7b92cd0d97848094f62c16,حمص ويدو,210,580 غ,580g,37785,Wedo Petits Pois 580G,14500,580g,0.5,0.5,0.137,True,MEDIUM,,https://i0.wp.com/www.taibaoline.com/wp-content/uploads/2024/04/Remove-bg.ai_1713170629893.webp?fit=1280%2C719&ssl=1,True,WOULD_REVIEW,,,
6a7b92cd0d97848094f62c13,زعتر كبير,180,,,18931,KABIR THYM NATUREL 37.5g,17000,37.5g,1.0,1.0,0.168,False,MEDIUM,,https://i0.wp.com/www.taibaoline.com/wp-content/uploads/2024/02/Remove-bg.ai_1707773337886.png?fit=1200%2C899&ssl=1,True,WOULD_REVIEW,,,
6a7b92cd0d97848094f62c08,طماطم عمور,310,800 غ,800g,9265,Lala Salha Tomate Double Concentrée (800G),27500,800g,0.5,0.5,0.118,True,MEDIUM,,https://i0.wp.com/www.taibaoline.com/wp-content/uploads/2024/02/Remove-bg.ai_1748251194782.png?fit=1280%2C962&ssl=1,True,WOULD_REVIEW,,,
6a7b92cd0d97848094f62c07,طماطم الحارة,310,800 غ,800g,9268,EL HARA Tomate Double Concentrée 28% (800G),31000,800g,0.5,0.5,0.095,True,MEDIUM,,https://i0.wp.com/www.taibaoline.com/wp-content/uploads/2024/02/Remove-bg.ai_1706781318821.png?fit=1200%2C818&ssl=1,True,WOULD_REVIEW,,,
6a7b92cd0d97848094f62c06,هريسة هروس,170,400 غ,400g,44894,CB Harissa 400 G,16000,400g,0.5,0.5,0.188,True,MEDIUM,,https://i0.wp.com/www.taibaoline.com/wp-content/uploads/2025/05/Remove-bg.ai_1748510378208.png?fit=1280%2C962&ssl=1,True,WOULD_REVIEW,,,
6a7b92cd0d97848094f62c04,خميرة فيغا,340,500 غ,500g,37852,Saf-Instant 500 G,41000,500g,0.5,0.5,0.269,True,MEDIUM,,https://i0.wp.com/www.taibaoline.com/wp-content/uploads/2024/04/Remove-bg.ai_1750177317219.png?fit=500%2C625&ssl=1,True,WOULD_REVIEW,,,
6a7b92cd0d97848094f62c03,خميرة صاف,400,500 غ,500g,37852,Saf-Instant 500 G,41000,500g,0.5,0.5,0.212,True,MEDIUM,,https://i0.wp.com/www.taibaoline.com/wp-content/uploads/2024/04/Remove-bg.ai_1750177317219.png?fit=500%2C625&ssl=1,True,WOULD_REVIEW,,,
6a7b92cd0d97848094f62c02,حميرة باكمايا,150,125 غ,125g,8232,Pakmaya Levure 125G,14000,125g,0.5,0.5,0.195,True,MEDIUM,,https://i0.wp.com/www.taibaoline.com/wp-content/uploads/2024/01/Remove-bg.ai_1751798528891.png?fit=1200%2C1190&ssl=1,True,WOULD_REVIEW,,,
6a7b92cd0d97848094f62c01,خميرو باكمايا,350,500 غ,500g,43059,Pakmaya Levure 500 G,39000,500g,0.5,0.5,0.19,True,MEDIUM,,https://i0.wp.com/www.taibaoline.com/wp-content/uploads/2025/03/Remove-bg.ai_1751798371033.png?fit=1280%2C960&ssl=1,True,WOULD_REVIEW,,,
6a7b92cd0d97848094f62bfe,قهوة دوزيا,250,250 غ,250g,7822,Café Oscar Trésor Noir 250 G,25000,250g,0.5,0.5,0.157,True,MEDIUM,,https://i0.wp.com/www.taibaoline.com/wp-content/uploads/2024/01/Remove-bg.ai_1704718716746.png?fit=1200%2C909&ssl=1,True,WOULD_REVIEW,,,
6a7b92cd0d97848094f62bfc,قهوة اروما,250,250 غ,250g,7822,Café Oscar Trésor Noir 250 G,25000,250g,0.5,0.5,0.157,True,MEDIUM,,https://i0.wp.com/www.taibaoline.com/wp-content/uploads/2024/01/Remove-bg.ai_1704718716746.png?fit=1200%2C909&ssl=1,True,WOULD_REVIEW,,,
6a7b92cd0d97848094f62bfa,قهوة قوسطو,250,250 غ,250g,7822,Café Oscar Trésor Noir 250 G,25000,250g,0.5,0.5,0.157,True,MEDIUM,,https://i0.wp.com/www.taibaoline.com/wp-content/uploads/2024/01/Remove-bg.ai_1704718716746.png?fit=1200%2C909&ssl=1,True,WOULD_REVIEW,,,
6a7b92cd0d97848094f62bf1,هريسة هروس,80,135 غ,135g,44896,Cara Harissa 135 G,8000,135g,0.5,0.5,0.176,True,MEDIUM,,https://i0.wp.com/www.taibaoline.com/wp-content/uploads/2025/05/Remove-bg.ai_1748510487469.png?fit=964%2C1280&ssl=1,True,WOULD_REVIEW,,,
6a7b92cd0d97848094f62bf0,طماطم الحارة,175,400 غ,400g,9239,EL HARA Tomate Double Concentrée 28% (400G),17500,400g,0.5,0.5,0.095,True,MEDIUM,,https://i0.wp.com/www.taibaoline.com/wp-content/uploads/2024/01/Remove-bg.ai_1706715300080.png?fit=1200%2C835&ssl=1,True,WOULD_REVIEW,,,
6a7b92cd0d97848094f62bee,طماطم عمور,175,400 غ,400g,41912,CAB Hello Tomatoes 400G,17000,400g,0.5,0.5,0.146,True,MEDIUM,,https://i0.wp.com/www.taibaoline.com/wp-content/uploads/2025/02/Remove-bg.ai_1738766768223.png?fit=1280%2C962&ssl=1,True,WOULD_REVIEW,,,
6a7b92cd0d97848094f62bed,طماطم هلو,165,400 غ,400g,41912,CAB Hello Tomatoes 400G,17000,400g,0.5,0.5,0.148,True,MEDIUM,,https://i0.wp.com/www.taibaoline.com/wp-content/uploads/2025/02/Remove-bg.ai_1738766768223.png?fit=1280%2C962&ssl=1,True,WOULD_REVIEW,,,
6a7b92cd0d97848094f62bec,طماطم الزهرة,165,400 غ,400g,41912,CAB Hello Tomatoes 400G,17000,400g,0.5,0.5,0.143,True,MEDIUM,,https://i0.wp.com/www.taibaoline.com/wp-content/uploads/2025/02/Remove-bg.ai_1738766768223.png?fit=1280%2C962&ssl=1,True,WOULD_REVIEW,,,
6a7b92cc0d97848094f62beb,طماطم الجيرواز,60,135 غ,135g,9233,CB Tomate Double Concentrée 140G,6000,140g,0.5,0.5,0.177,True,MEDIUM,,https://i0.wp.com/www.taibaoline.com/wp-content/uploads/2024/01/Remove-bg.ai_1748383813994.png?fit=964%2C1280&ssl=1,True,WOULD_REVIEW,,,
6a7b92cc0d97848094f62bea,طماطم افريل,170,400 غ,400g,41912,CAB Hello Tomatoes 400G,17000,400g,0.5,0.5,0.145,True,MEDIUM,,https://i0.wp.com/www.taibaoline.com/wp-content/uploads/2025/02/Remove-bg.ai_1738766768223.png?fit=1280%2C962&ssl=1,True,WOULD_REVIEW,,,
6a7b92cd0d97848094f62f42,فرونسلي كونفور,920,,,64495,Novalac AC Confort  400G,100000,400g,0.5,0.5,0.217,False,LOW,DUP_SOURCE,https://i0.wp.com/www.taibaoline.com/wp-content/uploads/2026/08/SnapBG.ai_1786353961934.png?fit=368%2C491&ssl=1,True,WOULD_REVIEW,,,
6a7b92cd0d97848094f62f3c,كورنيطو كول,150,,,33172,Kool Biscuit Mosaique Fourré à La Créme De Cacao 220 G,13000,220g,0.5,0.5,0.048,False,LOW,,https://i0.wp.com/www.taibaoline.com/wp-content/uploads/2024/03/Remove-bg.ai_1709580287688.png?fit=675%2C1198&ssl=1,True,WOULD_REVIEW,,,
6a7b92cd0d97848094f62f3b,اسكيمو مومنت,150,,,35684,MOMENT Chocolat éclats de noisettes 90 g,18000,90g,0.5,0.5,0.086,False,LOW,,https://i0.wp.com/www.taibaoline.com/wp-content/uploads/2024/03/Remove-bg.ai_1710540775683.png?fit=768%2C768&ssl=1,True,WOULD_REVIEW,,,
6a7b92cd0d97848094f62f3a,ديول قرطازج,100,,,61621, El Bey Dioul En Semoule 10 Feuilles,10000,,0.5,0.5,0.103,False,LOW,,https://i0.wp.com/www.taibaoline.com/wp-content/uploads/2026/02/IMG20260220133149-removebg-preview-1.png?fit=333%2C748&ssl=1,True,WOULD_REVIEW,,,
6a7b92cd0d97848094f62f37,غسول اليدين توبسيل,220,,,16693,CLEAR SHAMPOOING HOMME 3 EN 1 CHEVEUX BARBE CORPS_360 ML,48000,360ml,0.333,0.333,0.09,False,LOW,,https://i0.wp.com/www.taibaoline.com/wp-content/uploads/2024/02/3EN1.jpeg?fit=1000%2C1000&ssl=1,False,WOULD_REVIEW,,,
6a7b92cd0d97848094f62f36,اكريم فاميلي,300,,,39669,Cotylys Family Bàtonnets Ouatés 200 Bàtonnets,11000,,0.5,0.5,0.124,False,LOW,,https://i0.wp.com/www.taibaoline.com/wp-content/uploads/2024/07/Remove-bg.ai_1720517044055.png?fit=1280%2C719&ssl=1,True,WOULD_REVIEW,,,
6a7b92cd0d97848094f62f34,جي دايلي,90,1 لتر,1L,36091,Jus Ramy Milky Pêche 1L,12000,1L,0.127,0.0,0.127,True,LOW,COMMON_ONLY,https://i0.wp.com/www.taibaoline.com/wp-content/uploads/2024/03/20240316_161740-removebg-preview.png?fit=500%2C500&ssl=1,True,WOULD_REVIEW,,,
6a7b92cd0d97848094f62f32,جهاز ناموس,230,,,38923,Moskito Plus Appareil Electro-Diffuseur 30 Pastilles ,45000,,0.5,0.5,0.099,False,LOW,,https://i0.wp.com/www.taibaoline.com/wp-content/uploads/2024/06/Remove-bg.ai_1717492989597.png?fit=1280%2C719&ssl=1,True,WOULD_REVIEW,,,
6a7b92cd0d97848094f62f2e,درسة حميس,110,,,44906,Vitre Derssa Traditionnelle 170 G,13000,170g,0.5,0.5,0.115,False,LOW,,https://i0.wp.com/www.taibaoline.com/wp-content/uploads/2025/05/Remove-bg.ai_1748511968740.png?fit=1280%2C962&ssl=1,True,WOULD_REVIEW,,,
6a7b92cd0d97848094f62f2c,لبلامين بيوميل,420,,,6168,Biomil Riz Mais Miel 250 G + 4 Mois,40000,250g,0.5,0.5,0.115,False,LOW,,https://i0.wp.com/www.taibaoline.com/wp-content/uploads/2023/12/Remove-bg.ai_1750068657693.png?fit=1000%2C1000&ssl=1,True,WOULD_REVIEW,,,
6a7b92cd0d97848094f62f2a,لف ماء,350,,,36704,Atack plus &#8211; javel Moussant 2L,23000,2L,0.5,0.5,0.061,False,LOW,DUP_SOURCE,https://i0.wp.com/www.taibaoline.com/wp-content/uploads/2024/03/Remove-bg.ai_1711148228566.png?fit=1200%2C1200&ssl=1,True,WOULD_REVIEW,,,
6a7b92cd0d97848094f62f29,ساىل اواني,450,,,28707,Life gel Machine 1.5L,29000,1.5L,0.205,0.0,0.205,False,LOW,COMMON_ONLY,https://i0.wp.com/www.taibaoline.com/wp-content/uploads/2024/02/Remove-bg.ai_1708594231164.png?fit=1200%2C675&ssl=1,True,WOULD_REVIEW,,,
6a7b92cd0d97848094f62f28,ساىل اواني,350,3 لتر,3L,46938,Pril ISIS Liquide Vaisselle 3 L,76000,3L,0.187,0.0,0.187,True,LOW,COMMON_ONLY+DUP_SOURCE,https://i0.wp.com/www.taibaoline.com/wp-content/uploads/2025/06/Remove-bg.ai_1751307857644.png?fit=960%2C1275&ssl=1,True,WOULD_REVIEW,,,
6a7b92cd0d97848094f62f27,فرماج المتميز,185,16 قطعة,,28044,  Soummam Fromage ALADIN Banane 45g,2250,45g,0.12,0.0,0.12,False,LOW,COMMON_ONLY,https://i0.wp.com/www.taibaoline.com/wp-content/uploads/2024/02/Removal-717-2.png?fit=570%2C437&ssl=1,False,WOULD_REVIEW,,,
6a7b92cd0d97848094f62f26,فرماج ريكو,225,24 قطعة,,36618,جبن شيدار  _ Fromage HOLLANDA Cheddar,19500,,0.113,0.0,0.113,False,LOW,COMMON_ONLY,https://i0.wp.com/www.taibaoline.com/wp-content/uploads/2024/03/Removal-652.png?fit=800%2C984&ssl=1,False,WOULD_REVIEW,,,
6a7b92cd0d97848094f62f24,شربة لار,60,,,28226,تاشفين -توابل شوربة 40 غ,7500,"10g,40g",0.5,0.5,0.132,False,LOW,,https://i0.wp.com/www.taibaoline.com/wp-content/uploads/2024/02/Remove-bg.ai_1708461765091.png?fit=900%2C1198&ssl=1,True,WOULD_REVIEW,,,
6a7b92cd0d97848094f62f23,سميد سيدي مجبر,100,,,33542,Semoule super au blé dure ferdjioua 10Kg,40000,10kg,0.333,0.333,0.157,False,LOW,,https://i0.wp.com/www.taibaoline.com/wp-content/uploads/2024/03/Remove-bg.ai_1709845158058.png?fit=1200%2C899&ssl=1,True,WOULD_REVIEW,,,
6a7b92cd0d97848094f62f21,ماء غازي افري33,35,,,36705,Aigle Eau De Javel 900 ML,10000,900ml,0.333,0.333,0.151,False,LOW,,https://i0.wp.com/www.taibaoline.com/wp-content/uploads/2024/03/Remove-bg.ai_1711150583046.png?fit=1200%2C1200&ssl=1,True,WOULD_REVIEW,,,
6a7b92cd0d97848094f62f20,جي ذطازج,50,33,,35659,Jus Tazej Kiwi 2L,19000,2L,0.194,0.0,0.194,False,LOW,COMMON_ONLY,https://i0.wp.com/www.taibaoline.com/wp-content/uploads/2024/03/Remove-bg.ai_1710541721207.png?fit=500%2C500&ssl=1,True,WOULD_REVIEW,,,
6a7b92cd0d97848094f62f19,شيبس مهبول حجم عائلي,120,,,33136,Regalo Biscuit Filled With Hazelnut And Cocoa Cream 5 PS,24000,,0.5,0.5,0.139,False,LOW,,https://i0.wp.com/www.taibaoline.com/wp-content/uploads/2024/03/Remove-bg.ai_1709579558282.png?fit=675%2C1198&ssl=1,True,WOULD_REVIEW,,,
6a7b92cd0d97848094f62f18,شيبس مهبول,60,,,54562,Silver Chips Goùt Chili &#038; Lime 45 G,15000,45g,0.5,0.5,0.13,False,LOW,,,False,WOULD_REVIEW,,,
6a7b92cd0d97848094f62f17,سوبر تويستر,40,,,33120,Qaada Super Yoopiiz Biscuit Au Lait 270 G,9000,270g,0.5,0.5,0.096,False,LOW,,https://i0.wp.com/www.taibaoline.com/wp-content/uploads/2024/03/Remove-bg.ai_1709672439679.png?fit=675%2C1198&ssl=1,True,WOULD_REVIEW,,,
6a7b92cd0d97848094f62f13,بوقلاز 33 س,25,,,36996, Ifri Sport Fardeau de 12 bouteilles d’eau minérale 0.33L,24000,330ml,0.5,0.5,0.09,False,LOW,,https://i0.wp.com/www.taibaoline.com/wp-content/uploads/2024/03/photo_2024-03-24_11-32-09-2.jpg?fit=225%2C225&ssl=1,False,WOULD_REVIEW,,,
6a7b92cd0d97848094f62f12,سائل اواني اومو,175,,,33427,Omo lave linge  parfum citron 300g,11000,300g,0.5,0.5,0.106,False,LOW,,https://i0.wp.com/www.taibaoline.com/wp-content/uploads/2024/03/Remove-bg.ai_1709806730489.png?fit=1200%2C675&ssl=1,True,WOULD_REVIEW,,,
6a7b92cd0d97848094f62f11,كروكس شيبس,60,,,54562,Silver Chips Goùt Chili &#038; Lime 45 G,15000,45g,0.5,0.5,0.098,False,LOW,,,False,WOULD_REVIEW,,,
6a7b92cd0d97848094f62f10,هاوي بلسم لشعر,120,,,17059,DOREX 2 EN 1 SHAMPOO ET CONDITIONNER,12000,,0.333,0.333,0.158,False,LOW,,https://i0.wp.com/www.taibaoline.com/wp-content/uploads/2024/02/Remove-bg.ai_1707408058348-e1707425474902.png?fit=800%2C1065&ssl=1,True,WOULD_REVIEW,,,
6a7b92cd0d97848094f62f0f,سيروم شعر سوليس,390,,,17774,ANDREA DOTI SERUM _ ANTI DANDRRUFF_ ANTI PELLICULAIRE,44000,,0.333,0.333,0.127,False,LOW,,https://i0.wp.com/www.taibaoline.com/wp-content/uploads/2024/02/Remove-bg.ai_1707510598748.png?fit=1200%2C1200&ssl=1,True,WOULD_REVIEW,,,
6a7b92cd0d97848094f62f0d,قوستي بيفا,150,,,41440,Bifa Story Chocolat Fourré à La Créme De Pistache &amp; Kunafa 115G,25000,115g,0.5,0.5,0.049,False,LOW,,https://i0.wp.com/www.taibaoline.com/wp-content/uploads/2024/12/Remove-bg.ai_1734622563208.png?fit=964%2C1280&ssl=1,True,WOULD_REVIEW,,,
6a7b92cd0d97848094f62f0a,سيدو اطفال,180,,,28186,Yaourt DANONE KIDS Junior league drink _ Fraise 155 g,5000,155g,0.5,0.5,0.104,False,LOW,,https://i0.wp.com/www.taibaoline.com/wp-content/uploads/2024/02/bouteille_JL_1.webp?fit=800%2C491&ssl=1,False,WOULD_REVIEW,,,
6a7b92cd0d97848094f62f09,دانون سريلو,30,,,29568,  Yaourt DANONE Trèfle Aromatisé 70g,1600,70g,0.5,0.5,0.143,False,LOW,,https://i0.wp.com/www.taibaoline.com/wp-content/uploads/2024/02/Remove-bg.ai_1708714938826.png?fit=1200%2C1200&ssl=1,True,WOULD_REVIEW,,,
6a7b92cd0d97848094f62f06,هريسة صغيرة,75,,,44916,ThiKa Harissa Traditionnelle 185 G,12500,185g,0.5,0.5,0.127,False,LOW,,https://i0.wp.com/www.taibaoline.com/wp-content/uploads/2025/05/Remove-bg.ai_1748511064537.png?fit=964%2C1280&ssl=1,True,WOULD_REVIEW,,,
6a7b92cd0d97848094f62f04,طراشن كوتكس,85,80 قطعة,,26378,Faderco Cotex 70 Feuilles,9500,,0.161,0.0,0.161,False,LOW,COMMON_ONLY,https://i0.wp.com/www.taibaoline.com/wp-content/uploads/2024/02/Remove-bg.ai_1708091579572.png?fit=1200%2C674&ssl=1,True,WOULD_REVIEW,,,
6a7b92cd0d97848094f62eff,قازوز معلم,100,2 ل,2L,30995,Eau Gazeuse Slim Citron _ 2L,13000,2L,0.205,0.0,0.205,True,LOW,COMMON_ONLY,https://i0.wp.com/www.taibaoline.com/wp-content/uploads/2024/02/Removal-607.png?fit=800%2C800&ssl=1,False,WOULD_REVIEW,,,
6a7b92cd0d97848094f62efd,شوكولاطة بلحليب والبندق ماروخا,250,,,37351,منى فيجيكاو بالحليب 40 غ,3500,40g,0.315,0.25,0.315,False,LOW,DUP_SOURCE,https://i0.wp.com/www.taibaoline.com/wp-content/uploads/2024/03/Remove-bg.ai_1711757050298-e1711757126966.png?fit=1080%2C809&ssl=1,True,WOULD_REVIEW,,,
6a7b92cd0d97848094f62ef8,زعيم لتر,60,,,6255,حليب أوبي 1 لتر,12500,1L,0.417,0.0,0.417,False,LOW,COMMON_ONLY+DUP_SOURCE,https://i0.wp.com/www.taibaoline.com/wp-content/uploads/2023/12/leche-obei-1l-1.jpg?fit=800%2C800&ssl=1,False,WOULD_REVIEW,,,
6a7b92cd0d97848094f62ef6,اروى كولا لتر,65,,,6255,حليب أوبي 1 لتر,12500,1L,0.552,0.0,0.552,False,LOW,COMMON_ONLY+DUP_SOURCE,https://i0.wp.com/www.taibaoline.com/wp-content/uploads/2023/12/leche-obei-1l-1.jpg?fit=800%2C800&ssl=1,False,WOULD_REVIEW,,,
6a7b92cd0d97848094f62ef5,كوكا كانيط,80,,,32208,Eau Gazeuse Coca Cola Canette _ 24CL,7000,240ml,0.5,0.5,0.127,False,LOW,,https://i0.wp.com/www.taibaoline.com/wp-content/uploads/2024/03/coca-cola-2.png?fit=586%2C684&ssl=1,False,WOULD_REVIEW,,,
6a7b92cd0d97848094f62ef4,ماء قديلة,40,,,36704,Atack plus &#8211; javel Moussant 2L,23000,2L,0.5,0.5,0.078,False,LOW,DUP_SOURCE,https://i0.wp.com/www.taibaoline.com/wp-content/uploads/2024/03/Remove-bg.ai_1711148228566.png?fit=1200%2C1200&ssl=1,True,WOULD_REVIEW,,,
6a7b92cd0d97848094f62ef2,كوكاو قشور,390,,,42054,كاكاو بدون قشور (ابيض),72000,,0.5,0.5,0.316,False,LOW,,https://i0.wp.com/www.taibaoline.com/wp-content/uploads/2025/02/cacahete-sana-peau.jpg?fit=1200%2C1425&ssl=1,False,WOULD_REVIEW,,,
6a7b92cd0d97848094f62ef1,لامبة لاد,160,12,,31171,Wellmax lampe led 11w ,22000,,0.5,0.5,0.198,False,LOW,DUP_SOURCE,https://i0.wp.com/www.taibaoline.com/wp-content/uploads/2024/02/Remove-bg.ai_1708898578274.png?fit=675%2C1198&ssl=1,True,WOULD_REVIEW,,,
6a7b92cd0d97848094f62ef0,لامبة لاد,220,18,,31171,Wellmax lampe led 11w ,22000,,0.5,0.5,0.198,False,LOW,DUP_SOURCE,https://i0.wp.com/www.taibaoline.com/wp-content/uploads/2024/02/Remove-bg.ai_1708898578274.png?fit=675%2C1198&ssl=1,True,WOULD_REVIEW,,,
6a7b92cd0d97848094f62eef,لامبة لاد,180,15,,31171,Wellmax lampe led 11w ,22000,,0.5,0.5,0.198,False,LOW,DUP_SOURCE,https://i0.wp.com/www.taibaoline.com/wp-content/uploads/2024/02/Remove-bg.ai_1708898578274.png?fit=675%2C1198&ssl=1,True,WOULD_REVIEW,,,
6a7b92cd0d97848094f62eed,لفراز صومام,20,,,28101,  L&#8217;Ben Soummam 1L,13500,1L,0.206,0.0,0.206,False,LOW,COMMON_ONLY+DUP_SOURCE,https://i0.wp.com/www.taibaoline.com/wp-content/uploads/2024/02/Remove-bg.ai_1750349177500.png?fit=800%2C800&ssl=1,True,WOULD_REVIEW,,,
6a7b92cd0d97848094f62eec,جولي صغير,15,,,52925,Thella Couches Confort Small 14 Pièces,81000,,0.5,0.5,0.098,False,LOW,,https://i0.wp.com/www.taibaoline.com/wp-content/uploads/2025/09/Remove-bg.ai_1757163348664.webp?fit=1064%2C1280&ssl=1,True,WOULD_REVIEW,,,
6a7b92cd0d97848094f62eeb,اكتي فرويتي صومام,30,,,27016,Clean Fruité Servittes de table 80 Servittes,8000,,0.5,0.5,0.181,False,LOW,,https://i0.wp.com/www.taibaoline.com/wp-content/uploads/2024/02/Remove-bg.ai_1708196735708.png?fit=675%2C1198&ssl=1,True,WOULD_REVIEW,,,
6a7b92cd0d97848094f62ee9,شاف لافاش كيري,65,,,18653,Mr chef bessissa 700g,8500,700g,0.333,0.333,0.123,False,LOW,,https://i0.wp.com/www.taibaoline.com/wp-content/uploads/2024/02/Remove-bg.ai_1707629638184.png?fit=675%2C1198&ssl=1,True,WOULD_REVIEW,,,
6a7b92cd0d97848094f62ee8,فرماج بيكو,145,16 قطعة,,29317,  Amir Fromage Frais Nature 100g,11500,100g,0.119,0.0,0.119,False,LOW,COMMON_ONLY,https://i0.wp.com/www.taibaoline.com/wp-content/uploads/2024/02/Amir-Fromages-Frais-Riche-en-Calcium.jpg?fit=600%2C600&ssl=1,False,WOULD_REVIEW,,,
6a7b92cd0d97848094f62ee5,كسكس الهضاب بدون غلوتين,210,300 غ,300g,36802,Pàtes Mermoura Cheveux D&#8217;Ange 300 G,19000,300g,0.333,0.333,0.081,True,LOW,,https://i0.wp.com/www.taibaoline.com/wp-content/uploads/2024/03/Remove-bg.ai_1711203321469.png?fit=1200%2C674&ssl=1,True,WOULD_REVIEW,,,
6a7b92cd0d97848094f62ee4,قاطو كروك s_ g,190,,,32545,Croc Matin Biscuits Casse Croute 325G,9000,325g,0.5,0.5,0.116,False,LOW,,https://i0.wp.com/www.taibaoline.com/wp-content/uploads/2024/03/Remove-bg.ai_1709444028163.png?fit=674%2C1200&ssl=1,True,WOULD_REVIEW,,,
6a7b92cd0d97848094f62ee0,كسكس linat,310,,,8072,Linat Mix Crepe 400 G,26000,400g,0.5,0.5,0.148,False,LOW,,https://i0.wp.com/www.taibaoline.com/wp-content/uploads/2024/01/Remove-bg.ai_1751879309762.png?fit=1200%2C538&ssl=1,True,WOULD_REVIEW,,,
6a7b92cd0d97848094f62edc,اسكيمو قولدن,70,,,34070,1Kg أرز بسمتي قولدن  _ Riz BASMATI Gold,26000,1kg,0.5,0.5,0.189,False,LOW,,https://i0.wp.com/www.taibaoline.com/wp-content/uploads/2024/03/Sidi_moulay_203_riz_basmati_orban.jpeg?fit=900%2C600&ssl=1,False,WOULD_REVIEW,,,
6a7b92cd0d97848094f62ed6,صابون توبسيل,1,10 ل,10L,32614,Atack Plus Savon De Marseille 10L,110000,10L,0.149,0.0,0.149,True,LOW,COMMON_ONLY,https://i0.wp.com/www.taibaoline.com/wp-content/uploads/2024/03/Remove-bg.ai_1709569826172.png?fit=1200%2C901&ssl=1,True,WOULD_REVIEW,,,
6a7b92cd0d97848094f62ed5,بيق فاميلي,140,,,39669,Cotylys Family Bàtonnets Ouatés 200 Bàtonnets,11000,,0.5,0.5,0.112,False,LOW,,https://i0.wp.com/www.taibaoline.com/wp-content/uploads/2024/07/Remove-bg.ai_1720517044055.png?fit=1280%2C719&ssl=1,True,WOULD_REVIEW,,,
6a7b92cd0d97848094f62ed3,دانون اكتفية فرويتي,40,,,57108,Yaourt Danone Activia Péche Abricot 100 G,4000,100g,0.333,0.333,0.177,False,LOW,,https://i0.wp.com/www.taibaoline.com/wp-content/uploads/2025/11/IMG20251116094608-removebg-preview-1.webp?fit=1080%2C608&ssl=1,True,WOULD_REVIEW,,,
6a7b92cd0d97848094f62ed2,ياغورت سيدي سعادة فرويتي,165,1 لتر,1L,27227,  Yaourt Soummam Yago _ Fraise 1L,13500,1L,0.22,0.0,0.22,True,LOW,COMMON_ONLY,https://i0.wp.com/www.taibaoline.com/wp-content/uploads/2024/02/Remove-bg.ai_1708276539336.png?fit=600%2C534&ssl=1,True,WOULD_REVIEW,,,
6a7b92cd0d97848094f62ed1,صومام شكولا,220,1 لتر,1L,28101,  L&#8217;Ben Soummam 1L,13500,1L,0.206,0.0,0.206,True,LOW,COMMON_ONLY,https://i0.wp.com/www.taibaoline.com/wp-content/uploads/2024/02/Remove-bg.ai_1750349177500.png?fit=800%2C800&ssl=1,True,WOULD_REVIEW,,,
6a7b92cd0d97848094f62ecf,خبز بورقر,140,,,36133,Hana Pain Complet Fromat Moyen 500G,12500,500g,0.5,0.5,0.085,False,LOW,,https://i0.wp.com/www.taibaoline.com/wp-content/uploads/2024/03/Remove-bg.ai_1710838630547.png?fit=675%2C1198&ssl=1,True,WOULD_REVIEW,,,
6a7b92cd0d97848094f62ece,كروكي علبة,220,,,33517,Flan Nouara sachet banane 24 pcs*54g,80000,"54g,56g",0.5,0.5,0.074,False,LOW,,https://i0.wp.com/www.taibaoline.com/wp-content/uploads/2024/03/Remove-bg.ai_1709832267861.png?fit=1200%2C674&ssl=1,True,WOULD_REVIEW,,,
6a7b92cd0d97848094f62ecc,كرز حب,160,,,34822,الساحل &#8211; قصبر حب 30 غ,5000,30g,0.5,0.5,0.1,False,LOW,,https://i0.wp.com/www.taibaoline.com/wp-content/uploads/2024/03/Remove-bg.ai_1710012363101-e1710018111563.png?fit=899%2C1200&ssl=1,True,WOULD_REVIEW,,,
6a7b92cd0d97848094f62ec9,صابون ليسر,1,10 لتر,10L,32610,Atack Plus Savon De Marseille 10L,110000,10L,0.134,0.0,0.134,True,LOW,COMMON_ONLY,https://i0.wp.com/www.taibaoline.com/wp-content/uploads/2024/03/Remove-bg.ai_1709569459745.png?fit=1200%2C901&ssl=1,True,WOULD_REVIEW,,,
6a7b92cd0d97848094f62ec8,زيتون كاسي مثلث,120,,,37006,زيتون أسود,5000,,0.526,0.333,0.526,False,LOW,,https://i0.wp.com/www.taibaoline.com/wp-content/uploads/2024/03/Remove-bg.ai_1711286624565.png?fit=1200%2C899&ssl=1,True,WOULD_REVIEW,,,
6a7b92cd0d97848094f62ec6,صومام جنينية,165,1 لتر,1L,6252,Soummam Lait 1 Litre,12000,1L,0.184,0.0,0.184,True,LOW,COMMON_ONLY,https://i0.wp.com/www.taibaoline.com/wp-content/uploads/2023/12/lait-soummam1l.jpg?fit=800%2C800&ssl=1,False,WOULD_REVIEW,,,
6a7b92cd0d97848094f62ebf,قهوة روبيستا,700,,,7897," Café Caps Presso 5,6 G613",41000,5.6g,0.5,0.5,0.031,False,LOW,,https://i0.wp.com/www.taibaoline.com/wp-content/uploads/2024/01/Remove-bg.ai_1749544899698.png?fit=500%2C500&ssl=1,True,WOULD_REVIEW,,,
6a7b92cd0d97848094f62ebe,بيبرو بلاستيك صغير,170,,,52925,Thella Couches Confort Small 14 Pièces,81000,,0.333,0.333,0.107,False,LOW,DUP_SOURCE,https://i0.wp.com/www.taibaoline.com/wp-content/uploads/2025/09/Remove-bg.ai_1757163348664.webp?fit=1064%2C1280&ssl=1,True,WOULD_REVIEW,,,
6a7b92cd0d97848094f62eba,ماء ماركلوس ناموس,150,,,36705,Aigle Eau De Javel 900 ML,10000,900ml,0.333,0.333,0.126,False,LOW,,https://i0.wp.com/www.taibaoline.com/wp-content/uploads/2024/03/Remove-bg.ai_1711150583046.png?fit=1200%2C1200&ssl=1,True,WOULD_REVIEW,,,
6a7b92cd0d97848094f62eb7,دوراكس مزيل العرق,220,,,17191,DOLLE DÉODORANT -PERPULE PEARL,20000,,0.5,0.5,0.115,False,LOW,,https://i0.wp.com/www.taibaoline.com/wp-content/uploads/2024/02/Remove-bg.ai_1707439664187.png?fit=900%2C1198&ssl=1,True,WOULD_REVIEW,,,
6a7b92cd0d97848094f62eb5,كريمة كادونس,150,,,64345,Moon Excellence Créme Aux Noisettes Grillées 200 G,28000,200g,0.5,0.5,0.104,False,LOW,DUP_SOURCE,https://i0.wp.com/www.taibaoline.com/wp-content/uploads/2026/08/SnapBG.ai_1785758479662.png?fit=1280%2C960&ssl=1,True,WOULD_REVIEW,,,
6a7b92cd0d97848094f62eb3,كيرمة ازالة الشعر فينوس,140,,,18159,VENUS _ ACNÉ CONTROLE,32000,,0.333,0.333,0.176,False,LOW,,https://i0.wp.com/www.taibaoline.com/wp-content/uploads/2024/02/CS000124.jpg?fit=800%2C800&ssl=1,False,WOULD_REVIEW,,,
6a7b92cd0d97848094f62eae,حنة بن يحيى,140,,,39644,Bon Bons Malizia Parfune Milk Cake 50 ML,28000,50ml,0.333,0.333,0.108,False,LOW,,https://i0.wp.com/www.taibaoline.com/wp-content/uploads/2024/07/Remove-bg.ai_1750673056939.png?fit=700%2C700&ssl=1,True,WOULD_REVIEW,,,
6a7b92cd0d97848094f62eac,ترافل فرويتي,25,,,29247,  Yaourt DANONE Trèfle Aromatisé 95g,2000,95g,0.5,0.5,0.118,False,LOW,,https://i0.wp.com/www.taibaoline.com/wp-content/uploads/2024/02/trefle_ferme_framboise.webp?fit=800%2C491&ssl=1,False,WOULD_REVIEW,,,
6a7b92cd0d97848094f62eab,ترافل 20دج,20,,,29247,  Yaourt DANONE Trèfle Aromatisé 95g,2000,95g,0.5,0.5,0.103,False,LOW,,https://i0.wp.com/www.taibaoline.com/wp-content/uploads/2024/02/trefle_ferme_framboise.webp?fit=800%2C491&ssl=1,False,WOULD_REVIEW,,,
6a7b92cd0d97848094f62ea7,اكتي دانون,35,,,29568,  Yaourt DANONE Trèfle Aromatisé 70g,1600,70g,0.5,0.5,0.144,False,LOW,,https://i0.wp.com/www.taibaoline.com/wp-content/uploads/2024/02/Remove-bg.ai_1708714938826.png?fit=1200%2C1200&ssl=1,True,WOULD_REVIEW,,,
6a7b92cd0d97848094f62ea4,صابون سائل دوز,990,5 لتر,5L,32570,Dorilflor Detergent pour savon de marseille 5L,70000,5L,0.149,0.0,0.149,True,LOW,COMMON_ONLY,https://i0.wp.com/www.taibaoline.com/wp-content/uploads/2024/03/Remove-bg.ai_1709545748241.png?fit=1200%2C675&ssl=1,True,WOULD_REVIEW,https://api.delivap.com/uploads/1786564807700-290a915a-e97f-4b7c-9158-ee35c880f0d9.webp,,
6a7b92cd0d97848094f62ea3,كومبيبي 40/6,1,,,37351,منى فيجيكاو بالحليب 40 غ,3500,40g,0.225,0.0,0.225,False,LOW,COMMON_ONLY+DUP_SOURCE,https://i0.wp.com/www.taibaoline.com/wp-content/uploads/2024/03/Remove-bg.ai_1711757050298-e1711757126966.png?fit=1080%2C809&ssl=1,True,WOULD_REVIEW,,,
6a7b92cd0d97848094f62ea2,ارز مفور عادي ميزان,140,,,34205,La Belle Riz Etuvé 1 KG,16000,1kg,0.5,0.5,0.22,False,LOW,DUP_SOURCE,https://i0.wp.com/www.taibaoline.com/wp-content/uploads/2024/03/Riz-La-Belle-Etuve-1kg.jpg?fit=600%2C600&ssl=1,False,WOULD_REVIEW,,,
6a7b92cd0d97848094f62ea0,جنواز كيتوب,40,,,32922,Génoise Gusti Enrobée De Cacao Et Fourée A La Créme Goùt Vanille 10ps,13000,,0.5,0.5,0.075,False,LOW,,https://i0.wp.com/www.taibaoline.com/wp-content/uploads/2024/03/Remove-bg.ai_1709579208215.png?fit=675%2C1198&ssl=1,True,WOULD_REVIEW,,,
6a7b92cd0d97848094f62e9f,لوبيا ميزان,370,,,40180, Thika Haricot Rouge 500 G,21000,500g,0.5,0.5,0.168,False,LOW,DUP_SOURCE,https://i0.wp.com/www.taibaoline.com/wp-content/uploads/2024/08/Remove-bg.ai_1749892913369.png?fit=800%2C800&ssl=1,True,WOULD_REVIEW,,,
6a7b92cd0d97848094f62e9e,عدس ميزان,220,,,40112,Lentilles Vrac Oaice 1 KG,12500,1kg,0.5,0.5,0.146,False,LOW,DUP_SOURCE,https://i0.wp.com/www.taibaoline.com/wp-content/uploads/2024/07/Remove-bg.ai_1749550512480.png?fit=1200%2C798&ssl=1,True,WOULD_REVIEW,,,
6a7b92cd0d97848094f62e9d,قهوة اربيكا,920,,,7897," Café Caps Presso 5,6 G613",41000,5.6g,0.5,0.5,0.032,False,LOW,,https://i0.wp.com/www.taibaoline.com/wp-content/uploads/2024/01/Remove-bg.ai_1749544899698.png?fit=500%2C500&ssl=1,True,WOULD_REVIEW,,,
6a7b92cd0d97848094f62e9c,قاليت شرشال,100,,,34410,Cherchell Biscuit Fourrés à La Créme Gout Chocolat 35G,1500,35g,0.5,0.5,0.071,False,LOW,,https://i0.wp.com/www.taibaoline.com/wp-content/uploads/2024/03/Remove-bg.ai_1709842362900.png?fit=1200%2C674&ssl=1,True,WOULD_REVIEW,,,
6a7b92cd0d97848094f62e9b,كومبيبي 3/40,950,,,37351,منى فيجيكاو بالحليب 40 غ,3500,40g,0.254,0.0,0.254,False,LOW,COMMON_ONLY+DUP_SOURCE,https://i0.wp.com/www.taibaoline.com/wp-content/uploads/2024/03/Remove-bg.ai_1711757050298-e1711757126966.png?fit=1080%2C809&ssl=1,True,WOULD_REVIEW,,,
6a7b92cd0d97848094f62e98,زبدة فول سوداني حجم متوسط,410,,,30872,Rama Sacs Congélation Ultra-Zip 15 Sacs Moyen,15000,,0.4,0.4,0.191,False,LOW,,https://i0.wp.com/www.taibaoline.com/wp-content/uploads/2024/02/Remove-bg.ai_1709066281497.png?fit=1200%2C673&ssl=1,True,WOULD_REVIEW,,,
6a7b92cd0d97848094f62e95,قاطو سلبريتي /حجم كبير,120,,,30888,Sacs Congélation Premier Choix 3K GM,9000,3kg,0.5,0.5,0.203,False,LOW,DUP_SOURCE,https://i0.wp.com/www.taibaoline.com/wp-content/uploads/2024/02/Remove-bg.ai_1708896232789.png?fit=675%2C1198&ssl=1,True,WOULD_REVIEW,,,
6a7b92cd0d97848094f62e94,شوكولاطة دادا,360,,,35975,Moment Chocolat Lait Et Amandes Entières 145 G,44000,145g,0.5,0.5,0.141,False,LOW,,https://i0.wp.com/www.taibaoline.com/wp-content/uploads/2024/03/Untitled2_20240315205605.png?fit=809%2C1080&ssl=1,False,WOULD_REVIEW,,,
6a7b92cd0d97848094f62e92,شوكولاطة اومباسادور بلحليب,220,,,36005,MOMENT Chocolat Caramel Crème 90 g,20000,90g,0.333,0.333,0.174,False,LOW,,https://i0.wp.com/www.taibaoline.com/wp-content/uploads/2024/03/Remove-bg.ai_1710535267639.png?fit=1080%2C809&ssl=1,True,WOULD_REVIEW,,,
6a7b92cd0d97848094f62e91,برغل تركي ايبرو,310,,,34482,Coeur De Céréales Borghol Gros 1KG,43000,1kg,0.333,0.333,0.122,False,LOW,,https://i0.wp.com/www.taibaoline.com/wp-content/uploads/2024/03/Remove-bg.ai_1709933718185.png?fit=1200%2C1200&ssl=1,True,WOULD_REVIEW,,,
6a7b92cd0d97848094f62e8f,سردين طماطم,140,,,9278,Jumbo Sauce Tomate Prête à Cuisiner 1KG,21000,1kg,0.5,0.5,0.094,False,LOW,,https://i0.wp.com/www.taibaoline.com/wp-content/uploads/2024/02/Remove-bg.ai_1748381273093.png?fit=964%2C1280&ssl=1,True,WOULD_REVIEW,,,
6a7b92cd0d97848094f62e8e,طاجين بدون كرطونة,300,,,5724,فوزيلي بدون غلوتين 350غ,25000,350g,0.439,0.0,0.439,False,LOW,COMMON_ONLY+DUP_SOURCE,https://i0.wp.com/www.taibaoline.com/wp-content/uploads/2023/12/%D9%85%D8%B9%D9%83%D8%B1%D9%88%D9%86%D8%A9-%D9%84%D9%88%D9%84%D8%A8%D9%8A%D8%A9-%D8%A8%D8%AF%D9%88%D9%86-%D8%BA%D9%84%D9%88%D8%AA%D9%8A%D9%86-%D8%B3%D9%81%D9%8A%D9%86%D8%A9-350-%D8%BA.jpg?fit=449%2C416&ssl=1,False,WOULD_REVIEW,,,
6a7b92cd0d97848094f62e8c,كومبيبي 5/40,1,,,37351,منى فيجيكاو بالحليب 40 غ,3500,40g,0.254,0.0,0.254,False,LOW,COMMON_ONLY+DUP_SOURCE,https://i0.wp.com/www.taibaoline.com/wp-content/uploads/2024/03/Remove-bg.ai_1711757050298-e1711757126966.png?fit=1080%2C809&ssl=1,True,WOULD_REVIEW,,,
6a7b92cd0d97848094f62e89,جي فرويتي,160,2 لتر,2L,35589,Jus Ifruit citronnade 2L,18000,2L,0.177,0.0,0.177,True,LOW,COMMON_ONLY+DUP_SOURCE,https://i0.wp.com/www.taibaoline.com/wp-content/uploads/2024/03/Remove-bg.ai_1710531620346.png?fit=999%2C749&ssl=1,True,WOULD_REVIEW,,,
6a7b92cd0d97848094f62e88,جي فرويتي,100,1 لتر,1L,35597,Jus Ifruit tropical 1L,12000,1L,0.187,0.0,0.187,True,LOW,COMMON_ONLY,https://i0.wp.com/www.taibaoline.com/wp-content/uploads/2024/03/PhotoRoom-20230828-160100.webp?fit=1775%2C2095&ssl=1,False,WOULD_REVIEW,,,
6a7b92cd0d97848094f62e87,فلان رابحة متعدد اللأدواق,85,,,34147,Flano rabha gout chocolat 100g,8000,100g,0.5,0.5,0.309,False,LOW,,https://i0.wp.com/www.taibaoline.com/wp-content/uploads/2024/03/Remove-bg.ai_1709910756812.png?fit=1200%2C674&ssl=1,True,WOULD_REVIEW,,,
6a7b92cd0d97848094f62e86,صابلي بلكاراميل,220,12 قطعة,,32388,Festo Sablé à La Créme Au Chocolat 400G,15000,400g,0.5,0.5,0.15,False,LOW,,https://i0.wp.com/www.taibaoline.com/wp-content/uploads/2024/03/Remove-bg.ai_1709445140813.png?fit=675%2C1198&ssl=1,True,WOULD_REVIEW,,,
6a7b92cd0d97848094f62e85,مقروط الدار 6قطع,150,,,26337,El Dar Farine Pain Complet 5 KG,34000,5kg,0.333,0.333,0.124,False,LOW,,https://i0.wp.com/www.taibaoline.com/wp-content/uploads/2024/02/Remove-bg.ai_1707631608232.png?fit=675%2C1198&ssl=1,True,WOULD_REVIEW,,,
6a7b92cd0d97848094f62e83,مقروط الدار 10 قطع,250,,,17508,El Dar Pain Complet 1KG,7500,1kg,0.5,0.5,0.184,False,LOW,,https://i0.wp.com/www.taibaoline.com/wp-content/uploads/2024/02/Remove-bg.ai_1707431009031.png?fit=675%2C1198&ssl=1,True,WOULD_REVIEW,,,
6a7b92cd0d97848094f62e80,وافر كاكاو بيفا دولسي,50,,,33841,Bifa Cakes Muffin&#8217;s Fourres Full Cacao 10 Muffin&#8217;s,13500,,0.5,0.5,0.135,False,LOW,,https://i0.wp.com/www.taibaoline.com/wp-content/uploads/2024/03/Remove-bg.ai_1709763943134.png?fit=675%2C1198&ssl=1,True,WOULD_REVIEW,,,
6a7b92cd0d97848094f62e7f,شوكولاطة تالنت صغيلرة بلوز,80,,,35975,Moment Chocolat Lait Et Amandes Entières 145 G,44000,145g,0.25,0.25,0.178,False,LOW,DUP_SOURCE,https://i0.wp.com/www.taibaoline.com/wp-content/uploads/2024/03/Untitled2_20240315205605.png?fit=809%2C1080&ssl=1,False,WOULD_REVIEW,,,
6a7b92cd0d97848094f62e7e,شوكولاطة تالنت صغيرة بلفول السوداني,60,,,32838,Lahlou Macarons Aux Arachides 18 PS,40000,,0.259,0.2,0.259,False,LOW,,https://i0.wp.com/www.taibaoline.com/wp-content/uploads/2024/03/Remove-bg.ai_1709453924633.png?fit=1198%2C675&ssl=1,True,WOULD_REVIEW,,,
6a7b92cd0d97848094f62e7d,جي باست جو,80,2 ل,2L,36001,Jus Ramy Orange 2L,19000,2L,0.147,0.0,0.147,True,LOW,COMMON_ONLY,https://i0.wp.com/www.taibaoline.com/wp-content/uploads/2024/03/20240316_162542-removebg-preview.png?fit=500%2C500&ssl=1,True,WOULD_REVIEW,,,
6a7b92cd0d97848094f62e7c,جي فروي ماكس,120,2 ل,2L,35589,Jus Ifruit citronnade 2L,18000,2L,0.195,0.0,0.195,True,LOW,COMMON_ONLY,https://i0.wp.com/www.taibaoline.com/wp-content/uploads/2024/03/Remove-bg.ai_1710531620346.png?fit=999%2C749&ssl=1,True,WOULD_REVIEW,,,
6a7b92cd0d97848094f62e7b,غراء super glue,40,,,40701,Ollagro Fit Oat Muesli D&#8217;Avoine Super Chocolaté 250 G,30000,250g,0.333,0.333,0.126,False,LOW,,https://i0.wp.com/www.taibaoline.com/wp-content/uploads/2024/10/Remove-bg.ai_1750697502907.png?fit=600%2C600&ssl=1,True,WOULD_REVIEW,,,
6a7b92cd0d97848094f62e70,حومبو ميكس,300,,,8093,Réginat Maxi Extra Patisserie 800 G,37000,800g,0.5,0.5,0.081,False,LOW,,https://i0.wp.com/www.taibaoline.com/wp-content/uploads/2024/01/Remove-bg.ai_1751813575155.png?fit=653%2C537&ssl=1,True,WOULD_REVIEW,,,
6a7b92cd0d97848094f62e6f,جومبو لالة 20مكعب,180,,,18697,lala fatma bessissa spécial 500g,15000,500g,0.333,0.333,0.13,False,LOW,,https://i0.wp.com/www.taibaoline.com/wp-content/uploads/2024/02/Remove-bg.ai_1707630255980.png?fit=675%2C1198&ssl=1,True,WOULD_REVIEW,,,
6a7b92cd0d97848094f62e66,صابون حليب المعز,170,,,61651,صابون الحجرة ,9500,,0.5,0.0,0.5,False,LOW,COMMON_ONLY+DUP_SOURCE,https://i0.wp.com/www.taibaoline.com/wp-content/uploads/2026/02/images.jpg?fit=299%2C168&ssl=1,False,WOULD_REVIEW,,,
6a7b92cd0d97848094f62e65,فرشاة الحلاقة,140,,,32063,Titiz Classic Brush WC,45000,,0.5,0.5,0.222,False,LOW,,https://i0.wp.com/www.taibaoline.com/wp-content/uploads/2024/03/SnapBG.ai_1772016364816.png?fit=572%2C1280&ssl=1,True,WOULD_REVIEW,,,
6a7b92cd0d97848094f62e5f,معجون اسنان سنيال,85,25 مل,25ml,17749,SIGNAL ANTI-CARIES 25ML,8000,25ml,0.333,0.0,0.333,True,LOW,COMMON_ONLY,https://i0.wp.com/www.taibaoline.com/wp-content/uploads/2024/02/Remove-bg.ai_1707512185002.png?fit=1200%2C675&ssl=1,True,WOULD_REVIEW,,,
6a7b92cd0d97848094f62e5e,معجون اسنان سنيال,150,50 مل,50ml,17739,SIGNAL ANTI-CARIES 50ML,15000,50ml,0.327,0.0,0.327,True,LOW,COMMON_ONLY,https://i0.wp.com/www.taibaoline.com/wp-content/uploads/2024/02/Remove-bg.ai_1707511379669-e1707511512608.png?fit=1198%2C675&ssl=1,True,WOULD_REVIEW,,,
6a7b92cd0d97848094f62e5b,قازوز اروى اورونجينا,130,2 ل,2L,35387,Eau Gazeuse Ifri Ananas 2L,11000,2L,0.274,0.0,0.274,True,LOW,COMMON_ONLY,https://i0.wp.com/www.taibaoline.com/wp-content/uploads/2024/03/c13a17_f1f8d3834c244b1ab5cf5f8dd665cf44mv2.webp?fit=476%2C476&ssl=1,False,WOULD_REVIEW,,,
6a7b92cd0d97848094f62e58,صاندو ستوري,110,,,41440,Bifa Story Chocolat Fourré à La Créme De Pistache &amp; Kunafa 115G,25000,115g,0.5,0.5,0.069,False,LOW,,https://i0.wp.com/www.taibaoline.com/wp-content/uploads/2024/12/Remove-bg.ai_1734622563208.png?fit=964%2C1280&ssl=1,True,WOULD_REVIEW,,,
6a7b92cd0d97848094f62e57,صاندو هابي x2,85,,,37535,Happy Pate à Tartiner Aux Noisettes Et Cacao 700 G,75000,700g,0.333,0.333,0.075,False,LOW,,https://i0.wp.com/www.taibaoline.com/wp-content/uploads/2024/04/Remove-bg.ai_1712312746864.png?fit=1280%2C719&ssl=1,True,WOULD_REVIEW,,,
6a7b92cd0d97848094f62e56,قازوز زعيم اورونجينا,130,2 ل,2L,31310,Eau Gazeuse Slim Ananas _ 2L,13000,2L,0.242,0.0,0.242,True,LOW,COMMON_ONLY,https://i0.wp.com/www.taibaoline.com/wp-content/uploads/2024/02/Removal-686.png?fit=800%2C800&ssl=1,False,WOULD_REVIEW,,,
6a7b92cd0d97848094f62e51,قازوز اروى,60,1 ل,1L,35364,Eau Gazeuse Ifri Pomme 1L,7500,1L,0.222,0.0,0.222,True,LOW,COMMON_ONLY,https://i0.wp.com/www.taibaoline.com/wp-content/uploads/2024/03/ifri-gazouz-pomme-boisson-gazeuse-1l-bouteille-plastique-400x400-1.jpg?fit=400%2C400&ssl=1,False,WOULD_REVIEW,,,
6a7b92cd0d97848094f62e50,قازوز شريعة,110,2 ل,2L,35369,Eau Gazeuse Ifri Pomme 2L,11000,2L,0.195,0.0,0.195,True,LOW,COMMON_ONLY+DUP_SOURCE,https://i0.wp.com/www.taibaoline.com/wp-content/uploads/2024/03/Remove-bg.ai_1710276165010.png?fit=206%2C245&ssl=1,True,WOULD_REVIEW,,,
6a7b92cd0d97848094f62e4f,مونش بالي,150,,,46842,L’Orage Evasion Désodorisant 4en1 Bali Paradise 300 ML,22500,300ml,0.5,0.5,0.084,False,LOW,,https://i0.wp.com/www.taibaoline.com/wp-content/uploads/2025/06/Remove-bg.ai_1751232002645.png?fit=1080%2C1080&ssl=1,True,WOULD_REVIEW,,,
6a7b92cd0d97848094f62e4e,قازوز اروى اورونجينا,75,1 ل,1L,35386,Eau Gazeuse Ifri Ananas 1L,7500,1L,0.274,0.0,0.274,True,LOW,COMMON_ONLY,https://i0.wp.com/www.taibaoline.com/wp-content/uploads/2024/03/ifri-gazouz-ananas-boisson-gazeuse-1l-bouteille-plastique-400x400-1.jpg?fit=400%2C400&ssl=1,False,WOULD_REVIEW,,,
6a7b92cd0d97848094f62e4a,حمص ميزان12,420,,,38792,Izmir Pois Chiche 1KG,43500,1kg,0.5,0.5,0.137,False,LOW,DUP_SOURCE,https://i0.wp.com/www.taibaoline.com/wp-content/uploads/2024/05/Remove-bg.ai_1716888235309.png?fit=1280%2C719&ssl=1,True,WOULD_REVIEW,,,
6a7b92cd0d97848094f62e48,بالي رطبة عادية,100,,,26616,Cotex Jumbo Essui-Tout 1 KG De Papier,39000,1kg,0.333,0.333,0.114,False,LOW,,https://i0.wp.com/www.taibaoline.com/wp-content/uploads/2024/02/Remove-bg.ai_1708092763561.png?fit=675%2C1198&ssl=1,True,WOULD_REVIEW,,,
6a7b92cd0d97848094f62e47,بالي حرشة,90,,,46842,L’Orage Evasion Désodorisant 4en1 Bali Paradise 300 ML,22500,300ml,0.5,0.5,0.072,False,LOW,,https://i0.wp.com/www.taibaoline.com/wp-content/uploads/2025/06/Remove-bg.ai_1751232002645.png?fit=1080%2C1080&ssl=1,True,WOULD_REVIEW,,,
6a7b92cd0d97848094f62e46,قازوز بدر,100,2 ل,2L,32220,Eau Gazeuse Pepsi _ 2L,14000,2L,0.197,0.0,0.197,True,LOW,COMMON_ONLY,https://i0.wp.com/www.taibaoline.com/wp-content/uploads/2024/03/Pepsi-2l-1.jpg?fit=600%2C600&ssl=1,False,WOULD_REVIEW,,,
6a7b92cd0d97848094f62e45,قازوز اروى,100,2 ل,2L,35369,Eau Gazeuse Ifri Pomme 2L,11000,2L,0.222,0.0,0.222,True,LOW,COMMON_ONLY,https://i0.wp.com/www.taibaoline.com/wp-content/uploads/2024/03/Remove-bg.ai_1710276165010.png?fit=206%2C245&ssl=1,True,WOULD_REVIEW,,,
6a7b92cd0d97848094f62e43,شوكولاطة تالنت ذوق اللوز كبيرة,150,,,36212,Optilla Aux Amandes Et Lait 140 G,19500,140g,0.5,0.5,0.257,False,LOW,DUP_SOURCE,https://i0.wp.com/www.taibaoline.com/wp-content/uploads/2024/03/Remove-bg.ai_1710859942051.png?fit=810%2C1078&ssl=1,True,WOULD_REVIEW,,,
6a7b92cd0d97848094f62e42,فليطوكس اسود,180,,,27455,تاشفين &#8211; فلفل أكحل 50 غ,14000,50g,0.5,0.5,0.088,False,LOW,,https://i0.wp.com/www.taibaoline.com/wp-content/uploads/2024/02/Remove-bg.ai_1708380751576.png?fit=900%2C1198&ssl=1,True,WOULD_REVIEW,,,
6a7b92cd0d97848094f62e40,اوان 3d,130,,,7588,Awane 3D Nuit (7 Serviettes),12000,,0.5,0.5,0.091,False,LOW,,https://i0.wp.com/www.taibaoline.com/wp-content/uploads/2024/01/1.jpg?fit=680%2C680&ssl=1,False,WOULD_REVIEW,,,
6a7b92cd0d97848094f62e3f,اجاكس خمسة برومو,100,,,31104, Haoshenju Nettoyage haute technologie Ajax,10000,,0.333,0.333,0.083,False,LOW,,https://i0.wp.com/www.taibaoline.com/wp-content/uploads/2024/02/Remove-bg.ai_1708897080085.png?fit=675%2C1198&ssl=1,True,WOULD_REVIEW,,,
6a7b92cd0d97848094f62e3e,بابي ليلا نارسيز 2+1,150,,,7346,Lilas BéBé Confort N3 5-10 KG (20 Pièces),37000,10kg,0.333,0.333,0.136,False,LOW,,https://i0.wp.com/www.taibaoline.com/wp-content/uploads/2023/12/Remove-bg.ai_1704023790929.png?fit=570%2C400&ssl=1,True,WOULD_REVIEW,,,
6a7b92cd0d97848094f62e38,كوتاكس برومو 4+2 كلاسيك,280,,,26723,Cotex Classic Essuie-Tout 2 Rouleaux,12000,,0.333,0.333,0.182,False,LOW,,https://i0.wp.com/www.taibaoline.com/wp-content/uploads/2024/02/SnapBG.ai_1773220690613.png?fit=267%2C260&ssl=1,True,WOULD_REVIEW,,,
6a7b92cd0d97848094f62e36,وفاء ايكو +4,220,,,27032,Wafa Classico Essui-Tout 4 Rouleau,24000,,0.5,0.5,0.175,False,LOW,,https://i0.wp.com/www.taibaoline.com/wp-content/uploads/2024/02/Remove-bg.ai_1708270742979.png?fit=675%2C1198&ssl=1,True,WOULD_REVIEW,,,
6a7b92cd0d97848094f62e34,وفاء برومو 2+1,160,,,27032,Wafa Classico Essui-Tout 4 Rouleau,24000,,0.5,0.5,0.103,False,LOW,,https://i0.wp.com/www.taibaoline.com/wp-content/uploads/2024/02/Remove-bg.ai_1708270742979.png?fit=675%2C1198&ssl=1,True,WOULD_REVIEW,,,
6a7b92cd0d97848094f62e33,كوتاكس 2 كلاسيك,120,,,34107,1Kg أرز بسمتي  _  El Wissam Riz BASMATI Classic,38000,1kg,0.5,0.5,0.159,False,LOW,,https://i0.wp.com/www.taibaoline.com/wp-content/uploads/2024/03/Remove-bg.ai_1709908564172.png?fit=724%2C1079&ssl=1,True,WOULD_REVIEW,,,
6a7b92cd0d97848094f62e32,وفاء برومو 4+2,300,,,27032,Wafa Classico Essui-Tout 4 Rouleau,24000,,0.5,0.5,0.121,False,LOW,,https://i0.wp.com/www.taibaoline.com/wp-content/uploads/2024/02/Remove-bg.ai_1708270742979.png?fit=675%2C1198&ssl=1,True,WOULD_REVIEW,,,
6a7b92cd0d97848094f62e30,وفاء ايكو 2حبات,130,,,9073, Wafa Papier Cuisson 50 Métres,70000,,0.333,0.333,0.16,False,LOW,,https://i0.wp.com/www.taibaoline.com/wp-content/uploads/2024/01/Remove-bg.ai_1754312872404.webp?fit=720%2C1275&ssl=1,True,WOULD_REVIEW,,,
6a7b92cd0d97848094f62e2d,رايب سوري,150,,,28115,  Raib Au Bifides Soummam 1L,14000,1L,0.5,0.5,0.161,False,LOW,DUP_SOURCE,https://i0.wp.com/www.taibaoline.com/wp-content/uploads/2024/02/Remove-bg.ai_1750349269379.png?fit=800%2C800&ssl=1,True,WOULD_REVIEW,,,
6a7b92cd0d97848094f62e2c,رامي 1.25لنر,140,,,36004,Jus Ramy Abricot Pêche 2 L,19000,2L,0.5,0.5,0.114,False,LOW,,https://i0.wp.com/www.taibaoline.com/wp-content/uploads/2024/03/20240316_162450-removebg-preview.png?fit=500%2C500&ssl=1,True,WOULD_REVIEW,,,
6a7b92cd0d97848094f62e29,فانتا 1اتر,100,,,33167,Eau Gazeuse Fanta Ananas 33 CL,0,330ml,0.5,0.5,0.149,False,LOW,,https://i0.wp.com/www.taibaoline.com/wp-content/uploads/2024/03/Remove-bg.ai_1709676719743.png?fit=999%2C749&ssl=1,True,WOULD_REVIEW,,,
6a7b92cd0d97848094f62e27,فرماج شاف شيزي,65,,,30164,Tartino Chezzy Slice 10 Pièces 170 G,20000,170g,0.5,0.5,0.099,False,LOW,DUP_SOURCE,https://i0.wp.com/www.taibaoline.com/wp-content/uploads/2024/02/cheezy-2.png?fit=800%2C800&ssl=1,False,WOULD_REVIEW,,,
6a7b92cd0d97848094f62e26,فرماج شاف تارتينو,65,,,30153,Tartino Excellence Slice 10 Pièces 150 G,25000,150g,0.5,0.5,0.039,False,LOW,,https://i0.wp.com/www.taibaoline.com/wp-content/uploads/2024/02/excellence-slice-1.png?fit=800%2C800&ssl=1,False,WOULD_REVIEW,,,
6a7b92cd0d97848094f62e24,مارشملو الخروف,140,,,32426,Dadey Biscuits Fourré De Guimauve enrobé De Cacao 240G ,12000,240g,0.5,0.5,0.121,False,LOW,,https://i0.wp.com/www.taibaoline.com/wp-content/uploads/2024/03/Remove-bg.ai_1709442528030-1.png?fit=673%2C1200&ssl=1,True,WOULD_REVIEW,,,
6a7b92cd0d97848094f62e23,ميني شيبس السطان +ماستر شيبس,60,,,54562,Silver Chips Goùt Chili &#038; Lime 45 G,15000,45g,0.25,0.25,0.156,False,LOW,DUP_SOURCE,,False,WOULD_REVIEW,,,
6a7b92cd0d97848094f62e22,شيبس ريفكس,60,,,54562,Silver Chips Goùt Chili &#038; Lime 45 G,15000,45g,0.5,0.5,0.114,False,LOW,,,False,WOULD_REVIEW,,,
6a7b92cd0d97848094f62e21,شيبس سلطان,120,,,54562,Silver Chips Goùt Chili &#038; Lime 45 G,15000,45g,0.5,0.5,0.114,False,LOW,,,False,WOULD_REVIEW,,,
6a7b92cd0d97848094f62e20,ماستر شيبس,120,,,54562,Silver Chips Goùt Chili &#038; Lime 45 G,15000,45g,0.5,0.5,0.114,False,LOW,,,False,WOULD_REVIEW,,,
6a7b92cd0d97848094f62e1f,قلم الصبورة البيضاء,50,,,35685,MOMENT Chocolat blanc praliné 90 g,18000,90g,0.333,0.333,0.183,False,LOW,,https://i0.wp.com/www.taibaoline.com/wp-content/uploads/2024/03/Remove-bg.ai_1710540908772.png?fit=768%2C768&ssl=1,True,WOULD_REVIEW,,,
6a7b92cd0d97848094f62e1c,شامبو سواليس,300,330 مل,330ml,26213,VAGUE DE FRAICHEUR 2en1 330 ml,11500,330ml,0.168,0.0,0.168,True,LOW,COMMON_ONLY,https://i0.wp.com/www.taibaoline.com/wp-content/uploads/2024/02/Remove-bg.ai_1708032613840.png?fit=900%2C1198&ssl=1,True,WOULD_REVIEW,,,
6a7b92cd0d97848094f62e1b,شامبو سنسيلك,220,180 مل,180ml,16918,CLEAR SHAMPOOING HOMME LÉGENDE PAR CR7_ 180ML,30000,180ml,0.103,0.0,0.103,True,LOW,COMMON_ONLY,https://i0.wp.com/www.taibaoline.com/wp-content/uploads/2024/02/1-9-11.jpg?fit=500%2C500&ssl=1,False,WOULD_REVIEW,,,
6a7b92cd0d97848094f62e1a,شامبو داليا,180,,,26213,VAGUE DE FRAICHEUR 2en1 330 ml,11500,330ml,0.17,0.0,0.17,False,LOW,COMMON_ONLY+DUP_SOURCE,https://i0.wp.com/www.taibaoline.com/wp-content/uploads/2024/02/Remove-bg.ai_1708032613840.png?fit=900%2C1198&ssl=1,True,WOULD_REVIEW,,,
6a7b92cd0d97848094f62e18,شامبو دوف,340,250 مل,250ml,18619,SWALIS INTENSE CARE SHAMPOO 0% SULFATE 250ml,33000,250ml,0.113,0.0,0.113,True,LOW,COMMON_ONLY+DUP_SOURCE,https://i0.wp.com/www.taibaoline.com/wp-content/uploads/2024/02/1-3-1.jpg?fit=500%2C500&ssl=1,False,WOULD_REVIEW,,,
6a7b92cd0d97848094f62e17,شامبو دوركس,120,250 مل,250ml,18619,SWALIS INTENSE CARE SHAMPOO 0% SULFATE 250ml,33000,250ml,0.126,0.0,0.126,True,LOW,COMMON_ONLY,https://i0.wp.com/www.taibaoline.com/wp-content/uploads/2024/02/1-3-1.jpg?fit=500%2C500&ssl=1,False,WOULD_REVIEW,,,
6a7b92cd0d97848094f62e16,غسول الوجه سواليس,250,250 مل,250ml,26170,SWALIS SHAMPOING VOLUMATEUR &#8211; a base de plantes 250ml,38000,250ml,0.333,0.333,0.091,True,LOW,,https://i0.wp.com/www.taibaoline.com/wp-content/uploads/2024/02/Remove-bg.ai_1708030905091.webp?fit=900%2C1198&ssl=1,True,WOULD_REVIEW,,,
6a7b92cd0d97848094f62e12,عطر نساء اوليمبيا,580,,,31835,Stic blocs wc fraicheur citron 3blocs,23000,,0.168,0.0,0.168,False,LOW,COMMON_ONLY,https://i0.wp.com/www.taibaoline.com/wp-content/uploads/2024/03/Remove-bg.ai_1709155541054.png?fit=675%2C1198&ssl=1,True,WOULD_REVIEW,,,
6a7b92cd0d97848094f62e11,عطر نساء ماي واي,450,,,31212,My emballage nappe de table 30pcs,15000,,0.333,0.333,0.142,False,LOW,,https://i0.wp.com/www.taibaoline.com/wp-content/uploads/2024/02/Remove-bg.ai_1708899400494.png?fit=1200%2C674&ssl=1,True,WOULD_REVIEW,,,
6a7b92cd0d97848094f62e10,راص بيبرو سيليكون,60,,,16868,GARNIER ULTRA DOUX &#8211; LAIT DE COCO ET MACADAMIA,76000,,0.333,0.333,0.014,False,LOW,,https://i0.wp.com/www.taibaoline.com/wp-content/uploads/2024/02/OIP-1-2.jpg?fit=1200%2C1200&ssl=1,False,WOULD_REVIEW,,,
6a7b92cd0d97848094f62e0f,بيبرو القو 240مل بلاستيك,250,,240ml,28334,Airwick air freshener 240ml,34000,240ml,0.25,0.25,0.248,True,LOW,,https://i0.wp.com/www.taibaoline.com/wp-content/uploads/2024/02/Remove-bg.ai_1708472993707.png?fit=675%2C1198&ssl=1,True,WOULD_REVIEW,,,
6a7b92cd0d97848094f62e0e,شامبو دوركس برومو,450,,,17595,DOREX APRÉS SHAMPOING_BOTANICAL_THÉ VERT ET EAU DE ROSE,27000,,0.5,0.5,0.137,False,LOW,DUP_SOURCE,https://i0.wp.com/www.taibaoline.com/wp-content/uploads/2024/02/Remove-bg.ai_1707411309075-e1707504792397.png?fit=601%2C800&ssl=1,True,WOULD_REVIEW,,,
6a7b92cd0d97848094f62e0b,معطر الجو لايف,280,500 مل,500ml,27865,Atack plus meuble 500ml,16000,500ml,0.18,0.0,0.18,True,LOW,COMMON_ONLY+DUP_SOURCE,https://i0.wp.com/www.taibaoline.com/wp-content/uploads/2024/02/Remove-bg.ai_1708290204252.png?fit=675%2C1198&ssl=1,True,WOULD_REVIEW,https://api.delivap.com/uploads/1786564854364-b2828987-f399-497f-ac37-1be39b72e605.webp,,
6a7b92cd0d97848094f62e09,عطر اطفال,140,50 مل,50ml,39653, Parfune Pour Bébé 50 ML,22000,50ml,0.222,0.0,0.222,True,LOW,COMMON_ONLY,https://i0.wp.com/www.taibaoline.com/wp-content/uploads/2024/07/Remove-bg.ai_1720263577402.png?fit=1280%2C719&ssl=1,True,WOULD_REVIEW,,,
6a7b92cd0d97848094f62e08,صابون سائل شييهاد بلوس,140,,,62284,Lilas Extra Confort Plus Essui-Tout 2 Rouleaux + 1 Gratuit,18000,,0.5,0.5,0.082,False,LOW,,https://i0.wp.com/www.taibaoline.com/wp-content/uploads/2026/03/SnapBG.ai_1773051312029.png?fit=1280%2C569&ssl=1,True,WOULD_REVIEW,,,
6a7b92cd0d97848094f62e07,صابون سائل امير,140,390 مل,390ml,43647,Brilex Savon Liquide Musk 400 ML,15000,400ml,0.21,0.0,0.21,True,LOW,COMMON_ONLY,https://i0.wp.com/www.taibaoline.com/wp-content/uploads/2025/05/SnapBG.ai_1746183444240.png?fit=1280%2C962&ssl=1,True,WOULD_REVIEW,https://api.delivap.com/uploads/1786564856269-5ffee2a8-7c80-47cb-8ed7-de8ae99c99fe.webp,,
6a7b92cd0d97848094f62e05,شوكولاكة روايال هالفة,350,,,41796,Camembert Royal 125 G,19000,125g,0.333,0.333,0.225,False,LOW,,https://i0.wp.com/www.taibaoline.com/wp-content/uploads/2025/02/Remove-bg.ai_1738663930371.png?fit=1280%2C962&ssl=1,True,WOULD_REVIEW,,,
6a7b92cd0d97848094f62e04,شوكولاطة تالنت ذوق الفول السوداني كبيرة,120,,,41087,Coeur De Céréales Beurre D’Arachides Aux Caramel Beurre Salé 330G,32000,330g,0.4,0.4,0.203,False,LOW,,https://i0.wp.com/www.taibaoline.com/wp-content/uploads/2024/11/Remove-bg.ai_1731417814225.png?fit=1280%2C719&ssl=1,True,WOULD_REVIEW,,,
6a7b92cd0d97848094f62e02,قوفريط نيتا دوبيو,100,,,8107,Madas Free Gaufrettes Goùt Vanille 150 G,30000,150g,0.333,0.333,0.157,False,LOW,,https://i0.wp.com/www.taibaoline.com/wp-content/uploads/2024/01/Remove-bg.ai_1751885562521.png?fit=1280%2C962&ssl=1,True,WOULD_REVIEW,,,
6a7b92cd0d97848094f62e01,ثوفريط نيتا سو وافر,100,,,34629,Gusti Wafer Cake Enroubé au Cacao et Fourré au Chocolat 48G,4000,48g,0.25,0.25,0.093,False,LOW,DUP_SOURCE,https://i0.wp.com/www.taibaoline.com/wp-content/uploads/2024/03/Remove-bg.ai_1709841662982.png?fit=1200%2C674&ssl=1,True,WOULD_REVIEW,,,
6a7b92cd0d97848094f62e00,شوكولاطة تويتي,50,,,35975,Moment Chocolat Lait Et Amandes Entières 145 G,44000,145g,0.5,0.5,0.127,False,LOW,,https://i0.wp.com/www.taibaoline.com/wp-content/uploads/2024/03/Untitled2_20240315205605.png?fit=809%2C1080&ssl=1,False,WOULD_REVIEW,,,
6a7b92cd0d97848094f62dfb,شوكولاطة بايت ذوق الفستق,100,,,8134,Madas Free Cookies Goùt Banane 120 G,20000,120g,0.333,0.333,0.19,False,LOW,,https://i0.wp.com/www.taibaoline.com/wp-content/uploads/2024/01/Remove-bg.ai_1751885615675.png?fit=1280%2C962&ssl=1,True,WOULD_REVIEW,,,
6a7b92cd0d97848094f62dfa,شوكولاطة نايس,100,,,35975,Moment Chocolat Lait Et Amandes Entières 145 G,44000,145g,0.5,0.5,0.141,False,LOW,,https://i0.wp.com/www.taibaoline.com/wp-content/uploads/2024/03/Untitled2_20240315205605.png?fit=809%2C1080&ssl=1,False,WOULD_REVIEW,,,
6a7b92cd0d97848094f62df8,اوبتيلا كراميل,90,,,27076,  Yaourt Soummam Dialna caramel 70g,1500,70g,0.5,0.5,0.175,False,LOW,,https://i0.wp.com/www.taibaoline.com/wp-content/uploads/2024/02/Remove-bg.ai_1708176635640.png?fit=600%2C339&ssl=1,True,WOULD_REVIEW,,,
6a7b92cd0d97848094f62df7,ماكسن كوكاو صغيرة,130,,,35886,Hani El Mondo Tacos Mini Tortillas 6 Pieces,20000,,0.333,0.333,0.133,False,LOW,,https://i0.wp.com/www.taibaoline.com/wp-content/uploads/2024/03/Remove-bg.ai_1738488382688.png?fit=1280%2C962&ssl=1,True,WOULD_REVIEW,,,
6a7b92cd0d97848094f62df5,مومنت شوكولاطة دبي كرطونة,470,,,35975,Moment Chocolat Lait Et Amandes Entières 145 G,44000,145g,0.5,0.5,0.226,False,LOW,,https://i0.wp.com/www.taibaoline.com/wp-content/uploads/2024/03/Untitled2_20240315205605.png?fit=809%2C1080&ssl=1,False,WOULD_REVIEW,,,
6a7b92cd0d97848094f62df4,شوكولاطة ستوري كبيرة,260,,,36005,MOMENT Chocolat Caramel Crème 90 g,20000,90g,0.333,0.333,0.212,False,LOW,,https://i0.wp.com/www.taibaoline.com/wp-content/uploads/2024/03/Remove-bg.ai_1710535267639.png?fit=1080%2C809&ssl=1,True,WOULD_REVIEW,,,
6a7b92cd0d97848094f62df0,حلوى نبوليتانو موف,380,,,35685,MOMENT Chocolat blanc praliné 90 g,18000,90g,0.333,0.333,0.141,False,LOW,,https://i0.wp.com/www.taibaoline.com/wp-content/uploads/2024/03/Remove-bg.ai_1710540908772.png?fit=768%2C768&ssl=1,True,WOULD_REVIEW,,,
6a7b92cd0d97848094f62def,حلوى نابوليتانو,300,,,27215,  Yaourt Soummam Crème Déssert Chocolat 100 g,2750,100g,0.5,0.5,0.116,False,LOW,DUP_SOURCE,https://i0.wp.com/www.taibaoline.com/wp-content/uploads/2024/02/Remove-bg.ai_1708175801189.png?fit=600%2C339&ssl=1,True,WOULD_REVIEW,,,
6a7b92cd0d97848094f62de7,كانبيبي 2/40,880,,,37351,منى فيجيكاو بالحليب 40 غ,3500,40g,0.254,0.0,0.254,False,LOW,COMMON_ONLY+DUP_SOURCE,https://i0.wp.com/www.taibaoline.com/wp-content/uploads/2024/03/Remove-bg.ai_1711757050298-e1711757126966.png?fit=1080%2C809&ssl=1,True,WOULD_REVIEW,,,
6a7b92cd0d97848094f62de6,كانبيبي 1/40,790,,,37351,منى فيجيكاو بالحليب 40 غ,3500,40g,0.254,0.0,0.254,False,LOW,COMMON_ONLY+DUP_SOURCE,https://i0.wp.com/www.taibaoline.com/wp-content/uploads/2024/03/Remove-bg.ai_1711757050298-e1711757126966.png?fit=1080%2C809&ssl=1,True,WOULD_REVIEW,,,
6a7b92cd0d97848094f62de3,كونبيبي 4/40,1,,,37351,منى فيجيكاو بالحليب 40 غ,3500,40g,0.254,0.0,0.254,False,LOW,COMMON_ONLY+DUP_SOURCE,https://i0.wp.com/www.taibaoline.com/wp-content/uploads/2024/03/Remove-bg.ai_1711757050298-e1711757126966.png?fit=1080%2C809&ssl=1,True,WOULD_REVIEW,,,
6a7b92cd0d97848094f62de1,جلبانة 1كغ الاتحاد الاوروبي,540,,1kg,37473,Dada dessert végécao Blanc 1Kg,61500,1kg,0.25,0.25,0.116,True,LOW,,https://i0.wp.com/www.taibaoline.com/wp-content/uploads/2024/04/Remove-bg.ai_1712068409038.png?fit=675%2C1198&ssl=1,True,WOULD_REVIEW,,,
6a7b92cd0d97848094f62de0,جلبانة 1كغ بلجيكا,540,,1kg,18031,Eldahabiya Pâte aux dattes 1kg,11500,1kg,0.333,0.333,0.133,True,LOW,,https://i0.wp.com/www.taibaoline.com/wp-content/uploads/2024/02/Remove-bg.ai_1707432427243.png?fit=675%2C1198&ssl=1,True,WOULD_REVIEW,,,
6a7b92cd0d97848094f62ddf,جلبانة 300غ بلجيكا,200,,300g,18669,Mr chef pois chiche moulu 300g,13000,300g,0.333,0.333,0.132,True,LOW,,https://i0.wp.com/www.taibaoline.com/wp-content/uploads/2024/02/Remove-bg.ai_1707629853139.png?fit=675%2C1198&ssl=1,True,WOULD_REVIEW,,,
6a7b92cd0d97848094f62ddc,رامي موخيطو زجاج 25سل,80,,,36004,Jus Ramy Abricot Pêche 2 L,19000,2L,0.25,0.25,0.186,False,LOW,DUP_SOURCE,https://i0.wp.com/www.taibaoline.com/wp-content/uploads/2024/03/20240316_162450-removebg-preview.png?fit=500%2C500&ssl=1,True,WOULD_REVIEW,,,
6a7b92cd0d97848094f62ddb,كرام فراش صومام,220,500 مل,500ml,44819,Soummam Lait 500 ML,8000,500ml,0.179,0.0,0.179,True,LOW,COMMON_ONLY,https://i0.wp.com/www.taibaoline.com/wp-content/uploads/2025/05/Remove-bg.ai_1748419165424.png?fit=964%2C1280&ssl=1,True,WOULD_REVIEW,,,
6a7b92cd0d97848094f62dda,كرام فراش كانديا 20سل,160,,,6265,Candia Lait 50 CL,7500,500ml,0.308,0.25,0.308,False,LOW,DUP_SOURCE,https://i0.wp.com/www.taibaoline.com/wp-content/uploads/2023/12/Candia-Lait-0.5l.jpg?fit=600%2C600&ssl=1,False,WOULD_REVIEW,,,
6a7b92cd0d97848094f62dd9,كرام فراش كانديا,260,500 مل,500ml,6265,Candia Lait 50 CL,7500,500ml,0.333,0.333,0.219,True,LOW,,https://i0.wp.com/www.taibaoline.com/wp-content/uploads/2023/12/Candia-Lait-0.5l.jpg?fit=600%2C600&ssl=1,False,WOULD_REVIEW,,,
6a7b92cd0d97848094f62dd6,ماء بوقلاز بيدون,135,5 ل,5L,36790,Life  &#8211; eau de javel 5L,27000,5L,0.333,0.333,0.143,True,LOW,,https://i0.wp.com/www.taibaoline.com/wp-content/uploads/2024/03/life-javel-5l-2.jpg?fit=500%2C483&ssl=1,False,WOULD_REVIEW,,,
6a7b92cd0d97848094f62dd3,قازوز اروى 33سل,30,,,35374,Eau Gazeuse Ifri Citron 1L,7500,1L,0.247,0.0,0.247,False,LOW,COMMON_ONLY,https://i0.wp.com/www.taibaoline.com/wp-content/uploads/2024/03/Remove-bg.ai_1710276417197.png?fit=340%2C600&ssl=1,True,WOULD_REVIEW,,,
6a7b92cd0d97848094f62dd2,ماء اروى 33سل,20,,,36705,Aigle Eau De Javel 900 ML,10000,900ml,0.333,0.333,0.154,False,LOW,,https://i0.wp.com/www.taibaoline.com/wp-content/uploads/2024/03/Remove-bg.ai_1711150583046.png?fit=1200%2C1200&ssl=1,True,WOULD_REVIEW,,,
6a7b92cd0d97848094f62dd1,روح الملح ريد فورس,140,750 مل,750ml,46617,Force Xpress Insecticide Rose 750 ML,37000,750ml,0.101,0.0,0.101,True,LOW,COMMON_ONLY,https://i0.wp.com/www.taibaoline.com/wp-content/uploads/2025/06/Remove-bg.ai_1751038434155.png?fit=723%2C1280&ssl=1,True,WOULD_REVIEW,,,
6a7b92cd0d97848094f62dce,غسول الملابس اورس بلون,490,3 ل,3L,30190,Power Gel Machine 3L,43000,3L,0.317,0.0,0.317,True,LOW,COMMON_ONLY,https://i0.wp.com/www.taibaoline.com/wp-content/uploads/2024/02/Remove-bg.ai_1708857154596.png?fit=1200%2C675&ssl=1,True,WOULD_REVIEW,,,
6a7b92cd0d97848094f62dcc,غسول الملابس ليسر,450,3 ل,3L,30186,Life Gel Machine 3L,55000,3L,0.293,0.0,0.293,True,LOW,COMMON_ONLY,https://i0.wp.com/www.taibaoline.com/wp-content/uploads/2024/02/Remove-bg.ai_1708856655881.png?fit=1200%2C675&ssl=1,True,WOULD_REVIEW,,,
6a7b92cd0d97848094f62dcb,سائل غسيل الاواني نيب,340,3 ل,3L,32585,Doril Lessive pour linge 3L,43000,3L,0.317,0.0,0.317,True,LOW,COMMON_ONLY,https://i0.wp.com/www.taibaoline.com/wp-content/uploads/2024/03/Remove-bg.ai_1709547777524-1.png?fit=1200%2C675&ssl=1,True,WOULD_REVIEW,,,
6a7b92cd0d97848094f62dca,صابون غسيل الملابس بريلكس,700,5 ل,5L,32566,Dorilflor Detergent pour Linge couleur 5L,75000,5L,0.247,0.0,0.247,True,LOW,COMMON_ONLY,https://i0.wp.com/www.taibaoline.com/wp-content/uploads/2024/03/Remove-bg.ai_1709545615720.png?fit=1200%2C675&ssl=1,True,WOULD_REVIEW,,,
6a7b92cd0d97848094f62dc9,صابون غسيل الملابس توبسيل,750,4.5 ل,4.5L,32562,Life Gel Machine a laver  LAVANDE 4.5L,75000,4.5L,0.232,0.0,0.232,True,LOW,COMMON_ONLY,https://i0.wp.com/www.taibaoline.com/wp-content/uploads/2024/03/SnapBG.ai_1772359330644.png?fit=680%2C680&ssl=1,True,WOULD_REVIEW,,,
6a7b92cd0d97848094f62dc7,مزيل الروائح بريلكس,70,,,36686,SANIBON Aigle sani Top &#8211; Marine 850ml,8500,850ml,0.5,0.5,0.2,False,LOW,,https://i0.wp.com/www.taibaoline.com/wp-content/uploads/2024/03/Remove-bg.ai_1711143846529.png?fit=1200%2C1200&ssl=1,True,WOULD_REVIEW,,,
6a7b92cd0d97848094f62dc1,صانيبو بريلكس سودي,85,850 مل,850ml,36901, SaniBon Brilex Marine 850 ML,9000,850ml,0.333,0.333,0.268,True,LOW,,https://i0.wp.com/www.taibaoline.com/wp-content/uploads/2024/03/Remove-bg.ai_1751015391171.png?fit=1200%2C1200&ssl=1,True,WOULD_REVIEW,,,
6a7b92cd0d97848094f62dbe,نظاف و لماع ناصح,185,720 مل,720ml,27602,Nassah Liquide Vaisselle Citron 710 ML,17500,710ml,0.333,0.333,0.109,True,LOW,,https://i0.wp.com/www.taibaoline.com/wp-content/uploads/2024/02/Remove-bg.ai_1708292554012.png?fit=675%2C1198&ssl=1,True,WOULD_REVIEW,,,
6a7b92cd0d97848094f62dbd,مبيد ساميتوكس صغير,170,400 مل,400ml,29602,Protox Insecticide Domestique Volonts Et Rampants 400ML,17000,400ml,0.333,0.333,0.112,True,LOW,,https://i0.wp.com/www.taibaoline.com/wp-content/uploads/2024/02/Remove-bg.ai_1708474097575.png?fit=675%2C1198&ssl=1,True,WOULD_REVIEW,,,
6a7b92cd0d97848094f62db2,بهار معطر الملابس,130,,,30425, brosse à linge,25000,,0.269,0.0,0.269,False,LOW,COMMON_ONLY,https://i0.wp.com/www.taibaoline.com/wp-content/uploads/2024/02/Remove-bg.ai_1708894035006.png?fit=675%2C1198&ssl=1,True,WOULD_REVIEW,,,
6a7b92cd0d97848094f62db1,بيمبيز 6 ميقا برومو 20+10,750,,,35200,Bimbies Lingettes Humide 84 Lingettes,14000,,0.333,0.333,0.165,False,LOW,,https://i0.wp.com/www.taibaoline.com/wp-content/uploads/2024/03/Remove-bg.ai_1710098080787.png?fit=1200%2C674&ssl=1,True,WOULD_REVIEW,,,
6a7b92cd0d97848094f62db0,بيمبيز 4 ميقا بورمو 18+9,630,,,39483,Bimbies Confort N4 7-18 KG 9 Couches,25000,18kg,0.5,0.5,0.18,False,LOW,,https://i0.wp.com/www.taibaoline.com/wp-content/uploads/2024/07/Remove-bg.ai_1720016486442.png?fit=1280%2C719&ssl=1,True,WOULD_REVIEW,,,
6a7b92cd0d97848094f62daf,بيمبيز 5 ميقا برومو 16+8,630,,,6857,Bimbies Confort N6 +16 Kg 68 Couches,197000,16kg,0.5,0.5,0.194,False,LOW,,https://i0.wp.com/www.taibaoline.com/wp-content/uploads/2023/12/image_6483441__13_-removebg-preview-min.png?fit=577%2C433&ssl=1,True,WOULD_REVIEW,,,
6a7b92cd0d97848094f62dae,فرماج لافاش كيري 8 قطع,105,,,38982,KIRI à La Créme De Lait 90 G,22000,90g,0.5,0.5,0.153,False,LOW,,https://i0.wp.com/www.taibaoline.com/wp-content/uploads/2024/06/Remove-bg.ai_1748100443372.png?fit=1280%2C962&ssl=1,True,WOULD_REVIEW,,,
6a7b92cd0d97848094f62dad,فرماج لافاش كيري,200,16 قطعة,,38982,KIRI à La Créme De Lait 90 G,22000,90g,0.5,0.5,0.107,False,LOW,,https://i0.wp.com/www.taibaoline.com/wp-content/uploads/2024/06/Remove-bg.ai_1748100443372.png?fit=1280%2C962&ssl=1,True,WOULD_REVIEW,,,
6a7b92cd0d97848094f62dac,فرماج لافاش كيري,295,24 قطعة,,38982,KIRI à La Créme De Lait 90 G,22000,90g,0.5,0.5,0.107,False,LOW,,https://i0.wp.com/www.taibaoline.com/wp-content/uploads/2024/06/Remove-bg.ai_1748100443372.png?fit=1280%2C962&ssl=1,True,WOULD_REVIEW,,,
6a7b92cd0d97848094f62dab,فرماج بيكو,215,24 قطعة,,29317,  Amir Fromage Frais Nature 100g,11500,100g,0.119,0.0,0.119,False,LOW,COMMON_ONLY,https://i0.wp.com/www.taibaoline.com/wp-content/uploads/2024/02/Amir-Fromages-Frais-Riche-en-Calcium.jpg?fit=600%2C600&ssl=1,False,WOULD_REVIEW,,,
6a7b92cd0d97848094f62da5,حليب صومام,80,0.5 ل,500ml,44819,Soummam Lait 500 ML,8000,500ml,0.164,0.0,0.164,True,LOW,DUP_SOURCE,https://i0.wp.com/www.taibaoline.com/wp-content/uploads/2025/05/Remove-bg.ai_1748419165424.png?fit=964%2C1280&ssl=1,True,WOULD_REVIEW,https://api.delivap.com/uploads/1786564880610-63b17414-0f86-4eda-86bb-7f35d77bb0d7.webp,,
6a7b92cd0d97848094f62da2,جي اولي,150,1 ل,1L,36068,Jus Ramy Milky Fraise 1L,13500,1L,0.12,0.0,0.12,True,LOW,COMMON_ONLY,https://i0.wp.com/www.taibaoline.com/wp-content/uploads/2024/03/Remove-bg.ai_1710803201416.png?fit=960%2C1200&ssl=1,True,WOULD_REVIEW,,,
6a7b92cd0d97848094f62d9e,ياغورت سيريالو,165,1 ل,1L,27305,  Yaourt Soummam Yago _ Banane 1L,13500,1L,0.175,0.0,0.175,True,LOW,COMMON_ONLY,https://i0.wp.com/www.taibaoline.com/wp-content/uploads/2024/02/Remove-bg.ai_1708274598541.png?fit=600%2C512&ssl=1,True,WOULD_REVIEW,,,
6a7b92cd0d97848094f62d9d,ياغورت ترته,165,1 ل,1L,27305,  Yaourt Soummam Yago _ Banane 1L,13500,1L,0.162,0.0,0.162,True,LOW,COMMON_ONLY+DUP_SOURCE,https://i0.wp.com/www.taibaoline.com/wp-content/uploads/2024/02/Remove-bg.ai_1708274598541.png?fit=600%2C512&ssl=1,True,WOULD_REVIEW,,,
6a7b92cd0d97848094f62d9b,ياغورت قريك شوكو,65,,,36390,MAXON  Végécao forré a la crème de noisette 90 g,0,90g,0.5,0.5,0.098,False,LOW,DUP_SOURCE,https://i0.wp.com/www.taibaoline.com/wp-content/uploads/2024/03/Remove-bg.ai_1710865281184.png?fit=768%2C768&ssl=1,True,WOULD_REVIEW,,,
6a7b92cd0d97848094f62d9a,ياغورت ياقو صغير,40,,,30867,Rama Sacs Congélation Ultra-Zip 15 Sacs Petits,15000,,0.5,0.5,0.118,False,LOW,,https://i0.wp.com/www.taibaoline.com/wp-content/uploads/2024/02/Remove-bg.ai_1709065681193.png?fit=1200%2C673&ssl=1,True,WOULD_REVIEW,,,
6a7b92cd0d97848094f62d98,ياغورت جنينة كبيرة,40,,,27469,  Yaourt Soummam J&#8217;nina bicouche _ Fruits des Bois 125 g,4000,125g,0.5,0.5,0.199,False,LOW,DUP_SOURCE,https://i0.wp.com/www.taibaoline.com/wp-content/uploads/2024/02/Remove-bg.ai_1708379932681.png?fit=600%2C406&ssl=1,True,WOULD_REVIEW,,,
6a7b92cd0d97848094f62d97,ياغورت قريك كبير,65,,,30888,Sacs Congélation Premier Choix 3K GM,9000,3kg,0.5,0.5,0.127,False,LOW,DUP_SOURCE,https://i0.wp.com/www.taibaoline.com/wp-content/uploads/2024/02/Remove-bg.ai_1708896232789.png?fit=675%2C1198&ssl=1,True,WOULD_REVIEW,,,
6a7b92cd0d97848094f62d96,ياغورت قريك طبيعي صغير,50,,,41715,Bebem Natural N2 3-6 KG (11 Pièces),23000,6kg,0.333,0.333,0.153,False,LOW,,https://i0.wp.com/www.taibaoline.com/wp-content/uploads/2025/01/Remove-bg.ai_1738074550499.png?fit=1280%2C962&ssl=1,True,WOULD_REVIEW,,,
6a7b92cd0d97848094f62d95,ياغورت قريك فاكهة,60,,,40296,Vigor Farines 8 Céréales Et Miel 4 Fruits 6 Mois 250G,54000,250g,0.5,0.5,0.123,False,LOW,,https://i0.wp.com/www.taibaoline.com/wp-content/uploads/2024/09/Remove-bg.ai_1726744929389.png?fit=963%2C1280&ssl=1,True,WOULD_REVIEW,,,
6a7b92cd0d97848094f62d94,ياغورت تيسويس,20,,,28246,Yaourt DANONE ACTIVIA 100 g,3500,100g,0.215,0.0,0.215,False,LOW,COMMON_ONLY,https://i0.wp.com/www.taibaoline.com/wp-content/uploads/2024/02/activia-nature-1.webp?fit=800%2C491&ssl=1,False,WOULD_REVIEW,,,
6a7b92cd0d97848094f62d8f,ياغورت اكتي,30,,,28094,  Yaourt Soummam ACTI 100 g,3000,100g,0.244,0.0,0.244,False,LOW,COMMON_ONLY,https://i0.wp.com/www.taibaoline.com/wp-content/uploads/2024/02/Remove-bg.ai_1708204388761.png?fit=600%2C574&ssl=1,True,WOULD_REVIEW,,,
6a7b92cd0d97848094f62d8a,ياغورت بانا كوتا,40,,,27198,  Yaourt Soummam Panna Cotta Framboise 85 g,3500,85g,0.5,0.5,0.25,False,LOW,,https://i0.wp.com/www.taibaoline.com/wp-content/uploads/2024/02/Remove-bg.ai_1708176908353.png?fit=600%2C411&ssl=1,True,WOULD_REVIEW,,,
6a7b92cd0d97848094f62d81,رامي 33سل,50,,,36004,Jus Ramy Abricot Pêche 2 L,19000,2L,0.5,0.5,0.118,False,LOW,,https://i0.wp.com/www.taibaoline.com/wp-content/uploads/2024/03/20240316_162450-removebg-preview.png?fit=500%2C500&ssl=1,True,WOULD_REVIEW,,,
6a7b92cd0d97848094f62d80,بالي النمر,90,,,46842,L’Orage Evasion Désodorisant 4en1 Bali Paradise 300 ML,22500,300ml,0.5,0.5,0.084,False,LOW,,https://i0.wp.com/www.taibaoline.com/wp-content/uploads/2025/06/Remove-bg.ai_1751232002645.png?fit=1080%2C1080&ssl=1,True,WOULD_REVIEW,,,
6a7b92cd0d97848094f62d7f,فرماج بيتزا سيسيليان,230,800 غ,800g,30096,Fromage Napoli Hyper fondant 800 g,32000,800g,0.103,0.0,0.103,True,LOW,COMMON_ONLY+DUP_SOURCE,https://i0.wp.com/www.taibaoline.com/wp-content/uploads/2024/02/Remove-bg.ai_1708795784383.png?fit=1200%2C1200&ssl=1,True,WOULD_REVIEW,,,
6a7b92cd0d97848094f62d7e,قازوز معلم,60,1 ل,1L,30998,Eau Gazeuse Slim Citron _ 1L,9000,1L,0.205,0.0,0.205,True,LOW,COMMON_ONLY,https://i0.wp.com/www.taibaoline.com/wp-content/uploads/2024/02/Removal-266.png?fit=800%2C800&ssl=1,False,WOULD_REVIEW,,,
6a7b92cd0d97848094f62d7c,فرماج نابولتالي,100,200 غ,200g,30136,200g _ شيداريل  Fromage Cheddarel,10000,200g,0.105,0.0,0.105,True,LOW,COMMON_ONLY,https://i0.wp.com/www.taibaoline.com/wp-content/uploads/2024/02/Remove-bg.ai_1708805353755.png?fit=1200%2C1200&ssl=1,True,WOULD_REVIEW,,,
6a7b92cd0d97848094f62d79,فروطوار 43سم عادي,90,,,31204,Philips ampoule stantard 60w ,7500,,0.333,0.333,0.136,False,LOW,,https://i0.wp.com/www.taibaoline.com/wp-content/uploads/2024/02/Remove-bg.ai_1708898662011.png?fit=675%2C1198&ssl=1,True,WOULD_REVIEW,,,
6a7b92cd0d97848094f62d78,فروطوار 55سم عادي,150,,,31627,Sadika frottoire 55cm,18000,,0.333,0.333,0.193,False,LOW,,https://i0.wp.com/www.taibaoline.com/wp-content/uploads/2024/02/Remove-bg.ai_1709157800600.png?fit=1200%2C674&ssl=1,True,WOULD_REVIEW,,,
6a7b92cd0d97848094f62d77,جبن اولاف,340,800 غ,800g,30096,Fromage Napoli Hyper fondant 800 g,32000,800g,0.151,0.0,0.151,True,LOW,COMMON_ONLY,https://i0.wp.com/www.taibaoline.com/wp-content/uploads/2024/02/Remove-bg.ai_1708795784383.png?fit=1200%2C1200&ssl=1,True,WOULD_REVIEW,,,
6a7b92cd0d97848094f62d76,فروطوار 40سم لام,150,,,31651,FIRLA CHIFFON MICROFIBRE &#8211; 30cm x 40cm,19000,,0.333,0.333,0.178,False,LOW,,https://i0.wp.com/www.taibaoline.com/wp-content/uploads/2024/02/Remove-bg.ai_1709228384009.png?fit=899%2C1200&ssl=1,True,WOULD_REVIEW,,,
6a7b92cd0d97848094f62d74,جبن اولاف,200,400 غ,400g,30093,Fromage Napoli Hyper fondant 400 g,18000,400g,0.151,0.0,0.151,True,LOW,COMMON_ONLY,https://i0.wp.com/www.taibaoline.com/wp-content/uploads/2024/02/Remove-bg.ai_1708795746310.png?fit=1200%2C1200&ssl=1,True,WOULD_REVIEW,,,
6a7b92cd0d97848094f62d72,رامي فروتي 20سل,30,,,36019,Jus Ramy Orange Pêche Fraise 1.25 L,13500,1.25L,0.333,0.333,0.153,False,LOW,,https://i0.wp.com/www.taibaoline.com/wp-content/uploads/2024/03/orange-peche-strw.jpg?fit=569%2C569&ssl=1,False,WOULD_REVIEW,,,
6a7b92cd0d97848094f62d70,ماء غازي بن هارون 33سل,35,,,8624,Amor Benamor Penne  (500g)  عمر بن عمر بيني,9000,500g,0.246,0.2,0.246,False,LOW,,https://i0.wp.com/www.taibaoline.com/wp-content/uploads/2024/01/Penne-Benamor-500g.jpg?fit=600%2C600&ssl=1,False,WOULD_REVIEW,,,
6a7b92cd0d97848094f62d6f,افروي ميلكي 33سل,70,,,35421,Jus Ifruit Orange Ananas 1L,12000,1L,0.333,0.333,0.185,False,LOW,,https://i0.wp.com/www.taibaoline.com/wp-content/uploads/2024/03/Remove-bg.ai_1710280651855.png?fit=800%2C1064&ssl=1,True,WOULD_REVIEW,,,
6a7b92cd0d97848094f62d6c,كانديا شوكو 20سل,60,,,36005,MOMENT Chocolat Caramel Crème 90 g,20000,90g,0.333,0.333,0.125,False,LOW,,https://i0.wp.com/www.taibaoline.com/wp-content/uploads/2024/03/Remove-bg.ai_1710535267639.png?fit=1080%2C809&ssl=1,True,WOULD_REVIEW,,,
6a7b92cd0d97848094f62d6a,رامي ميلكي كرطونة 20سل,40,,,36094,Jus Ramy Milky Grenadine 1L,12000,1L,0.5,0.5,0.275,False,LOW,DUP_SOURCE,https://i0.wp.com/www.taibaoline.com/wp-content/uploads/2024/03/20240316_161809-removebg-preview-1.png?fit=500%2C500&ssl=1,True,WOULD_REVIEW,,,
6a7b92cd0d97848094f62d64,حميس زيتون صاشي,60,100 غ,100g,47315,Dorex Beauty Soap With Natural Oils Olive 100G,8000,100g,0.333,0.333,0.113,True,LOW,,https://i0.wp.com/www.taibaoline.com/wp-content/uploads/2025/07/Remove-bg.ai_1752598797513.png?fit=1280%2C1280&ssl=1,True,WOULD_REVIEW,,,
6a7b92cd0d97848094f62d60,مرغرين التوريق صالحة,190,500 غ,500g,35479,La Parisienne Margarine De Feuilletage 500G,16500,500g,0.333,0.333,0.197,True,LOW,DUP_SOURCE,https://i0.wp.com/www.taibaoline.com/wp-content/uploads/2024/03/margarine-la-parisienne.jpg-removebg-preview-1.webp?fit=880%2C1080&ssl=1,True,WOULD_REVIEW,,,
6a7b92cd0d97848094f62d5c,رامي ميلكي بلاستيك 33سل,55,,,36094,Jus Ramy Milky Grenadine 1L,12000,1L,0.5,0.5,0.252,False,LOW,DUP_SOURCE,https://i0.wp.com/www.taibaoline.com/wp-content/uploads/2024/03/20240316_161809-removebg-preview-1.png?fit=500%2C500&ssl=1,True,WOULD_REVIEW,,,
6a7b92cd0d97848094f62d5b,تيانتي بلاستيك 33سل,70,,,30825,Glora Cuillere à Café Plastique 50 Unités,7000,,0.333,0.333,0.144,False,LOW,,https://i0.wp.com/www.taibaoline.com/wp-content/uploads/2024/02/Remove-bg.ai_1708896416261.png?fit=675%2C1198&ssl=1,True,WOULD_REVIEW,,,
6a7b92cd0d97848094f62d5a,ايزم بلاستيك 33سل,70,,,30825,Glora Cuillere à Café Plastique 50 Unités,7000,,0.333,0.333,0.161,False,LOW,,https://i0.wp.com/www.taibaoline.com/wp-content/uploads/2024/02/Remove-bg.ai_1708896416261.png?fit=675%2C1198&ssl=1,True,WOULD_REVIEW,,,
6a7b92cd0d97848094f62d58,سليم ليم كانيطة 24سل,60,,,31339,Eau Gazeuse Slim Litchi _ 1L,9000,1L,0.25,0.25,0.125,False,LOW,DUP_SOURCE,https://i0.wp.com/www.taibaoline.com/wp-content/uploads/2024/02/Removal-509.png?fit=800%2C800&ssl=1,False,WOULD_REVIEW,,,
6a7b92cd0d97848094f62d55,ماء مسعد حجم صغير 33سل,25,,,30867,Rama Sacs Congélation Ultra-Zip 15 Sacs Petits,15000,,0.4,0.4,0.171,False,LOW,DUP_SOURCE,https://i0.wp.com/www.taibaoline.com/wp-content/uploads/2024/02/Remove-bg.ai_1709065681193.png?fit=1200%2C673&ssl=1,True,WOULD_REVIEW,,,
6a7b92cd0d97848094f62d54,كوكاكولا حجم صغير 33سل,60,,,30867,Rama Sacs Congélation Ultra-Zip 15 Sacs Petits,15000,,0.5,0.5,0.159,False,LOW,,https://i0.wp.com/www.taibaoline.com/wp-content/uploads/2024/02/Remove-bg.ai_1709065681193.png?fit=1200%2C673&ssl=1,True,WOULD_REVIEW,,,
6a7b92cd0d97848094f62d52,رامي عسل 24سل,70,,,36019,Jus Ramy Orange Pêche Fraise 1.25 L,13500,1.25L,0.333,0.333,0.138,False,LOW,,https://i0.wp.com/www.taibaoline.com/wp-content/uploads/2024/03/orange-peche-strw.jpg?fit=569%2C569&ssl=1,False,WOULD_REVIEW,,,
6a7b92cd0d97848094f62d51,رامي جي كانيطة 24سل,60,,,35943,Jus Ramy Fraise Pomme Banane 1.25 L,13500,1.25L,0.333,0.333,0.131,False,LOW,,https://i0.wp.com/www.taibaoline.com/wp-content/uploads/2024/03/Remove-bg.ai_1710672169248.png?fit=1200%2C1200&ssl=1,True,WOULD_REVIEW,,,
6a7b92cd0d97848094f62d50,شوابس بلاستيك 33سل,65,,,30825,Glora Cuillere à Café Plastique 50 Unités,7000,,0.333,0.333,0.159,False,LOW,,https://i0.wp.com/www.taibaoline.com/wp-content/uploads/2024/02/Remove-bg.ai_1708896416261.png?fit=675%2C1198&ssl=1,True,WOULD_REVIEW,,,
6a7b92cd0d97848094f62d4f,فطر مقطع موندور,320,800 غ,800g,26245,MONT D&#8217;OR Cuisine et Sandwich 800G,39000,800g,0.333,0.333,0.168,True,LOW,,https://i0.wp.com/www.taibaoline.com/wp-content/uploads/2024/02/Remove-bg.ai_1708032847306.png?fit=1200%2C1200&ssl=1,True,WOULD_REVIEW,,,
6a7b92cd0d97848094f62d4b,كونفيتير سيكام فراولة,160,400 غ,400g,17319,Sicam Confiture D&#8217;Orange 400 G,12500,400g,0.333,0.333,0.179,True,LOW,,https://i0.wp.com/www.taibaoline.com/wp-content/uploads/2024/02/Remove-bg.ai_1707431831149.png?fit=675%2C1198&ssl=1,True,WOULD_REVIEW,,,
6a7b92cd0d97848094f62d43,ماء زهرة زاهية,60,,,36705,Aigle Eau De Javel 900 ML,10000,900ml,0.333,0.333,0.087,False,LOW,,https://i0.wp.com/www.taibaoline.com/wp-content/uploads/2024/03/Remove-bg.ai_1711150583046.png?fit=1200%2C1200&ssl=1,True,WOULD_REVIEW,,,
6a7b92cd0d97848094f62d42,خل احمر سيدنا,90,,,34831,الساحل &#8211; فلفل حلو 30 غ,5000,30g,0.333,0.333,0.156,False,LOW,,https://i0.wp.com/www.taibaoline.com/wp-content/uploads/2024/03/Remove-bg.ai_1710012415171-e1710022467346.png?fit=899%2C1200&ssl=1,True,WOULD_REVIEW,,,
6a7b92cd0d97848094f62d41,خل ابيض,110,,,27061,Lilas Extra Blanc Jumbo 1 Gros Rouleau,38500,,0.5,0.5,0.098,False,LOW,,https://i0.wp.com/www.taibaoline.com/wp-content/uploads/2024/02/Remove-bg.ai_1708196262273.png?fit=675%2C1198&ssl=1,True,WOULD_REVIEW,,,
6a7b92cd0d97848094f62d40,ماء ورد 33سل,80,,,36705,Aigle Eau De Javel 900 ML,10000,900ml,0.333,0.333,0.111,False,LOW,,https://i0.wp.com/www.taibaoline.com/wp-content/uploads/2024/03/Remove-bg.ai_1711150583046.png?fit=1200%2C1200&ssl=1,True,WOULD_REVIEW,,,
6a7b92cd0d97848094f62d34,مرغرين لا بل,110,250 غ,250g,19037,MARGARINE FLEURIAL 250G,12000,250g,0.333,0.333,0.235,True,LOW,,https://i0.wp.com/www.taibaoline.com/wp-content/uploads/2024/02/20230209_113828-removebg-preview.png?fit=581%2C351&ssl=1,True,WOULD_REVIEW,,,
6a7b92cd0d97848094f62d2f,حمص بنارة صغيرة,120,,,34310,1kg حمص   _  Assil Pois Chiche,43000,1kg,0.333,0.333,0.159,False,LOW,DUP_SOURCE,https://i0.wp.com/www.taibaoline.com/wp-content/uploads/2024/03/Remove-bg.ai_1709926100034.png?fit=1200%2C1200&ssl=1,True,WOULD_REVIEW,,,
6a7b92cd0d97848094f62d2a,مايونيز ستار بلاستيك,280,,,30334,Star bross pince à linge 20pcs,12000,,0.333,0.333,0.172,False,LOW,,https://i0.wp.com/www.taibaoline.com/wp-content/uploads/2024/02/Remove-bg.ai_1708894347461.png?fit=1200%2C674&ssl=1,True,WOULD_REVIEW,,,
6a7b92cd0d97848094f62d25,صابون بينقو,140,300 غ,300g,33455,ISIS Pouder Main Savon Marseille Multi-Usages 300 G,9500,300g,0.077,0.0,0.077,True,LOW,COMMON_ONLY+DUP_SOURCE,https://i0.wp.com/www.taibaoline.com/wp-content/uploads/2024/03/Remove-bg.ai_1751300897693.png?fit=960%2C1275&ssl=1,True,WOULD_REVIEW,,,
6a7b92cd0d97848094f62d24,صابون بينقو,260,750 غ,750g,33463,ISIS Pouder Main Savon Marseille Multi-Usages 750 G,22500,750g,0.073,0.0,0.073,True,LOW,COMMON_ONLY+DUP_SOURCE,https://i0.wp.com/www.taibaoline.com/wp-content/uploads/2024/03/Remove-bg.ai_1751286872539.png?fit=960%2C1275&ssl=1,True,WOULD_REVIEW,,,
6a7b92cd0d97848094f62d1f,صانيبو كلور وكسبور,150,1 ل,1L,36711,Lave Sol AMIR Pins 1L,18500,1L,0.333,0.333,0.104,True,LOW,,https://i0.wp.com/www.taibaoline.com/wp-content/uploads/2024/03/amir-clean-lave-sol-eucalyptus-563-x-563.png?fit=563%2C563&ssl=1,False,WOULD_REVIEW,,,
6a7b92cd0d97848094f62d1e,سائل اواني توبسيل,180,650 مل,650ml,27590,Aigle Liquide Vaisselle Citron 650 ML,15500,650ml,0.206,0.0,0.206,True,LOW,COMMON_ONLY+DUP_SOURCE,https://i0.wp.com/www.taibaoline.com/wp-content/uploads/2024/02/Remove-bg.ai_1708292853426.png?fit=675%2C1198&ssl=1,True,WOULD_REVIEW,,,
6a7b92cd0d97848094f62d1c,سائل اواني تست,175,650 مل,650ml,27548,Pril ISIS Liquide Vaisselle 650 ML,20000,650ml,0.186,0.0,0.186,True,LOW,COMMON_ONLY,https://i0.wp.com/www.taibaoline.com/wp-content/uploads/2024/02/IMG20251118104319-2.webp?fit=607%2C1080&ssl=1,False,WOULD_REVIEW,,,
6a7b92cd0d97848094f62d19,سائل اواني توبسيل,220,1.25 ل,1.25L,27594,Nedex Liquide Vaisselle Citron 750 ML,25000,"750ml,1.22L",0.2,0.0,0.2,True,LOW,COMMON_ONLY,https://i0.wp.com/www.taibaoline.com/wp-content/uploads/2024/02/Remove-bg.ai_1708291836705.png?fit=675%2C1198&ssl=1,True,WOULD_REVIEW,,,
6a7b92cd0d97848094f62d17,سائل اواني بريل,330,1.25 ل,1.25L,27565,"life Liquide Vaisselle Citron 1,25 L",28000,1.25L,0.217,0.0,0.217,True,LOW,COMMON_ONLY+DUP_SOURCE,https://i0.wp.com/www.taibaoline.com/wp-content/uploads/2024/02/Remove-bg.ai_1708291167925.png?fit=675%2C1198&ssl=1,True,WOULD_REVIEW,,,
6a7b92cd0d97848094f62d15,بيدون صابون ملابس توبيكس5 لتر,360,,5L,57452,Test Eau De Javel 5 L,30000,5L,0.229,0.0,0.229,True,LOW,COMMON_ONLY+DUP_SOURCE,https://i0.wp.com/www.taibaoline.com/wp-content/uploads/2025/11/IMG20251118155442.webp?fit=607%2C1080&ssl=1,False,WOULD_REVIEW,,,
6a7b92cd0d97848094f62d13,جافيل ليسر كليسن,150,2 ل,2L,36927,Life  &#8211; eau de javel 2L,19000,2L,0.333,0.333,0.207,True,LOW,DUP_SOURCE,https://i0.wp.com/www.taibaoline.com/wp-content/uploads/2024/03/Remove-bg.ai_1711154073347.png?fit=1200%2C1200&ssl=1,True,WOULD_REVIEW,,,
6a7b92cd0d97848094f62d12,طرف صاشي عادي,80,,,31208,Philips ampoule stantard 75w ,8500,,0.333,0.333,0.182,False,LOW,,https://i0.wp.com/www.taibaoline.com/wp-content/uploads/2024/02/Remove-bg.ai_1708898599249.png?fit=675%2C1198&ssl=1,True,WOULD_REVIEW,,,
6a7b92cd0d97848094f62d11,صابون طرف بدون صاشي,100,,,61651,صابون الحجرة ,9500,,0.553,0.0,0.553,False,LOW,COMMON_ONLY,https://i0.wp.com/www.taibaoline.com/wp-content/uploads/2026/02/images.jpg?fit=299%2C168&ssl=1,False,WOULD_REVIEW,,,
6a7b92cd0d97848094f62d10,جافيل تست,80,,,36704,Atack plus &#8211; javel Moussant 2L,23000,2L,0.5,0.5,0.136,False,LOW,DUP_SOURCE,https://i0.wp.com/www.taibaoline.com/wp-content/uploads/2024/03/Remove-bg.ai_1711148228566.png?fit=1200%2C1200&ssl=1,True,WOULD_REVIEW,,,
6a7b92cd0d97848094f62d0c,ملمع ومنظف المنيوم لويال,300,,,29525,Lubrox Spécial Tableaux De Bord,11000,,0.25,0.25,0.177,False,LOW,,https://i0.wp.com/www.taibaoline.com/wp-content/uploads/2024/02/Remove-bg.ai_1708468288197.png?fit=675%2C1198&ssl=1,True,WOULD_REVIEW,,,
6a7b92cd0d97848094f62d0b,صابون غسيل الملابس ايقل,220,750 غ,750g,33252,Bingo Lavage main 750g,29000,750g,0.348,0.0,0.348,True,LOW,COMMON_ONLY,https://i0.wp.com/www.taibaoline.com/wp-content/uploads/2024/03/Remove-bg.ai_1709715279538.png?fit=1200%2C675&ssl=1,True,WOULD_REVIEW,,,
6a7b92cd0d97848094f62d0a,صابون غسيل الملابس ايقل,280,1 كغ,1kg,32778,Omo poudre Lave Main et Machine 950g,26000,950g,0.267,0.0,0.267,True,LOW,COMMON_ONLY,https://i0.wp.com/www.taibaoline.com/wp-content/uploads/2024/03/Remove-bg.ai_1709638681061.png?fit=1200%2C675&ssl=1,True,WOULD_REVIEW,,,
6a7b92cd0d97848094f62d05,سائل اواني بينقو,200,650 مل,650ml,27590,Aigle Liquide Vaisselle Citron 650 ML,15500,650ml,0.208,0.0,0.208,True,LOW,COMMON_ONLY+DUP_SOURCE,https://i0.wp.com/www.taibaoline.com/wp-content/uploads/2024/02/Remove-bg.ai_1708292853426.png?fit=675%2C1198&ssl=1,True,WOULD_REVIEW,,,
6a7b92cd0d97848094f62d03,مزيل غبار فاصاح,130,,,30536,Fassah sel pour machine à vaisselle 1kg,23000,1kg,0.5,0.5,0.11,False,LOW,,https://i0.wp.com/www.taibaoline.com/wp-content/uploads/2024/02/Remove-bg.ai_1708895404721.png?fit=675%2C1198&ssl=1,True,WOULD_REVIEW,,,
6a7b92cd0d97848094f62d02,مزيل غبار بريلكس,220,,,27738,Brilex Degraissant Professionnel 950 ML,29500,950ml,0.5,0.5,0.129,False,LOW,DUP_SOURCE,https://i0.wp.com/www.taibaoline.com/wp-content/uploads/2024/02/Remove-bg.ai_1751021912827.png?fit=844%2C844&ssl=1,True,WOULD_REVIEW,,,
6a7b92cd0d97848094f62d01,منظف زجاج توب,130,,,27560,For Top Liquide Vaisselle Citron 710 ML,11000,710ml,0.5,0.5,0.073,False,LOW,DUP_SOURCE,https://i0.wp.com/www.taibaoline.com/wp-content/uploads/2024/02/Remove-bg.ai_1708292500885.png?fit=675%2C1198&ssl=1,True,WOULD_REVIEW,,,
6a7b92cd0d97848094f62d00,منظف زجاج بريلكس ابيض,180,,,27854,Brilex Polish Dépoussiérant 430 ML,23000,430ml,0.333,0.333,0.157,False,LOW,DUP_SOURCE,https://i0.wp.com/www.taibaoline.com/wp-content/uploads/2024/02/IMG20251127094335-1.webp?fit=607%2C1080&ssl=1,False,WOULD_REVIEW,,,
6a7b92cd0d97848094f62cfe,تيب مشروبات,80,,,35898,Tip Top Fromage 24 pièces,38500,,0.5,0.5,0.14,False,LOW,DUP_SOURCE,https://i0.wp.com/www.taibaoline.com/wp-content/uploads/2024/03/Remove-bg.ai_1710760324712.png?fit=1200%2C674&ssl=1,True,WOULD_REVIEW,,,
6a7b92cd0d97848094f62cfc,لانجات بيبي ماكس,100,72 قطعة,,29642,Klash Max Insecticide Volonts Citron 750 ML,29000,750ml,0.333,0.333,0.098,False,LOW,,https://i0.wp.com/www.taibaoline.com/wp-content/uploads/2024/02/Remove-bg.ai_1708471372093.png?fit=675%2C1198&ssl=1,True,WOULD_REVIEW,,,
6a7b92cd0d97848094f62cfb,لانجات بيمبيز صفراء,180,60 قطعة,,6754,Bimbies Sensitive N1 2-5 KG (12 Pièces),23000,5kg,0.333,0.333,0.14,False,LOW,,https://i0.wp.com/www.taibaoline.com/wp-content/uploads/2023/12/Remove-bg.ai_1738053353519.png?fit=1280%2C962&ssl=1,True,WOULD_REVIEW,,,
6a7b92cd0d97848094f62cfa,لانجات بيمبيز,150,84 قطعة,,39483,Bimbies Confort N4 7-18 KG 9 Couches,25000,18kg,0.5,0.5,0.115,False,LOW,,https://i0.wp.com/www.taibaoline.com/wp-content/uploads/2024/07/Remove-bg.ai_1720016486442.png?fit=1280%2C719&ssl=1,True,WOULD_REVIEW,,,
6a7b92cd0d97848094f62cf9,لانجات وفاء,120,72 قطعة,,27032,Wafa Classico Essui-Tout 4 Rouleau,24000,,0.5,0.5,0.071,False,LOW,,https://i0.wp.com/www.taibaoline.com/wp-content/uploads/2024/02/Remove-bg.ai_1708270742979.png?fit=675%2C1198&ssl=1,True,WOULD_REVIEW,,,
6a7b92cd0d97848094f62cf8,لانجات وفاء مغطى,160,80 قطعة,,32899,Mon Goùter Fourré Au Goùt Fraise Et Enrobé Au Vegecao 10 PS,14000,,0.333,0.333,0.093,False,LOW,,https://i0.wp.com/www.taibaoline.com/wp-content/uploads/2024/03/Remove-bg.ai_1709578815550.png?fit=675%2C1198&ssl=1,True,WOULD_REVIEW,,,
6a7b92cd0d97848094f62cf7,كوش هابي دراي حجم صغير رقم5,240,,,7300,Happy Dry N1 2-5 KG (25 Pièces),41000,5kg,0.333,0.333,0.222,False,LOW,,https://i0.wp.com/www.taibaoline.com/wp-content/uploads/2023/12/Remove-bg.ai_1703948828570.png?fit=345%2C312&ssl=1,True,WOULD_REVIEW,,,
6a7b92cd0d97848094f62cf6,كوش هابي دراي حجم صغير رقم4,240,,,7300,Happy Dry N1 2-5 KG (25 Pièces),41000,5kg,0.333,0.333,0.222,False,LOW,,https://i0.wp.com/www.taibaoline.com/wp-content/uploads/2023/12/Remove-bg.ai_1703948828570.png?fit=345%2C312&ssl=1,True,WOULD_REVIEW,,,
6a7b92cd0d97848094f62cf5,كوش هابي دراي حجم صغير رقم6,290,,,7300,Happy Dry N1 2-5 KG (25 Pièces),41000,5kg,0.333,0.333,0.222,False,LOW,,https://i0.wp.com/www.taibaoline.com/wp-content/uploads/2023/12/Remove-bg.ai_1703948828570.png?fit=345%2C312&ssl=1,True,WOULD_REVIEW,,,
6a7b92cd0d97848094f62ceb,ورق الالمنيوم الفرن,200,,,27792,Stic decap four 750ml,17000,750ml,0.5,0.5,0.182,False,LOW,DUP_SOURCE,https://i0.wp.com/www.taibaoline.com/wp-content/uploads/2024/02/Remove-bg.ai_1708434787033.png?fit=675%2C1198&ssl=1,True,WOULD_REVIEW,,,
6a7b92cd0d97848094f62ce6,ورق المنيوم كوتكس 5 متر,100,,,27694,Metalor longue durée pour nickel-aluminium-chrome-cuivre 250ml,43000,250ml,0.5,0.5,0.116,False,LOW,,https://i0.wp.com/www.taibaoline.com/wp-content/uploads/2024/02/Remove-bg.ai_1708292085615.png?fit=675%2C1198&ssl=1,True,WOULD_REVIEW,,,
6a7b92cd0d97848094f62ce5,غلاف شفاف وفاء 10متر,100,,,9208,Papito Film Transparent  بابيتو غلاف شفاف,43000,,0.5,0.5,0.328,False,LOW,DUP_SOURCE,https://i0.wp.com/www.taibaoline.com/wp-content/uploads/2024/01/Remove-bg.ai_1706697414212.png?fit=1200%2C523&ssl=1,True,WOULD_REVIEW,,,
6a7b92cd0d97848094f62ce4,ماء غازي افري /1ل,60,,1L,36830, Eau De Javel AMIR 1L,8500,1L,0.253,0.25,0.253,True,LOW,,https://i0.wp.com/www.taibaoline.com/wp-content/uploads/2024/03/item520881741.png?fit=600%2C600&ssl=1,False,WOULD_REVIEW,,,
6a7b92cd0d97848094f62ce3,ورق فيلو,260,,,9070,Papier Aluminium (5 متر) ورق الالمنيوم,10000,,0.255,0.0,0.255,False,LOW,COMMON_ONLY,https://i0.wp.com/www.taibaoline.com/wp-content/uploads/2024/01/Remove-bg.ai_1706445818693.png?fit=1200%2C535&ssl=1,True,WOULD_REVIEW,,,
6a7b92cd0d97848094f62ce2,جي فرويتي 30 سل,40,,,17695,La Zeina Eau Aromatisée à La Fleur D&#8217;oranger 75CL,7500,750ml,0.5,0.5,0.105,False,LOW,,https://i0.wp.com/www.taibaoline.com/wp-content/uploads/2024/02/Remove-bg.ai_1707508314251.png?fit=675%2C1198&ssl=1,True,WOULD_REVIEW,,,
6a7b92cd0d97848094f62ce1,قطايف العائلة,200,,,30284,EL Aila Dioul 10 Feuilles,11000,,0.5,0.5,0.188,False,LOW,DUP_SOURCE,https://i0.wp.com/www.taibaoline.com/wp-content/uploads/2024/02/Capture-decran-2026-01-27-154231.png?fit=971%2C1080&ssl=1,False,WOULD_REVIEW,,,
6a7b92cd0d97848094f62cda,زيت دار ضياف,780,0.5 لتر,500ml,7944,Sacosa Huile 0.5 L,16500,500ml,0.132,0.0,0.132,True,LOW,COMMON_ONLY,,False,WOULD_REVIEW,,,
6a7b92cd0d97848094f62cd8,قوفريط وافر,30,,,34629,Gusti Wafer Cake Enroubé au Cacao et Fourré au Chocolat 48G,4000,48g,0.5,0.5,0.086,False,LOW,,https://i0.wp.com/www.taibaoline.com/wp-content/uploads/2024/03/Remove-bg.ai_1709841662982.png?fit=1200%2C674&ssl=1,True,WOULD_REVIEW,,,
6a7b92cd0d97848094f62cd7,قاطو سيليبريتي /حجم صغير,60,,,30867,Rama Sacs Congélation Ultra-Zip 15 Sacs Petits,15000,,0.5,0.5,0.146,False,LOW,,https://i0.wp.com/www.taibaoline.com/wp-content/uploads/2024/02/Remove-bg.ai_1709065681193.png?fit=1200%2C673&ssl=1,True,WOULD_REVIEW,,,
6a7b92cd0d97848094f62cd6,قوفريط بروموسيون,100,,,33233,Le Roi D&#8217;Afrique Gaufrette Fourrée à La Créme Goùt Vanille 3 Ps,10000,,0.5,0.5,0.11,False,LOW,,https://i0.wp.com/www.taibaoline.com/wp-content/uploads/2024/03/Remove-bg.ai_1709579317765.png?fit=675%2C1198&ssl=1,True,WOULD_REVIEW,,,
6a7b92cd0d97848094f62cd5,قاطو سبيسيال ماجور +,50,,,38931,Mosquito Madjour Mosquito Pepellent Electric ,26000,,0.333,0.333,0.13,False,LOW,,,False,WOULD_REVIEW,,,
6a7b92cd0d97848094f62cd4,قاطو سبيسيال بيفا,55,,,33199,Bifa Special Digestive Blé Complet 186G ,6000,186g,0.333,0.333,0.088,False,LOW,,https://i0.wp.com/www.taibaoline.com/wp-content/uploads/2024/03/Remove-bg.ai_1709580166334.png?fit=675%2C1198&ssl=1,True,WOULD_REVIEW,,,
6a7b92cd0d97848094f62cd2,قاطو بينيتو حجم كبير,60,,,30888,Sacs Congélation Premier Choix 3K GM,9000,3kg,0.5,0.5,0.164,False,LOW,DUP_SOURCE,https://i0.wp.com/www.taibaoline.com/wp-content/uploads/2024/02/Remove-bg.ai_1708896232789.png?fit=675%2C1198&ssl=1,True,WOULD_REVIEW,,,
6a7b92cd0d97848094f62cd1,بسكويت القول 30دج,30,,,32396,Biscwick Biscuits Au Cacao 320G,14000,320g,0.23,0.0,0.23,False,LOW,COMMON_ONLY,https://i0.wp.com/www.taibaoline.com/wp-content/uploads/2024/03/Remove-bg.ai_1709442190991.png?fit=675%2C1198&ssl=1,True,WOULD_REVIEW,,,
6a7b92cd0d97848094f62cd0,قوفريط كروستيل,80,,,33233,Le Roi D&#8217;Afrique Gaufrette Fourrée à La Créme Goùt Vanille 3 Ps,10000,,0.5,0.5,0.121,False,LOW,,https://i0.wp.com/www.taibaoline.com/wp-content/uploads/2024/03/Remove-bg.ai_1709579317765.png?fit=675%2C1198&ssl=1,True,WOULD_REVIEW,,,
6a7b92cd0d97848094f62cce,بسكويت بيمو قاليت,120,,,33211,Bimo Biscuit Dorés Au Lait 80 G,2500,80g,0.5,0.5,0.228,False,LOW,,https://i0.wp.com/www.taibaoline.com/wp-content/uploads/2024/03/Remove-bg.ai_1709580196188.png?fit=675%2C1198&ssl=1,True,WOULD_REVIEW,,,
6a7b92cd0d97848094f62ccd,بسكويت دادي بيفا /بالمارشمالو,140,,,33841,Bifa Cakes Muffin&#8217;s Fourres Full Cacao 10 Muffin&#8217;s,13500,,0.333,0.333,0.129,False,LOW,DUP_SOURCE,https://i0.wp.com/www.taibaoline.com/wp-content/uploads/2024/03/Remove-bg.ai_1709763943134.png?fit=675%2C1198&ssl=1,True,WOULD_REVIEW,,,
6a7b92cd0d97848094f62ccc,بسكويت لوبي لوب,140,,,32465,CocoLop Biscuits à La Guimauve enrobé de Chocolat et de Noix coco 264G,13000,264g,0.5,0.5,0.073,False,LOW,,https://i0.wp.com/www.taibaoline.com/wp-content/uploads/2024/03/Remove-bg.ai_1709442402265.png?fit=673%2C1200&ssl=1,True,WOULD_REVIEW,,,
6a7b92cd0d97848094f62ccb,قاطو فاميلو بيفا,160,,,33199,Bifa Special Digestive Blé Complet 186G ,6000,186g,0.333,0.333,0.088,False,LOW,,https://i0.wp.com/www.taibaoline.com/wp-content/uploads/2024/03/Remove-bg.ai_1709580166334.png?fit=675%2C1198&ssl=1,True,WOULD_REVIEW,,,
6a7b92cd0d97848094f62cca,كوكيز بيفا,100,,,40632,Oatmeal Cookies De Flocons D&#8217;Avoine 153 G,16000,153g,0.5,0.5,0.137,False,LOW,,https://i0.wp.com/www.taibaoline.com/wp-content/uploads/2024/10/Remove-bg.ai_1729594603794.png?fit=1280%2C1127&ssl=1,True,WOULD_REVIEW,,,
6a7b92cd0d97848094f62cc8,قاطو ماكس كرام بيفا,110,,,41440,Bifa Story Chocolat Fourré à La Créme De Pistache &amp; Kunafa 115G,25000,115g,0.25,0.25,0.066,False,LOW,DUP_SOURCE,https://i0.wp.com/www.taibaoline.com/wp-content/uploads/2024/12/Remove-bg.ai_1734622563208.png?fit=964%2C1280&ssl=1,True,WOULD_REVIEW,,,
6a7b92cd0d97848094f62cc7,مون بيسكويت تيمو,110,,,31220, Moon plast nappe en plastique découpées 100cm*100cm ,12000,,0.333,0.333,0.124,False,LOW,,https://i0.wp.com/www.taibaoline.com/wp-content/uploads/2024/02/Remove-bg.ai_1708899375918.png?fit=675%2C1198&ssl=1,True,WOULD_REVIEW,,,
6a7b92cd0d97848094f62cc6,قاطو بيستو,80,,,32388,Festo Sablé à La Créme Au Chocolat 400G,15000,400g,0.5,0.5,0.094,False,LOW,,https://i0.wp.com/www.taibaoline.com/wp-content/uploads/2024/03/Remove-bg.ai_1709445140813.png?fit=675%2C1198&ssl=1,True,WOULD_REVIEW,,,
6a7b92cd0d97848094f62cc4,بيمو اشكال صغير,25,,,33882,Double Mix Mini Gaufrettes Cubiques Parfum Vanille Chocolat 170G,12000,170g,0.333,0.333,0.079,False,LOW,,https://i0.wp.com/www.taibaoline.com/wp-content/uploads/2024/03/Remove-bg.ai_1709840602311.png?fit=675%2C1198&ssl=1,True,WOULD_REVIEW,,,
6a7b92cd0d97848094f62cc3,بسكويت ZOO,60,,,32936,Biscuit Finger 6 Paquets,21000,,0.171,0.0,0.171,False,LOW,COMMON_ONLY,https://i0.wp.com/www.taibaoline.com/wp-content/uploads/2024/03/Remove-bg.ai_1709661452285.png?fit=675%2C1198&ssl=1,True,WOULD_REVIEW,,,
6a7b92cd0d97848094f62cc2,بسبوسة بيفا,35,,,41440,Bifa Story Chocolat Fourré à La Créme De Pistache &amp; Kunafa 115G,25000,115g,0.5,0.5,0.049,False,LOW,,https://i0.wp.com/www.taibaoline.com/wp-content/uploads/2024/12/Remove-bg.ai_1734622563208.png?fit=964%2C1280&ssl=1,True,WOULD_REVIEW,,,
6a7b92cd0d97848094f62cc1,كيك سناوبال,40,,,33847,Bifa Cakes Muffin&#8217;s Fourres à La Confiture De Fraise 10 Muffin&#8217;s,13500,,0.5,0.5,0.084,False,LOW,,https://i0.wp.com/www.taibaoline.com/wp-content/uploads/2024/03/Remove-bg.ai_1709763899895-1.png?fit=675%2C1198&ssl=1,True,WOULD_REVIEW,,,
6a7b92cd0d97848094f62cc0,سويس رول بريك صغير,30,,,34617,Lamina Wafers Roll Filled Créme Gout Berry 120G,9000,120g,0.25,0.25,0.158,False,LOW,,https://i0.wp.com/www.taibaoline.com/wp-content/uploads/2024/03/Remove-bg.ai_1709920471998.png?fit=675%2C1198&ssl=1,True,WOULD_REVIEW,,,
6a7b92cd0d97848094f62cbf,قاطو كول متوسط,50,,,8866, Extra Couscous Moyen 1KG,18500,1kg,0.333,0.333,0.198,False,LOW,DUP_SOURCE,https://i0.wp.com/www.taibaoline.com/wp-content/uploads/2024/01/Remove-bg.ai_1706105844091.png?fit=800%2C711&ssl=1,True,WOULD_REVIEW,,,
6a7b92cd0d97848094f62cbe,ماكسو صغير,25,,,52925,Thella Couches Confort Small 14 Pièces,81000,,0.5,0.5,0.13,False,LOW,,https://i0.wp.com/www.taibaoline.com/wp-content/uploads/2025/09/Remove-bg.ai_1757163348664.webp?fit=1064%2C1280&ssl=1,True,WOULD_REVIEW,,,
6a7b92cd0d97848094f62cbd,قاطو شرشال,25,,,34410,Cherchell Biscuit Fourrés à La Créme Gout Chocolat 35G,1500,35g,0.5,0.5,0.072,False,LOW,,https://i0.wp.com/www.taibaoline.com/wp-content/uploads/2024/03/Remove-bg.ai_1709842362900.png?fit=1200%2C674&ssl=1,True,WOULD_REVIEW,,,
6a7b92cd0d97848094f62cbc,قاطو برينو,30,,,34596,Brino Biscuit Fourée à La Créme de Cacao 98G,2500,98g,0.5,0.5,0.081,False,LOW,,https://i0.wp.com/www.taibaoline.com/wp-content/uploads/2024/03/Remove-bg.ai_1709762762074.png?fit=675%2C1198&ssl=1,True,WOULD_REVIEW,,,
6a7b92cd0d97848094f62cb9,مادلين بيجو,100,,,33809,Dulcesol Madeleine 8 Unités,10000,,0.5,0.5,0.172,False,LOW,,https://i0.wp.com/www.taibaoline.com/wp-content/uploads/2024/03/Remove-bg.ai_1709843504237.png?fit=675%2C1198&ssl=1,True,WOULD_REVIEW,,,
6a7b92cd0d97848094f62cb8,قفريط بيلا كس,50,,,18493,Bella Maria Pineapple Slices In Light Syrup 565 G,71000,565g,0.333,0.333,0.091,False,LOW,,https://i0.wp.com/www.taibaoline.com/wp-content/uploads/2024/02/Remove-bg.ai_1708256087795.png?fit=450%2C599&ssl=1,True,WOULD_REVIEW,,,
6a7b92cd0d97848094f62cb7,قاطو افنتاج,120,,,32392,Avantage Biscuits Fourés Créme De Cacao 300G,11000,300g,0.5,0.5,0.099,False,LOW,,https://i0.wp.com/www.taibaoline.com/wp-content/uploads/2024/03/Remove-bg.ai_1709443315919.png?fit=674%2C1200&ssl=1,True,WOULD_REVIEW,,,
6a7b92cd0d97848094f62cb6,دينارول ماكس بيفا,90,,,29642,Klash Max Insecticide Volonts Citron 750 ML,29000,750ml,0.333,0.333,0.139,False,LOW,,https://i0.wp.com/www.taibaoline.com/wp-content/uploads/2024/02/Remove-bg.ai_1708471372093.png?fit=675%2C1198&ssl=1,True,WOULD_REVIEW,,,
6a7b92cd0d97848094f62cb5,مادلين ساشي فانيلا,120,,,27136,Yaourt Soummam Mamzoudj Vanille 100 G,2250,100g,0.333,0.333,0.153,False,LOW,,https://i0.wp.com/www.taibaoline.com/wp-content/uploads/2024/02/Remove-bg.ai_1708204788545.png?fit=600%2C392&ssl=1,True,WOULD_REVIEW,,,
6a7b92cd0d97848094f62cb3,قوبلي شاي تيميمون,90,,,35320,Lipton &#8211; Yelloa Label Tea 50 G,30000,50g,0.333,0.333,0.133,False,LOW,,https://i0.wp.com/www.taibaoline.com/wp-content/uploads/2024/03/8720608007417.08a-74193364-png.png.ulenscale.985x985.webp?fit=984%2C985&ssl=1,False,WOULD_REVIEW,,,
6a7b92cd0d97848094f62cb2,قوبلي قهوة,80,,,7897," Café Caps Presso 5,6 G613",41000,5.6g,0.5,0.5,0.032,False,LOW,,https://i0.wp.com/www.taibaoline.com/wp-content/uploads/2024/01/Remove-bg.ai_1749544899698.png?fit=500%2C500&ssl=1,True,WOULD_REVIEW,,,
6a7b92cd0d97848094f62cb1,كوش جود كير,510,,,6809,Bimbies Couches Bébé N1 2-5 KG 40 Couches,71000,5kg,0.333,0.333,0.091,False,LOW,,https://i0.wp.com/www.taibaoline.com/wp-content/uploads/2023/12/1-78.jpg?fit=680%2C680&ssl=1,False,WOULD_REVIEW,,,
6a7b92cd0d97848094f62cb0,كوش جود كير 5/25,520,,,6809,Bimbies Couches Bébé N1 2-5 KG 40 Couches,71000,5kg,0.333,0.333,0.102,False,LOW,,https://i0.wp.com/www.taibaoline.com/wp-content/uploads/2023/12/1-78.jpg?fit=680%2C680&ssl=1,False,WOULD_REVIEW,,,
6a7b92cd0d97848094f62caf,كوش جود كير 6/25,600,,,6809,Bimbies Couches Bébé N1 2-5 KG 40 Couches,71000,5kg,0.333,0.333,0.102,False,LOW,,https://i0.wp.com/www.taibaoline.com/wp-content/uploads/2023/12/1-78.jpg?fit=680%2C680&ssl=1,False,WOULD_REVIEW,,,
6a7b92cd0d97848094f62cac,صابون غسالة توبسيل,470,2.5 لتر,2.5L,30742, Le Chat Gel Savon De Marseille 2.5 L,79000,2.5L,0.144,0.0,0.144,True,LOW,COMMON_ONLY+DUP_SOURCE,https://i0.wp.com/www.taibaoline.com/wp-content/uploads/2024/02/IMG20251120130744-2.webp?fit=607%2C1080&ssl=1,False,WOULD_REVIEW,,,
6a7b92cd0d97848094f62cab,صابون اواني lisser clean,600,5 لتر,5L,32570,Dorilflor Detergent pour savon de marseille 5L,70000,5L,0.117,0.0,0.117,True,LOW,COMMON_ONLY+DUP_SOURCE,https://i0.wp.com/www.taibaoline.com/wp-content/uploads/2024/03/Remove-bg.ai_1709545748241.png?fit=1200%2C675&ssl=1,True,WOULD_REVIEW,,,
6a7b92cd0d97848094f62ca8,هابي راحة 4 /,470,25,,27049,Vally Essui-Tout Confort 4 Rouleaux,31000,,0.5,0.5,0.154,False,LOW,,https://i0.wp.com/www.taibaoline.com/wp-content/uploads/2024/02/Remove-bg.ai_1708197063686.png?fit=675%2C1198&ssl=1,True,WOULD_REVIEW,,,
6a7b92cd0d97848094f62ca6,هابي راحة 6/25,540,,,41302,Happy Dry N2 3-6 KG 40 Couches ,79000,6kg,0.5,0.5,0.182,False,LOW,DUP_SOURCE,https://i0.wp.com/www.taibaoline.com/wp-content/uploads/2024/11/IMG20251124110911.webp?fit=1080%2C607&ssl=1,False,WOULD_REVIEW,,,
6a7b92cd0d97848094f62ca5,هابي راحة 5/25,490,,,41302,Happy Dry N2 3-6 KG 40 Couches ,79000,6kg,0.5,0.5,0.182,False,LOW,DUP_SOURCE,https://i0.wp.com/www.taibaoline.com/wp-content/uploads/2024/11/IMG20251124110911.webp?fit=1080%2C607&ssl=1,False,WOULD_REVIEW,,,
6a7b92cd0d97848094f62ca1,صابون غسالة لو شا,790,2.5 لتر,2.5L,30742, Le Chat Gel Savon De Marseille 2.5 L,79000,2.5L,0.177,0.0,0.177,True,LOW,COMMON_ONLY,https://i0.wp.com/www.taibaoline.com/wp-content/uploads/2024/02/IMG20251120130744-2.webp?fit=607%2C1080&ssl=1,False,WOULD_REVIEW,,,
6a7b92cd0d97848094f62c9f,صابون غسالة بينغو,790,2.5 لتر,2.5L,30742, Le Chat Gel Savon De Marseille 2.5 L,79000,2.5L,0.161,0.0,0.161,True,LOW,COMMON_ONLY+DUP_SOURCE,https://i0.wp.com/www.taibaoline.com/wp-content/uploads/2024/02/IMG20251120130744-2.webp?fit=607%2C1080&ssl=1,False,WOULD_REVIEW,,,
6a7b92cd0d97848094f62c9b,صابون تست علاج,240,,,16131,KARINA Hemp &#8211; Pommade pour cheveux,32000,100ml,0.5,0.5,0.086,False,LOW,,https://i0.wp.com/www.taibaoline.com/wp-content/uploads/2024/02/Remove-bg.ai_1707251064771.png?fit=1070%2C947&ssl=1,True,WOULD_REVIEW,,,
6a7b92cd0d97848094f62c9a,جال ماجيك,300,,,36704,Atack plus &#8211; javel Moussant 2L,23000,2L,0.5,0.5,0.097,False,LOW,DUP_SOURCE,https://i0.wp.com/www.taibaoline.com/wp-content/uploads/2024/03/Remove-bg.ai_1711148228566.png?fit=1200%2C1200&ssl=1,True,WOULD_REVIEW,,,
6a7b92cd0d97848094f62c98,صابون اواني lisser clean 2L,330,,2L,36927,Life  &#8211; eau de javel 2L,19000,2L,0.224,0.0,0.224,True,LOW,COMMON_ONLY+DUP_SOURCE,https://i0.wp.com/www.taibaoline.com/wp-content/uploads/2024/03/Remove-bg.ai_1711154073347.png?fit=1200%2C1200&ssl=1,True,WOULD_REVIEW,,,
6a7b92cd0d97848094f62c97,لنجات بابي ماكس برومو,160,,,35229,Ultra Baby Natural Lingettes Humide 80 Unités,10000,,0.25,0.25,0.165,False,LOW,,https://i0.wp.com/www.taibaoline.com/wp-content/uploads/2024/03/Remove-bg.ai_1710098467355.png?fit=1200%2C674&ssl=1,True,WOULD_REVIEW,,,
6a7b92cd0d97848094f62c96,لنجات بمبيز 60 برومو,250,,,27718,تاشفين &#8211; حب الجلجلان 60 غ,10000,60g,0.25,0.25,0.215,False,LOW,,https://i0.wp.com/www.taibaoline.com/wp-content/uploads/2024/02/Remove-bg.ai_1708434613562.png?fit=900%2C1198&ssl=1,True,WOULD_REVIEW,,,
6a7b92cd0d97848094f62c93,صابون غبرة تست,250,750 غ,750g,33463,ISIS Pouder Main Savon Marseille Multi-Usages 750 G,22500,750g,0.113,0.0,0.113,True,LOW,COMMON_ONLY+DUP_SOURCE,https://i0.wp.com/www.taibaoline.com/wp-content/uploads/2024/03/Remove-bg.ai_1751286872539.png?fit=960%2C1275&ssl=1,True,WOULD_REVIEW,,,
6a7b92cd0d97848094f62c92,صابون غبرة ازيس,110,300 غ,300g,33455,ISIS Pouder Main Savon Marseille Multi-Usages 300 G,9500,300g,0.108,0.0,0.108,True,LOW,COMMON_ONLY,https://i0.wp.com/www.taibaoline.com/wp-content/uploads/2024/03/Remove-bg.ai_1751300897693.png?fit=960%2C1275&ssl=1,True,WOULD_REVIEW,,,
6a7b92cd0d97848094f62c90,بسكويت قريبية بيفا,100,,,41440,Bifa Story Chocolat Fourré à La Créme De Pistache &amp; Kunafa 115G,25000,115g,0.5,0.5,0.057,False,LOW,,https://i0.wp.com/www.taibaoline.com/wp-content/uploads/2024/12/Remove-bg.ai_1734622563208.png?fit=964%2C1280&ssl=1,True,WOULD_REVIEW,,,
6a7b92cd0d97848094f62c8f,مادلين تومي,80,,,33809,Dulcesol Madeleine 8 Unités,10000,,0.5,0.5,0.172,False,LOW,,https://i0.wp.com/www.taibaoline.com/wp-content/uploads/2024/03/Remove-bg.ai_1709843504237.png?fit=675%2C1198&ssl=1,True,WOULD_REVIEW,,,
6a7b92cd0d97848094f62c8e,قاطو كول صاشي,130,,,33172,Kool Biscuit Mosaique Fourré à La Créme De Cacao 220 G,13000,220g,0.333,0.333,0.094,False,LOW,DUP_SOURCE,https://i0.wp.com/www.taibaoline.com/wp-content/uploads/2024/03/Remove-bg.ai_1709580287688.png?fit=675%2C1198&ssl=1,True,WOULD_REVIEW,,,
6a7b92cd0d97848094f62c8d,قفريط وافرز بيفا,80,,,33898,Wafers Gaufrettes Cacao Fourrées à La Créme Goùt Vanille 140G,6000,140g,0.333,0.333,0.112,False,LOW,,https://i0.wp.com/www.taibaoline.com/wp-content/uploads/2024/03/Remove-bg.ai_1709841459015.png?fit=675%2C1198&ssl=1,True,WOULD_REVIEW,,,
6a7b92cd0d97848094f62c8a,قفريط ماكسون وفر,150,,,34762,Maxon Gaufrettes Fourrés à La Créme Cacao 60g,5000,60g,0.333,0.333,0.147,False,LOW,,https://i0.wp.com/www.taibaoline.com/wp-content/uploads/2024/03/Remove-bg.ai_1709841405552-1.png?fit=675%2C1198&ssl=1,True,WOULD_REVIEW,,,
6a7b92cd0d97848094f62c86,عسل البركة الاصيل,140,125 غ,125g,40743,Buram Black Forest Honey 125 G,59000,125g,0.333,0.333,0.216,True,LOW,,https://i0.wp.com/www.taibaoline.com/wp-content/uploads/2024/10/Remove-bg.ai_1730292556144.png?fit=1234%2C892&ssl=1,True,WOULD_REVIEW,,,
6a7b92cd0d97848094f62c85,قاطو اوبتيلا,150,,,36099,Optilla Végécao Forré A La Crème De Fraise 90 G,8500,90g,0.5,0.5,0.103,False,LOW,,https://i0.wp.com/www.taibaoline.com/wp-content/uploads/2024/03/Remove-bg.ai_1710802998685.png?fit=1000%2C1000&ssl=1,True,WOULD_REVIEW,,,
6a7b92cd0d97848094f62c84,قاطو مون,150,,,64345,Moon Excellence Créme Aux Noisettes Grillées 200 G,28000,200g,0.5,0.5,0.053,False,LOW,DUP_SOURCE,https://i0.wp.com/www.taibaoline.com/wp-content/uploads/2026/08/SnapBG.ai_1785758479662.png?fit=1280%2C960&ssl=1,True,WOULD_REVIEW,,,
6a7b92cd0d97848094f62c82,حليب نوفالاك 400غ رقم1,880,,400g,17908,Tachfine Amidon De Mais 400 G,15000,400g,0.333,0.333,0.206,True,LOW,,https://i0.wp.com/www.taibaoline.com/wp-content/uploads/2024/02/Remove-bg.ai_1707425352654.png?fit=675%2C1198&ssl=1,True,WOULD_REVIEW,,,
6a7b92cd0d97848094f62c81,حليب نورسي 400غ رقم,780,2,"2L,400g",17908,Tachfine Amidon De Mais 400 G,15000,400g,0.333,0.333,0.192,True,LOW,,https://i0.wp.com/www.taibaoline.com/wp-content/uploads/2024/02/Remove-bg.ai_1707425352654.png?fit=675%2C1198&ssl=1,True,WOULD_REVIEW,,,
6a7b92cd0d97848094f62c80,حليب نورسي 400غ رقم1,770,,400g,17908,Tachfine Amidon De Mais 400 G,15000,400g,0.333,0.333,0.19,True,LOW,,https://i0.wp.com/www.taibaoline.com/wp-content/uploads/2024/02/Remove-bg.ai_1707425352654.png?fit=675%2C1198&ssl=1,True,WOULD_REVIEW,,,
6a7b92cd0d97848094f62c7f,حليب بيوميل 400غ رقم,870,2,"2L,400g",17908,Tachfine Amidon De Mais 400 G,15000,400g,0.333,0.333,0.133,True,LOW,,https://i0.wp.com/www.taibaoline.com/wp-content/uploads/2024/02/Remove-bg.ai_1707425352654.png?fit=675%2C1198&ssl=1,True,WOULD_REVIEW,,,
6a7b92cd0d97848094f62c7e,حليب بيوميل 400غ رقم1,860,,400g,17908,Tachfine Amidon De Mais 400 G,15000,400g,0.333,0.333,0.132,True,LOW,,https://i0.wp.com/www.taibaoline.com/wp-content/uploads/2024/02/Remove-bg.ai_1707425352654.png?fit=675%2C1198&ssl=1,True,WOULD_REVIEW,,,
6a7b92cd0d97848094f62c7c,نورسي كونفور 400غ رقم2,860,,400g,64495,Novalac AC Confort  400G,100000,400g,0.34,0.25,0.34,True,LOW,DUP_SOURCE,https://i0.wp.com/www.taibaoline.com/wp-content/uploads/2026/08/SnapBG.ai_1786353961934.png?fit=368%2C491&ssl=1,True,WOULD_REVIEW,,,
6a7b92cd0d97848094f62c7b,نورسي كونفور 400غ رقم,860,1,"1L,400g",64495,Novalac AC Confort  400G,100000,400g,0.343,0.25,0.343,True,LOW,,https://i0.wp.com/www.taibaoline.com/wp-content/uploads/2026/08/SnapBG.ai_1786353961934.png?fit=368%2C491&ssl=1,True,WOULD_REVIEW,,,
6a7b92cd0d97848094f62c7a,نورسي كونفور 900غ رقم,1,2,"2L,900g",17302,Cebon El Mordjene Graisse Végétale Pure 900G,42500,900g,0.25,0.25,0.126,True,LOW,DUP_SOURCE,https://i0.wp.com/www.taibaoline.com/wp-content/uploads/2024/02/Remove-bg.ai_1707430393430.png?fit=675%2C1198&ssl=1,True,WOULD_REVIEW,,,
6a7b92cd0d97848094f62c79,نورسي كونفور 900غ رقم1,1,,900g,17302,Cebon El Mordjene Graisse Végétale Pure 900G,42500,900g,0.25,0.25,0.125,True,LOW,DUP_SOURCE,https://i0.wp.com/www.taibaoline.com/wp-content/uploads/2024/02/Remove-bg.ai_1707430393430.png?fit=675%2C1198&ssl=1,True,WOULD_REVIEW,,,
6a7b92cd0d97848094f62c73,كابريز سائل,370,500 غ,500g,37239,Asle Toffee Caramel Liquide 500 G,28000,500g,0.164,0.0,0.164,True,LOW,COMMON_ONLY,https://i0.wp.com/www.taibaoline.com/wp-content/uploads/2024/03/Remove-bg.ai_1711465030879.png?fit=1200%2C674&ssl=1,True,WOULD_REVIEW,,,
6a7b92cd0d97848094f62c6d,شيكولة مون بيضة,280,200 غ,200g,64345,Moon Excellence Créme Aux Noisettes Grillées 200 G,28000,200g,0.333,0.333,0.076,True,LOW,,https://i0.wp.com/www.taibaoline.com/wp-content/uploads/2026/08/SnapBG.ai_1785758479662.png?fit=1280%2C960&ssl=1,True,WOULD_REVIEW,,,
6a7b92cd0d97848094f62c6c,شيكولة مون سوداء,270,200 غ,200g,64345,Moon Excellence Créme Aux Noisettes Grillées 200 G,28000,200g,0.333,0.333,0.089,True,LOW,,https://i0.wp.com/www.taibaoline.com/wp-content/uploads/2026/08/SnapBG.ai_1785758479662.png?fit=1280%2C960&ssl=1,True,WOULD_REVIEW,,,
6a7b92cd0d97848094f62c64,لبلامين فرونسلي france lait,470,,,33798,Maitre Vergers Pruneaux De France 500 G,95000,500g,0.333,0.333,0.173,False,LOW,,https://i0.wp.com/www.taibaoline.com/wp-content/uploads/2024/03/IMG20260213112754-removebg-preview-1.png?fit=333%2C748&ssl=1,True,WOULD_REVIEW,,,
6a7b92cd0d97848094f62c63,لبلامين Vigor,490,,,6203,Vigor Farines Céréales Miel Et Biscuits 6 Mois 250 g,50000,250g,0.5,0.5,0.07,False,LOW,,https://i0.wp.com/www.taibaoline.com/wp-content/uploads/2023/12/Farine-VIGOR-Cereales-Miel-et-Biscuits-6-mois.png?fit=327%2C331&ssl=1,False,WOULD_REVIEW,,,
6a7b92cd0d97848094f62c62,كوش كبار M,690,,,6815,Bimbies Couches Bébé N2 3-6 KG 40 Couches,78000,6kg,0.5,0.5,0.107,False,LOW,,https://i0.wp.com/www.taibaoline.com/wp-content/uploads/2023/12/IMG_9729-min.jpg?fit=1000%2C1000&ssl=1,False,WOULD_REVIEW,,,
6a7b92cd0d97848094f62c61,كوش كبار L,620,,,6815,Bimbies Couches Bébé N2 3-6 KG 40 Couches,78000,6kg,0.5,0.5,0.107,False,LOW,,https://i0.wp.com/www.taibaoline.com/wp-content/uploads/2023/12/IMG_9729-min.jpg?fit=1000%2C1000&ssl=1,False,WOULD_REVIEW,,,
6a7b92cd0d97848094f62c60,كوش بيمبو,210,15 قطعة,,6815,Bimbies Couches Bébé N2 3-6 KG 40 Couches,78000,6kg,0.5,0.5,0.108,False,LOW,,https://i0.wp.com/www.taibaoline.com/wp-content/uploads/2023/12/IMG_9729-min.jpg?fit=1000%2C1000&ssl=1,False,WOULD_REVIEW,,,
6a7b92cd0d97848094f62c5f,طراشن وفاء ملونة,80,80 قطعة,,9073, Wafa Papier Cuisson 50 Métres,70000,,0.333,0.333,0.119,False,LOW,,https://i0.wp.com/www.taibaoline.com/wp-content/uploads/2024/01/Remove-bg.ai_1754312872404.webp?fit=720%2C1275&ssl=1,True,WOULD_REVIEW,,,
6a7b92cd0d97848094f62c5d,طراشن وفاء,75,80 قطعة,,27032,Wafa Classico Essui-Tout 4 Rouleau,24000,,0.5,0.5,0.071,False,LOW,,https://i0.wp.com/www.taibaoline.com/wp-content/uploads/2024/02/Remove-bg.ai_1708270742979.png?fit=675%2C1198&ssl=1,True,WOULD_REVIEW,,,
6a7b92cd0d97848094f62c53,ماقرون سيم كود6/,60,500 غ,500g,47203,Sim Pàtes Coude Moyen 500 G,29000,500g,0.333,0.333,0.158,True,LOW,DUP_SOURCE,https://i0.wp.com/www.taibaoline.com/wp-content/uploads/2025/07/Remove-bg.ai_1751902941297.png?fit=963%2C1278&ssl=1,True,WOULD_REVIEW,,,
6a7b92cd0d97848094f62c52,شربة فارميسال سيم,60,500 غ,500g,47203,Sim Pàtes Coude Moyen 500 G,29000,500g,0.333,0.333,0.098,True,LOW,DUP_SOURCE,https://i0.wp.com/www.taibaoline.com/wp-content/uploads/2025/07/Remove-bg.ai_1751902941297.png?fit=963%2C1278&ssl=1,True,WOULD_REVIEW,,,
6a7b92cd0d97848094f62c51,شربة زريعة سيم,60,500 غ,500g,47203,Sim Pàtes Coude Moyen 500 G,29000,500g,0.333,0.333,0.101,True,LOW,DUP_SOURCE,https://i0.wp.com/www.taibaoline.com/wp-content/uploads/2025/07/Remove-bg.ai_1751902941297.png?fit=963%2C1278&ssl=1,True,WOULD_REVIEW,,,
6a7b92cd0d97848094f62c50,ماقرون سيم روسول,65,500 غ,500g,47203,Sim Pàtes Coude Moyen 500 G,29000,500g,0.333,0.333,0.139,True,LOW,DUP_SOURCE,https://i0.wp.com/www.taibaoline.com/wp-content/uploads/2025/07/Remove-bg.ai_1751902941297.png?fit=963%2C1278&ssl=1,True,WOULD_REVIEW,,,
6a7b92cd0d97848094f62c41,طعام مام متوسط,180,1 كغ,1kg,8866, Extra Couscous Moyen 1KG,18500,1kg,0.333,0.333,0.176,True,LOW,,https://i0.wp.com/www.taibaoline.com/wp-content/uploads/2024/01/Remove-bg.ai_1706105844091.png?fit=800%2C711&ssl=1,True,WOULD_REVIEW,,,
6a7b92cd0d97848094f62c3d,شاي احمد عبدس,200,100 غ,100g,18849,EL BERRAD THE VERT DE CHINE 100 G,23000,100g,0.333,0.333,0.102,True,LOW,DUP_SOURCE,https://i0.wp.com/www.taibaoline.com/wp-content/uploads/2024/02/Remove-bg.ai_1707706726372.png?fit=1200%2C899&ssl=1,True,WOULD_REVIEW,,,
6a7b92cd0d97848094f62c28,حلوة سطيف,180,,,62103, Al Amira Halawa Turc Vanille 100 G,6500,100g,0.5,0.5,0.103,False,LOW,,https://i0.wp.com/www.taibaoline.com/wp-content/uploads/2026/03/SnapBG.ai_1772708241131.png?fit=1280%2C569&ssl=1,True,WOULD_REVIEW,,,
6a7b92cd0d97848094f62c22,لانشو بلاط دجاج,440,250 غ,250g,26292,La Vache qui rit Chef _ gout poulet grillé _ 260G,27500,260g,0.333,0.333,0.114,True,LOW,,https://i0.wp.com/www.taibaoline.com/wp-content/uploads/2024/02/Remove-bg.ai_1708036084088.png?fit=1200%2C1200&ssl=1,True,WOULD_REVIEW,,,
6a7b92cd0d97848094f62c14,ثوم مرحي جواد,130,400 غ,400g,18689,Assil pois chiche moulu 400g,18000,400g,0.333,0.333,0.151,True,LOW,,https://i0.wp.com/www.taibaoline.com/wp-content/uploads/2024/02/Remove-bg.ai_1707629666749.png?fit=675%2C1198&ssl=1,True,WOULD_REVIEW,,,
6a7b92cd0d97848094f62c12,زنجبيل كبير,180,,,27606,Ours Blanc Liquide Vaisselle Citron 970 ML,14900,970ml,0.5,0.5,0.074,False,LOW,,https://i0.wp.com/www.taibaoline.com/wp-content/uploads/2024/02/Remove-bg.ai_1708291325836.png?fit=675%2C1198&ssl=1,True,WOULD_REVIEW,,,
6a7b92cd0d97848094f62c11,قهوة اروما غولد,330,250 غ,250g,7690,Café Aroma 250 G,25000,250g,0.333,0.333,0.08,True,LOW,,https://i0.wp.com/www.taibaoline.com/wp-content/uploads/2024/01/Remove-bg.ai_1704538717853.png?fit=1200%2C1200&ssl=1,True,WOULD_REVIEW,,,
6a7b92cd0d97848094f62c0f,زيت اليو,250,2 لتر,2L,6096,Afia Huile 2 L,25000,2L,0.175,0.0,0.175,True,LOW,COMMON_ONLY,https://i0.wp.com/www.taibaoline.com/wp-content/uploads/2023/12/Remove-bg.ai_1750503220337.png?fit=800%2C800&ssl=1,True,WOULD_REVIEW,,,
6a7b92cd0d97848094f62c0e,زيت اليو,125,1 لتر,1L,40101,Afia Huile 1 L,12500,1L,0.175,0.0,0.175,True,LOW,COMMON_ONLY,https://i0.wp.com/www.taibaoline.com/wp-content/uploads/2024/07/Remove-bg.ai_1750502243229.png?fit=800%2C800&ssl=1,True,WOULD_REVIEW,,,
6a7b92cd0d97848094f62c0d,زيت اليو,650,5 لتر,5L,6093,Afia Huile 5 L,63000,5L,0.175,0.0,0.175,True,LOW,COMMON_ONLY,https://i0.wp.com/www.taibaoline.com/wp-content/uploads/2023/12/Remove-bg.ai_1750502177907.png?fit=800%2C800&ssl=1,True,WOULD_REVIEW,,,
6a7b92cd0d97848094f62c09,طماطم كينغ توم,310,800 غ,800g,5981, Avril Tomate Double Concentrée 28% 800 G,31000,800g,0.333,0.333,0.145,True,LOW,DUP_SOURCE,https://i0.wp.com/www.taibaoline.com/wp-content/uploads/2023/12/avril-800g.jpg?fit=800%2C800&ssl=1,False,WOULD_REVIEW,,,
6a7b92cd0d97848094f62bfb,قهوة نيزيار,250,,,7897," Café Caps Presso 5,6 G613",41000,5.6g,0.5,0.5,0.032,False,LOW,,https://i0.wp.com/www.taibaoline.com/wp-content/uploads/2024/01/Remove-bg.ai_1749544899698.png?fit=500%2C500&ssl=1,True,WOULD_REVIEW,,,
6a7b92cd0d97848094f62bf9,حليب بريزيما,485,500 غ,500g,7865, Loya Laite 500 G,58000,500g,0.149,0.0,0.149,True,LOW,COMMON_ONLY+DUP_SOURCE,https://i0.wp.com/www.taibaoline.com/wp-content/uploads/2024/01/Remove-bg.ai_1704795521489.png?fit=1200%2C1200&ssl=1,True,WOULD_REVIEW,,,
6a7b92cd0d97848094f62bf6,حليب ميلغرو,480,500 غ,500g,7865, Loya Laite 500 G,58000,500g,0.182,0.0,0.182,True,LOW,COMMON_ONLY+DUP_SOURCE,https://i0.wp.com/www.taibaoline.com/wp-content/uploads/2024/01/Remove-bg.ai_1704795521489.png?fit=1200%2C1200&ssl=1,True,WOULD_REVIEW,,,
6a7b92cd0d97848094f62bef,طماطم كينغ توم,175,400 غ,400g,9219,Lala Salha Tomate Double Concentrée (400G),12500,400g,0.333,0.333,0.143,True,LOW,,https://i0.wp.com/www.taibaoline.com/wp-content/uploads/2024/01/Remove-bg.ai_1748251186815.png?fit=1280%2C962&ssl=1,True,WOULD_REVIEW,,,
