our_id,our_name,our_price,our_capacite,our_size,taiba_id,taiba_name,taiba_price,taiba_size,name_score,coverage,fuzzy,size_match,confidence,flag,image_url,image_transparent,action,old_image,new_image,error
6a7b92cd0d97848094f62f22,افري1 لتر,80,,1L,35386,Eau Gazeuse Ifri Ananas 1L,7500,1L,1.0,1.0,0.119,True,HIGH,,https://i0.wp.com/www.taibaoline.com/wp-content/uploads/2024/03/ifri-gazouz-ananas-boisson-gazeuse-1l-bouteille-plastique-400x400-1.jpg?fit=400%2C400&ssl=1,False,WOULD_APPLY,,,
6a7b92cd0d97848094f62e54,شاي اخضر الجمل,170,125 غ,125g,18772,KHAIMA ORIGINE CHINE 125 g,28000,125g,0.667,0.667,0.222,True,HIGH,BRAND_GAP,https://i0.wp.com/www.taibaoline.com/wp-content/uploads/2024/02/R-3.jpg?fit=600%2C600&ssl=1,False,WOULD_REVIEW,,,
6a7b92cd0d97848094f62e2a,رامي ميلكي 1لتر قرعة,120,,1L,36091,Jus Ramy Milky Pêche 1L,12000,1L,0.667,0.667,0.264,True,HIGH,BRAND_GAP,https://i0.wp.com/www.taibaoline.com/wp-content/uploads/2024/03/20240316_161740-removebg-preview.png?fit=500%2C500&ssl=1,True,WOULD_REVIEW,,,
6a7b92cd0d97848094f62e28,فانتا 1لتر برومو رمضان,80,,1L,33163,Eau Gazeuse Fanta Ananas 1L,10000,1L,1.0,1.0,0.16,True,HIGH,,https://i0.wp.com/www.taibaoline.com/wp-content/uploads/2024/03/Remove-bg.ai_1709676581810.png?fit=999%2C749&ssl=1,True,WOULD_APPLY,,,
6a7b92cd0d97848094f62c53,ماقرون سيم كود6/,60,500 غ,500g,47203,Sim Pàtes Coude Moyen 500 G,29000,500g,0.667,0.667,0.158,True,HIGH,BRAND_GAP,https://i0.wp.com/www.taibaoline.com/wp-content/uploads/2025/07/Remove-bg.ai_1751902941297.png?fit=963%2C1278&ssl=1,True,WOULD_REVIEW,,,
6a7b92cd0d97848094f62f45,تيب توب,395,32,,44401,Tip Top Fromage Au Maasdam 16 pièces,29000,,1.0,1.0,0.128,False,MEDIUM,,https://i0.wp.com/www.taibaoline.com/wp-content/uploads/2025/05/Remove-bg.ai_1748119658349.png?fit=1280%2C962&ssl=1,True,WOULD_REVIEW,,,
6a7b92cd0d97848094f62f39,خردل,160,,,64525,Lesieur Moutarde De Dijon 260 G,18000,260g,1.0,1.0,0.084,False,MEDIUM,,https://i0.wp.com/www.taibaoline.com/wp-content/uploads/2026/08/SnapBG.ai_1786371271679.png?fit=939%2C1280&ssl=1,True,WOULD_REVIEW,,,
6a7b92cd0d97848094f62f34,جي دايلي,90,1 لتر,1L,36274,Jus Rouiba Ananas 1 L,12500,1L,0.5,0.5,0.101,True,MEDIUM,BRAND_GAP,https://i0.wp.com/www.taibaoline.com/wp-content/uploads/2024/03/Remove-bg.ai_1710839049134.png?fit=1200%2C1200&ssl=1,True,WOULD_REVIEW,,,
6a7b92cd0d97848094f62f2f,مايونيز,190,,,37228,Wilco sauce mayonnaise 325G,13000,325g,1.0,1.0,0.143,False,MEDIUM,,https://i0.wp.com/www.taibaoline.com/wp-content/uploads/2024/03/Remove-bg.ai_1711463963986.png?fit=1200%2C674&ssl=1,True,WOULD_REVIEW,,,
6a7b92cd0d97848094f62f2d,فلفل احمر مرحي,60,,,35303,تينو &#8211; فلفل أحمر مسحوق 150 غ,25000,150g,1.0,1.0,0.329,False,MEDIUM,,https://i0.wp.com/www.taibaoline.com/wp-content/uploads/2024/03/Remove-bg.ai_1710011772975.png?fit=899%2C1200&ssl=1,True,WOULD_REVIEW,,,
6a7b92cd0d97848094f62f21,ماء غازي افري33,35,,,36115,"Ifri Fardeau de 6 bouteilles d&#8217;eau minérale (1,5 L)",23000,1.5L,0.667,0.667,0.079,False,MEDIUM,BRAND_GAP+DUP_SOURCE,https://i0.wp.com/www.taibaoline.com/wp-content/uploads/2024/03/FB_IMG_1710805951909.jpg?fit=508%2C505&ssl=1,False,WOULD_REVIEW,,,
6a7b92cd0d97848094f62f1f,جي رويبة,50,33,,36274,Jus Rouiba Ananas 1 L,12500,1L,1.0,1.0,0.177,False,MEDIUM,,https://i0.wp.com/www.taibaoline.com/wp-content/uploads/2024/03/Remove-bg.ai_1710839049134.png?fit=1200%2C1200&ssl=1,True,WOULD_REVIEW,,,
6a7b92cd0d97848094f62f1e,اروى كولا,100,2 لتر,2L,30937,Eau Gazeuse HAMOUD Cola _ 2L,13000,2L,0.5,0.5,0.163,True,MEDIUM,BRAND_GAP,https://i0.wp.com/www.taibaoline.com/wp-content/uploads/2024/02/Removal-186.png?fit=800%2C800&ssl=1,False,WOULD_REVIEW,,,
6a7b92cd0d97848094f62f1c,بوقلاز لتر,35,,,38960, Bouglez Fardeau de 12 bouteilles d’eau minérale 0.5L,24000,500ml,1.0,1.0,0.098,False,MEDIUM,,https://i0.wp.com/www.taibaoline.com/wp-content/uploads/2024/06/Remove-bg.ai_1717578035757.png?fit=1280%2C719&ssl=1,True,WOULD_REVIEW,,,
6a7b92cd0d97848094f62f13,بوقلاز 33 س,25,,,38960, Bouglez Fardeau de 12 bouteilles d’eau minérale 0.5L,24000,500ml,1.0,1.0,0.097,False,MEDIUM,,https://i0.wp.com/www.taibaoline.com/wp-content/uploads/2024/06/Remove-bg.ai_1717578035757.png?fit=1280%2C719&ssl=1,True,WOULD_REVIEW,,,
6a7b92cd0d97848094f62f07,تيب توب,270,16,,44401,Tip Top Fromage Au Maasdam 16 pièces,29000,,1.0,1.0,0.128,False,MEDIUM,,https://i0.wp.com/www.taibaoline.com/wp-content/uploads/2025/05/Remove-bg.ai_1748119658349.png?fit=1280%2C962&ssl=1,True,WOULD_REVIEW,,,
6a7b92cd0d97848094f62eff,قازوز معلم,100,2 ل,2L,33154,Eau Gazeuse Fanta Ananas 2L,12000,2L,0.5,0.5,0.149,True,MEDIUM,BRAND_GAP,https://i0.wp.com/www.taibaoline.com/wp-content/uploads/2024/03/Remove-bg.ai_1709676581810.png?fit=999%2C749&ssl=1,True,WOULD_REVIEW,,,
6a7b92cd0d97848094f62ef7,طعام عمر بن عمر,130,,,8721,Amor Benamor Farfalle N°1 (500g) عمر بن عمر فارفاليني رقم 1,14000,500g,0.667,0.667,0.159,False,MEDIUM,BRAND_GAP+DUP_SOURCE,https://i0.wp.com/www.taibaoline.com/wp-content/uploads/2024/01/Remove-bg.ai_1705927037839.png?fit=750%2C998&ssl=1,True,WOULD_REVIEW,,,
6a7b92cd0d97848094f62eea,علاء الدين قرعة,30,,,28049,  Soummam Fromage ALADIN Abricot 45g,2250,45g,0.667,0.667,0.165,False,MEDIUM,BRAND_GAP,https://i0.wp.com/www.taibaoline.com/wp-content/uploads/2024/02/removal.ai_aa753620-4897-4dce-8a55-1b05db3a51c5-caroussel-aladin-abricot-45gr-600-600.png?fit=570%2C440&ssl=1,False,WOULD_REVIEW,,,
6a7b92cd0d97848094f62ee3,مقرون بدون غلوتين,210,300 غ,300g,36802,Pàtes Mermoura Cheveux D&#8217;Ange 300 G,19000,300g,0.5,0.5,0.085,True,MEDIUM,BRAND_GAP,https://i0.wp.com/www.taibaoline.com/wp-content/uploads/2024/03/Remove-bg.ai_1711203321469.png?fit=1200%2C674&ssl=1,True,WOULD_REVIEW,,,
6a7b92cd0d97848094f62ee2,فرينة الكسرة بدون غلوتين,310,,,8398,Hidhab ِFarine 5 KG,185000,5kg,0.667,0.667,0.198,False,MEDIUM,BRAND_GAP,https://i0.wp.com/www.taibaoline.com/wp-content/uploads/2024/01/Remove-bg.ai_1705571378071.png?fit=540%2C1196&ssl=1,True,WOULD_REVIEW,,,
6a7b92cd0d97848094f62ee1,فرينة الدرة,210,800 غ,800g,16333,Numidiet Farine De Mais 800 G,12000,800g,0.5,0.5,0.198,True,MEDIUM,BRAND_GAP,https://i0.wp.com/www.taibaoline.com/wp-content/uploads/2024/02/Remove-bg.ai_1751710141213.png?fit=1200%2C950&ssl=1,True,WOULD_REVIEW,,,
6a7b92cd0d97848094f62edd,سندويتش,40,,,19101,SandWich Tartine et Cuisine 800G,43000,800g,1.0,1.0,0.128,False,MEDIUM,,https://i0.wp.com/www.taibaoline.com/wp-content/uploads/2024/02/Fondelice-Sandwich-Fromage-800g.png?fit=1024%2C1024&ssl=1,False,WOULD_REVIEW,,,
6a7b92cd0d97848094f62ed4,بسكويت 3قطع,120,,,34621,Bimo 4Chico Biscuit Avec Sa Tablette Ronde 80G,5000,80g,1.0,1.0,0.108,False,MEDIUM,,https://i0.wp.com/www.taibaoline.com/wp-content/uploads/2024/03/Remove-bg.ai_1709842864848.png?fit=1200%2C674&ssl=1,True,WOULD_REVIEW,,,
6a7b92cd0d97848094f62ed1,صومام شكولا,220,1 لتر,1L,43210,Soummam Lait Entier 1 Litre,14500,1L,0.5,0.5,0.174,True,MEDIUM,BRAND_GAP,https://i0.wp.com/www.taibaoline.com/wp-content/uploads/2025/04/SnapBG.ai_1745140125322.png?fit=500%2C500&ssl=1,True,WOULD_REVIEW,,,
6a7b92cd0d97848094f62eca,شربات فيتامين,65,1 لتر,1L,28063,   Soummam Laymouna Citron 1L,10000,1L,0.5,0.5,0.111,True,MEDIUM,BRAND_GAP,https://i0.wp.com/www.taibaoline.com/wp-content/uploads/2024/02/Remove-bg.ai_1750598205991.png?fit=800%2C800&ssl=1,True,WOULD_REVIEW,,,
6a7b92cd0d97848094f62ec7,فلفل مرقد,60,100 غ,100g,36808,Fawaha Piment Doux 100G,10000,100g,0.5,0.5,0.167,True,MEDIUM,BRAND_GAP,https://i0.wp.com/www.taibaoline.com/wp-content/uploads/2024/03/Remove-bg.ai_1711204205012.png?fit=1200%2C674&ssl=1,True,WOULD_REVIEW,,,
6a7b92cd0d97848094f62ec6,صومام جنينية,165,1 لتر,1L,43210,Soummam Lait Entier 1 Litre,14500,1L,0.5,0.5,0.151,True,MEDIUM,BRAND_GAP,https://i0.wp.com/www.taibaoline.com/wp-content/uploads/2025/04/SnapBG.ai_1745140125322.png?fit=500%2C500&ssl=1,True,WOULD_REVIEW,,,
6a7b92cd0d97848094f62eab,ترافل 20دج,20,,,29568,  Yaourt DANONE Trèfle Aromatisé 70g,1600,70g,1.0,1.0,0.108,False,MEDIUM,,https://i0.wp.com/www.taibaoline.com/wp-content/uploads/2024/02/Remove-bg.ai_1708714938826.png?fit=1200%2C1200&ssl=1,True,WOULD_REVIEW,,,
6a7b92cd0d97848094f62eaa,دانون يومي,25,,,29245,  Yaourt DANONE Yaoumi 95g,2500,95g,1.0,1.0,0.22,False,MEDIUM,,https://i0.wp.com/www.taibaoline.com/wp-content/uploads/2024/02/danone_yaoumi.webp?fit=800%2C491&ssl=1,False,WOULD_REVIEW,,,
6a7b92cd0d97848094f62ea6,عدس احمر ميزان,220,,,34376,Assil Lentilles Rouge 1 KG,22000,1kg,0.667,0.667,0.188,False,MEDIUM,BRAND_GAP,https://i0.wp.com/www.taibaoline.com/wp-content/uploads/2024/03/Remove-bg.ai_1709925981233.png?fit=1200%2C1200&ssl=1,True,WOULD_REVIEW,,,
6a7b92cd0d97848094f62ea2,ارز مفور عادي ميزان,140,,,34205,La Belle Riz Etuvé 1 KG,16000,1kg,0.667,0.667,0.22,False,MEDIUM,BRAND_GAP,https://i0.wp.com/www.taibaoline.com/wp-content/uploads/2024/03/Riz-La-Belle-Etuve-1kg.jpg?fit=600%2C600&ssl=1,False,WOULD_REVIEW,,,
6a7b92cd0d97848094f62ea1,ارز بسمتي ميزان,180,,,40654,Wissam Rice Basmati Brown 500 G,22000,500g,0.667,0.667,0.202,False,MEDIUM,BRAND_GAP,https://i0.wp.com/www.taibaoline.com/wp-content/uploads/2024/10/Remove-bg.ai_1729347074061.png?fit=1280%2C571&ssl=1,True,WOULD_REVIEW,,,
6a7b92cd0d97848094f62e93,شوكولاطة اومباسادور سوداء,250,70,,36088,Optilla Végécao Forré A La Crème Goût Chocolat Noir 90 G,8500,90g,0.667,0.667,0.131,False,MEDIUM,BRAND_GAP,https://i0.wp.com/www.taibaoline.com/wp-content/uploads/2024/03/Remove-bg.ai_1710535553555.png?fit=809%2C1080&ssl=1,True,WOULD_REVIEW,,,
6a7b92cd0d97848094f62e8d,لبن ساشي,100,1 لتر,1L,28115,  Raib Au Bifides Soummam 1L,14000,1L,0.5,0.5,0.047,True,MEDIUM,BRAND_GAP,https://i0.wp.com/www.taibaoline.com/wp-content/uploads/2024/02/Remove-bg.ai_1750349269379.png?fit=800%2C800&ssl=1,True,WOULD_REVIEW,,,
6a7b92cd0d97848094f62e89,جي فرويتي,160,2 لتر,2L,36547,Jus Tchina Orange 2 L,18000,2L,0.5,0.5,0.108,True,MEDIUM,BRAND_GAP,https://i0.wp.com/www.taibaoline.com/wp-content/uploads/2024/03/Remove-bg.ai_1710949667118.png?fit=300%2C369&ssl=1,True,WOULD_REVIEW,,,
6a7b92cd0d97848094f62e88,جي فرويتي,100,1 لتر,1L,36274,Jus Rouiba Ananas 1 L,12500,1L,0.5,0.5,0.15,True,MEDIUM,BRAND_GAP,https://i0.wp.com/www.taibaoline.com/wp-content/uploads/2024/03/Remove-bg.ai_1710839049134.png?fit=1200%2C1200&ssl=1,True,WOULD_REVIEW,,,
6a7b92cd0d97848094f62e84,بتي فور علبة,200,,,32830,Ouais Petit Four 12 Piéces ,20000,,0.667,0.667,0.222,False,MEDIUM,BRAND_GAP,https://i0.wp.com/www.taibaoline.com/wp-content/uploads/2024/03/Remove-bg.ai_1709457853747.png?fit=1198%2C675&ssl=1,True,WOULD_REVIEW,,,
6a7b92cd0d97848094f62e76,سميد سفينة,500,10 كغ,10kg,33635,Semoule luiza extra 10kg,40000,10kg,0.5,0.5,0.216,True,MEDIUM,BRAND_GAP,https://i0.wp.com/www.taibaoline.com/wp-content/uploads/2024/03/Remove-bg.ai_1709845584973.png?fit=1200%2C899&ssl=1,True,WOULD_REVIEW,,,
6a7b92cd0d97848094f62e51,قازوز اروى,60,1 ل,1L,33163,Eau Gazeuse Fanta Ananas 1L,10000,1L,0.5,0.5,0.159,True,MEDIUM,BRAND_GAP+DUP_SOURCE,https://i0.wp.com/www.taibaoline.com/wp-content/uploads/2024/03/Remove-bg.ai_1709676581810.png?fit=999%2C749&ssl=1,True,WOULD_REVIEW,,,
6a7b92cd0d97848094f62e50,قازوز شريعة,110,2 ل,2L,33154,Eau Gazeuse Fanta Ananas 2L,12000,2L,0.5,0.5,0.147,True,MEDIUM,BRAND_GAP,https://i0.wp.com/www.taibaoline.com/wp-content/uploads/2024/03/Remove-bg.ai_1709676581810.png?fit=999%2C749&ssl=1,True,WOULD_REVIEW,,,
6a7b92cd0d97848094f62e4d,ماء مسعد,40,1.5,1.5L,36115,"Ifri Fardeau de 6 bouteilles d&#8217;eau minérale (1,5 L)",23000,1.5L,0.5,0.5,0.083,True,MEDIUM,BRAND_GAP,https://i0.wp.com/www.taibaoline.com/wp-content/uploads/2024/03/FB_IMG_1710805951909.jpg?fit=508%2C505&ssl=1,False,WOULD_REVIEW,,,
6a7b92cd0d97848094f62e49,لوبيا,370,,,34025,1Kg لوبيا بيضاء _ Haricot Blanc,35000,1kg,1.0,1.0,0.12,False,MEDIUM,,https://i0.wp.com/www.taibaoline.com/wp-content/uploads/2024/03/haricot-blanc-copy.webp?fit=1200%2C800&ssl=1,False,WOULD_REVIEW,,,
6a7b92cd0d97848094f62e46,قازوز بدر,100,2 ل,2L,33154,Eau Gazeuse Fanta Ananas 2L,12000,2L,0.5,0.5,0.151,True,MEDIUM,BRAND_GAP,https://i0.wp.com/www.taibaoline.com/wp-content/uploads/2024/03/Remove-bg.ai_1709676581810.png?fit=999%2C749&ssl=1,True,WOULD_REVIEW,,,
6a7b92cd0d97848094f62e45,قازوز اروى,100,2 ل,2L,33154,Eau Gazeuse Fanta Ananas 2L,12000,2L,0.5,0.5,0.17,True,MEDIUM,BRAND_GAP,https://i0.wp.com/www.taibaoline.com/wp-content/uploads/2024/03/Remove-bg.ai_1709676581810.png?fit=999%2C749&ssl=1,True,WOULD_REVIEW,,,
6a7b92cd0d97848094f62e44,ماء بوقلاز,50,1.5,1.5L,36115,"Ifri Fardeau de 6 bouteilles d&#8217;eau minérale (1,5 L)",23000,1.5L,0.5,0.5,0.055,True,MEDIUM,BRAND_GAP,https://i0.wp.com/www.taibaoline.com/wp-content/uploads/2024/03/FB_IMG_1710805951909.jpg?fit=508%2C505&ssl=1,False,WOULD_REVIEW,,,
6a7b92cd0d97848094f62e34,وفاء برومو 2+1,160,,,34975,Wafa Lingettes Humide 72 Lingettes,30000,,1.0,1.0,0.125,False,MEDIUM,,https://i0.wp.com/www.taibaoline.com/wp-content/uploads/2024/03/photo_2024-03-11_09-36-12.jpg?fit=1200%2C674&ssl=1,False,WOULD_REVIEW,,,
6a7b92cd0d97848094f62e32,وفاء برومو 4+2,300,,,34975,Wafa Lingettes Humide 72 Lingettes,30000,,1.0,1.0,0.125,False,MEDIUM,,https://i0.wp.com/www.taibaoline.com/wp-content/uploads/2024/03/photo_2024-03-11_09-36-12.jpg?fit=1200%2C674&ssl=1,False,WOULD_REVIEW,,,
6a7b92cd0d97848094f62e25,شوكولاطة منى صغيرة,40,,,37351,منى فيجيكاو بالحليب 40 غ,3500,40g,0.667,0.667,0.208,False,MEDIUM,BRAND_GAP,https://i0.wp.com/www.taibaoline.com/wp-content/uploads/2024/03/Remove-bg.ai_1711757050298-e1711757126966.png?fit=1080%2C809&ssl=1,True,WOULD_REVIEW,,,
6a7b92cd0d97848094f62e03,شوكولاطة ماكسن كراميل,85,,,36390,MAXON  Végécao forré a la crème de noisette 90 g,0,90g,0.667,0.667,0.131,False,MEDIUM,BRAND_GAP,https://i0.wp.com/www.taibaoline.com/wp-content/uploads/2024/03/Remove-bg.ai_1710865281184.png?fit=768%2C768&ssl=1,True,WOULD_REVIEW,,,
6a7b92cd0d97848094f62dff,شوكولاطة سويتي كوكيز,100,,,47163,Madas Free Gaufrettes Goùt Noisette 120 G,37000,120g,0.667,0.667,0.153,False,MEDIUM,BRAND_GAP,https://i0.wp.com/www.taibaoline.com/wp-content/uploads/2025/07/Remove-bg.ai_1751885951275.png?fit=1280%2C962&ssl=1,True,WOULD_REVIEW,,,
6a7b92cd0d97848094f62dfc,شوكولاطة اوبتيلا ذوق اللوز,170,,,36212,Optilla Aux Amandes Et Lait 140 G,19500,140g,0.75,0.75,0.222,False,MEDIUM,BRAND_GAP,https://i0.wp.com/www.taibaoline.com/wp-content/uploads/2024/03/Remove-bg.ai_1710859942051.png?fit=810%2C1078&ssl=1,True,WOULD_REVIEW,,,
6a7b92cd0d97848094f62df9,شوكولاطة منى كبيرة,110,,,37351,منى فيجيكاو بالحليب 40 غ,3500,40g,0.667,0.667,0.26,False,MEDIUM,BRAND_GAP,https://i0.wp.com/www.taibaoline.com/wp-content/uploads/2024/03/Remove-bg.ai_1711757050298-e1711757126966.png?fit=1080%2C809&ssl=1,True,WOULD_REVIEW,,,
6a7b92cd0d97848094f62df3,لوز باطة,120,35 غ,35g,40889,Alawafy Amandes Grillées &amp; Salées 30 G,11000,30g,0.5,0.5,0.069,True,MEDIUM,BRAND_GAP,https://i0.wp.com/www.taibaoline.com/wp-content/uploads/2024/11/Remove-bg.ai_1730812489438.png?fit=957%2C1280&ssl=1,True,WOULD_REVIEW,,,
6a7b92cd0d97848094f62df2,كاجو باطة,130,35 غ,35g,40914,Alawafy Noix De Cajou Grillées &amp; Salées 30 G,13000,30g,0.5,0.5,0.077,True,MEDIUM,BRAND_GAP,https://i0.wp.com/www.taibaoline.com/wp-content/uploads/2024/11/Remove-bg.ai_1730812646618.png?fit=718%2C1280&ssl=1,True,WOULD_REVIEW,,,
6a7b92cd0d97848094f62df1,فستق باطة,120,35 غ,35g,40855, Pino Pistache Grillées Et Salées 35G,16000,35g,0.5,0.5,0.087,True,MEDIUM,BRAND_GAP,https://i0.wp.com/www.taibaoline.com/wp-content/uploads/2024/10/Remove-bg.ai_1730383837756.png?fit=346%2C309&ssl=1,True,WOULD_REVIEW,,,
6a7b92cd0d97848094f62de2,رشته,150,,,8270,Hidhab Pates Rechta 300 G,14000,300g,1.0,1.0,0.096,False,MEDIUM,,https://i0.wp.com/www.taibaoline.com/wp-content/uploads/2024/01/Remove-bg.ai_1751795039321.png?fit=1200%2C897&ssl=1,True,WOULD_REVIEW,,,
6a7b92cd0d97848094f62dd8,شيزي شرائح,220,150 غ,150g,37750,Viter Champignons Tranchés 140 G,14000,140g,0.5,0.5,0.14,True,MEDIUM,BRAND_GAP,https://i0.wp.com/www.taibaoline.com/wp-content/uploads/2024/04/Remove-bg.ai_1713107635839.png?fit=1280%2C719&ssl=1,True,WOULD_REVIEW,,,
6a7b92cd0d97848094f62dd2,ماء اروى 33سل,20,,,17695,La Zeina Eau Aromatisée à La Fleur D&#8217;oranger 75CL,7500,750ml,0.667,0.667,0.107,False,MEDIUM,BRAND_GAP,https://i0.wp.com/www.taibaoline.com/wp-content/uploads/2024/02/Remove-bg.ai_1707508314251.png?fit=675%2C1198&ssl=1,True,WOULD_REVIEW,,,
6a7b92cd0d97848094f62daa,فرماج سيبلي,220,24 قطعة,,19115,Siplait Fromage 24 pièces,20000,,1.0,1.0,0.143,False,MEDIUM,,https://i0.wp.com/www.taibaoline.com/wp-content/uploads/2024/02/Remove-bg.ai_1752051627088.png?fit=768%2C699&ssl=1,True,WOULD_REVIEW,,,
6a7b92cd0d97848094f62da9,فرماج سيبلي,150,16 قطعة,,19115,Siplait Fromage 24 pièces,20000,,1.0,1.0,0.143,False,MEDIUM,,https://i0.wp.com/www.taibaoline.com/wp-content/uploads/2024/02/Remove-bg.ai_1752051627088.png?fit=768%2C699&ssl=1,True,WOULD_REVIEW,,,
6a7b92cd0d97848094f62da8,فرماج سيبلي 8 قطع,85,,,26256,La Vache qui rit Fromage 8 pièces,10500,,0.667,0.667,0.172,False,MEDIUM,BRAND_GAP,https://i0.wp.com/www.taibaoline.com/wp-content/uploads/2024/02/Remove-bg.ai_1711443524523.png?fit=1200%2C674&ssl=1,True,WOULD_REVIEW,,,
6a7b92cd0d97848094f62da2,جي اولي,150,1 ل,1L,36274,Jus Rouiba Ananas 1 L,12500,1L,0.5,0.5,0.103,True,MEDIUM,BRAND_GAP,https://i0.wp.com/www.taibaoline.com/wp-content/uploads/2024/03/Remove-bg.ai_1710839049134.png?fit=1200%2C1200&ssl=1,True,WOULD_REVIEW,,,
6a7b92cd0d97848094f62d9e,ياغورت سيريالو,165,1 ل,1L,27341,  Yaourt Soummam Yago _ Mangue 1L,13500,1L,0.5,0.5,0.172,True,MEDIUM,BRAND_GAP,https://i0.wp.com/www.taibaoline.com/wp-content/uploads/2024/02/Remove-bg.ai_1708276614112.png?fit=600%2C338&ssl=1,True,WOULD_REVIEW,,,
6a7b92cd0d97848094f62d9d,ياغورت ترته,165,1 ل,1L,27341,  Yaourt Soummam Yago _ Mangue 1L,13500,1L,0.5,0.5,0.159,True,MEDIUM,BRAND_GAP,https://i0.wp.com/www.taibaoline.com/wp-content/uploads/2024/02/Remove-bg.ai_1708276614112.png?fit=600%2C338&ssl=1,True,WOULD_REVIEW,,,
6a7b92cd0d97848094f62d9a,ياغورت ياقو صغير,40,,,27388,  Yaourt Soummam Yago _ P&#8217;tit Dej Fraise 170 g,4000,170g,0.667,0.667,0.187,False,MEDIUM,BRAND_GAP,https://i0.wp.com/www.taibaoline.com/wp-content/uploads/2024/02/Remove-bg.ai_1708276387707.png?fit=600%2C529&ssl=1,True,WOULD_REVIEW,,,
6a7b92cd0d97848094f62d99,ياغورت دانات,35,,,29534,Yaourt Danone Danette Pistache 85 G,3500,85g,1.0,1.0,0.207,False,MEDIUM,,https://i0.wp.com/www.taibaoline.com/wp-content/uploads/2024/02/pot_danette_pistache.webp?fit=800%2C491&ssl=1,False,WOULD_REVIEW,,,
6a7b92cd0d97848094f62d98,ياغورت جنينة كبيرة,40,,,27469,  Yaourt Soummam J&#8217;nina bicouche _ Fruits des Bois 125 g,4000,125g,0.667,0.667,0.199,False,MEDIUM,BRAND_GAP+DUP_SOURCE,https://i0.wp.com/www.taibaoline.com/wp-content/uploads/2024/02/Remove-bg.ai_1708379932681.png?fit=600%2C406&ssl=1,True,WOULD_REVIEW,,,
6a7b92cd0d97848094f62d95,ياغورت قريك فاكهة,60,,,28219,  Yaourt DANONE Fakiha 95g,3000,95g,0.667,0.667,0.28,False,MEDIUM,BRAND_GAP+DUP_SOURCE,https://i0.wp.com/www.taibaoline.com/wp-content/uploads/2024/02/AUF_fraise.webp?fit=800%2C491&ssl=1,False,WOULD_REVIEW,,,
6a7b92cd0d97848094f62d93,ياغورت علاء الدين,25,,,28023,  Yaourt Soummam ALADIN  À boire _ Fraise 100 g,2500,100g,1.0,1.0,0.218,False,MEDIUM,,https://i0.wp.com/www.taibaoline.com/wp-content/uploads/2024/02/Remove-bg.ai_1708277232234.png?fit=600%2C497&ssl=1,True,WOULD_REVIEW,,,
6a7b92cd0d97848094f62d91,ياغورت دانون فاكهة,30,,,28219,  Yaourt DANONE Fakiha 95g,3000,95g,1.0,1.0,0.383,False,MEDIUM,,https://i0.wp.com/www.taibaoline.com/wp-content/uploads/2024/02/AUF_fraise.webp?fit=800%2C491&ssl=1,False,WOULD_REVIEW,,,
6a7b92cd0d97848094f62d90,ياغورت طبيعي,25,,,57113,Yaourt Danone Activia Muesli Miel 100 G,4000,100g,1.0,1.0,0.133,False,MEDIUM,,https://i0.wp.com/www.taibaoline.com/wp-content/uploads/2025/11/IMG20251116094634-removebg-preview-1.webp?fit=1080%2C608&ssl=1,True,WOULD_REVIEW,,,
6a7b92cd0d97848094f62d8e,ياغورت ترته,30,,,27478,  Yaourt Soummam Fraise façon tarte 1 Kg,15500,1kg,1.0,1.0,0.175,False,MEDIUM,,https://i0.wp.com/www.taibaoline.com/wp-content/uploads/2024/02/Remove-bg.ai_1708297296856.png?fit=600%2C338&ssl=1,True,WOULD_REVIEW,,,
6a7b92cd0d97848094f62d8d,ياغورت سيريالو,30,,,27492,Yaourt Soummam Céréalo 1 KG,16000,1kg,1.0,1.0,0.277,False,MEDIUM,,https://i0.wp.com/www.taibaoline.com/wp-content/uploads/2024/02/Remove-bg.ai_1708297263189.png?fit=600%2C569&ssl=1,True,WOULD_REVIEW,,,
6a7b92cd0d97848094f62d8c,ياغورت بنينة,30,,,27221,  Yaourt Soummam Bnina Banane 90 g,2750,90g,1.0,1.0,0.135,False,MEDIUM,,https://i0.wp.com/www.taibaoline.com/wp-content/uploads/2024/02/Remove-bg.ai_1708176690470.png?fit=600%2C338&ssl=1,True,WOULD_REVIEW,,,
6a7b92cd0d97848094f62d8b,ياغورت جنينة,30,,,27469,  Yaourt Soummam J&#8217;nina bicouche _ Fruits des Bois 125 g,4000,125g,1.0,1.0,0.155,False,MEDIUM,,https://i0.wp.com/www.taibaoline.com/wp-content/uploads/2024/02/Remove-bg.ai_1708379932681.png?fit=600%2C406&ssl=1,True,WOULD_REVIEW,,,
6a7b92cd0d97848094f62d8a,ياغورت بانا كوتا,40,,,29308,  Yaourt Hodna Panna Cotta Nappée de framboise 90 g,2500,90g,0.667,0.667,0.207,False,MEDIUM,BRAND_GAP,https://i0.wp.com/www.taibaoline.com/wp-content/uploads/2024/02/Remove-bg.ai_1708648312418.png?fit=1200%2C1200&ssl=1,True,WOULD_REVIEW,,,
6a7b92cd0d97848094f62d89,ياغورت فلان كراميل,30,,,29325,Yaourt Hodna Flania Flan Caramel 100 G,2500,100g,1.0,1.0,0.194,False,MEDIUM,,https://i0.wp.com/www.taibaoline.com/wp-content/uploads/2024/02/Remove-bg.ai_1708690584773.png?fit=1200%2C1200&ssl=1,True,WOULD_REVIEW,,,
6a7b92cd0d97848094f62d88,حلوى قشدية,30,,,27215,  Yaourt Soummam Crème Déssert Chocolat 100 g,2750,100g,1.0,1.0,0.15,False,MEDIUM,,https://i0.wp.com/www.taibaoline.com/wp-content/uploads/2024/02/Remove-bg.ai_1708175801189.png?fit=600%2C339&ssl=1,True,WOULD_REVIEW,,,
6a7b92cd0d97848094f62d87,ياغورت ممزوج,25,,,29606, Yaourt Hodna Brassé Pêche 90 G,2000,90g,1.0,1.0,0.235,False,MEDIUM,,https://i0.wp.com/www.taibaoline.com/wp-content/uploads/2024/02/Remove-bg.ai_1708716462257.png?fit=1200%2C1200&ssl=1,True,WOULD_REVIEW,,,
6a7b92cd0d97848094f62d85,صومام فور,25,,,27106,Yaourt Soummam Fort 100 G,2000,100g,1.0,1.0,0.207,False,MEDIUM,,https://i0.wp.com/www.taibaoline.com/wp-content/uploads/2024/02/Remove-bg.ai_1708191408093.png?fit=600%2C448&ssl=1,True,WOULD_REVIEW,,,
6a7b92cd0d97848094f62d7e,قازوز معلم,60,1 ل,1L,33163,Eau Gazeuse Fanta Ananas 1L,10000,1L,0.5,0.5,0.136,True,MEDIUM,BRAND_GAP+DUP_SOURCE,https://i0.wp.com/www.taibaoline.com/wp-content/uploads/2024/03/Remove-bg.ai_1709676581810.png?fit=999%2C749&ssl=1,True,WOULD_REVIEW,,,
6a7b92cd0d97848094f62d7c,فرماج نابولتالي,100,200 غ,200g,30136,200g _ شيداريل  Fromage Cheddarel,10000,200g,0.5,0.5,0.105,True,MEDIUM,BRAND_GAP,https://i0.wp.com/www.taibaoline.com/wp-content/uploads/2024/02/Remove-bg.ai_1708805353755.png?fit=1200%2C1200&ssl=1,True,WOULD_REVIEW,,,
6a7b92cd0d97848094f62d77,جبن اولاف,340,800 غ,800g,30096,Fromage Napoli Hyper fondant 800 g,32000,800g,0.5,0.5,0.151,True,MEDIUM,BRAND_GAP,https://i0.wp.com/www.taibaoline.com/wp-content/uploads/2024/02/Remove-bg.ai_1708795784383.png?fit=1200%2C1200&ssl=1,True,WOULD_REVIEW,,,
6a7b92cd0d97848094f62d74,جبن اولاف,200,400 غ,400g,30093,Fromage Napoli Hyper fondant 400 g,18000,400g,0.5,0.5,0.151,True,MEDIUM,BRAND_GAP,https://i0.wp.com/www.taibaoline.com/wp-content/uploads/2024/02/Remove-bg.ai_1708795746310.png?fit=1200%2C1200&ssl=1,True,WOULD_REVIEW,,,
6a7b92cd0d97848094f62d73,ديول العائلة,120,,,30284,EL Aila Dioul 10 Feuilles,11000,,1.0,1.0,0.189,False,MEDIUM,,https://i0.wp.com/www.taibaoline.com/wp-content/uploads/2024/02/Capture-decran-2026-01-27-154231.png?fit=971%2C1080&ssl=1,False,WOULD_REVIEW,,,
6a7b92cd0d97848094f62d6c,كانديا شوكو 20سل,60,,,40571,Candia Lait Sans Lactose 50CL,9000,500ml,0.667,0.667,0.195,False,MEDIUM,BRAND_GAP,https://i0.wp.com/www.taibaoline.com/wp-content/uploads/2024/10/item1615391263.jpg?fit=800%2C800&ssl=1,False,WOULD_REVIEW,,,
6a7b92cd0d97848094f62d67,خبز التورتيلا صغير 6 قطع,220,,,39411,Bread Tortilla Love 6 Paices ,20000,,0.75,0.75,0.358,False,MEDIUM,BRAND_GAP,https://i0.wp.com/www.taibaoline.com/wp-content/uploads/2024/07/Remove-bg.ai_1720002451216.png?fit=1280%2C719&ssl=1,True,WOULD_REVIEW,,,
6a7b92cd0d97848094f62d66,خبز التورتيلا كبير 10 قطع,380,,,39411,Bread Tortilla Love 6 Paices ,20000,,0.75,0.75,0.336,False,MEDIUM,BRAND_GAP,https://i0.wp.com/www.taibaoline.com/wp-content/uploads/2024/07/Remove-bg.ai_1720002451216.png?fit=1280%2C719&ssl=1,True,WOULD_REVIEW,,,
6a7b92cd0d97848094f62d62,حميس بنارة,100,180 غ,180g,41917,El Baraka Hmiss 170G,13000,170g,0.5,0.5,0.137,True,MEDIUM,BRAND_GAP,https://i0.wp.com/www.taibaoline.com/wp-content/uploads/2025/02/Remove-bg.ai_1748251209428.png?fit=1280%2C962&ssl=1,True,WOULD_REVIEW,,,
6a7b92cd0d97848094f62d5c,رامي ميلكي بلاستيك 33سل,55,,,36094,Jus Ramy Milky Grenadine 1L,12000,1L,0.667,0.667,0.252,False,MEDIUM,BRAND_GAP,https://i0.wp.com/www.taibaoline.com/wp-content/uploads/2024/03/20240316_161809-removebg-preview-1.png?fit=500%2C500&ssl=1,True,WOULD_REVIEW,,,
6a7b92cd0d97848094f62d4a,كونفيتير سيم,260,800 غ,800g,16779,SIM Tomate Double Concentrée 28% 800 G,26000,800g,0.5,0.5,0.059,True,MEDIUM,BRAND_GAP,https://i0.wp.com/www.taibaoline.com/wp-content/uploads/2024/02/Remove-bg.ai_1707318585567.png?fit=1073%2C1198&ssl=1,True,WOULD_REVIEW,,,
6a7b92cd0d97848094f62d48,كونفوتير سيكام,140,400 غ,400g,17343,Sicam Confiture D&#8217;Abricot 400G,15000,400g,0.5,0.5,0.117,True,MEDIUM,BRAND_GAP,https://i0.wp.com/www.taibaoline.com/wp-content/uploads/2024/02/Remove-bg.ai_1707431618607.png?fit=675%2C1198&ssl=1,True,WOULD_REVIEW,,,
6a7b92cd0d97848094f62d47,سكر قلاصي,135,700 غ,700g,17977,Elmordjene sucre glace extra fin 700g,13000,700g,0.5,0.5,0.101,True,MEDIUM,BRAND_GAP,https://i0.wp.com/www.taibaoline.com/wp-content/uploads/2024/02/Remove-bg.ai_1707424679547.png?fit=675%2C1198&ssl=1,True,WOULD_REVIEW,,,
6a7b92cd0d97848094f62d40,ماء ورد 33سل,80,,,17695,La Zeina Eau Aromatisée à La Fleur D&#8217;oranger 75CL,7500,750ml,0.667,0.667,0.095,False,MEDIUM,BRAND_GAP,https://i0.wp.com/www.taibaoline.com/wp-content/uploads/2024/02/Remove-bg.ai_1707508314251.png?fit=675%2C1198&ssl=1,True,WOULD_REVIEW,,,
6a7b92cd0d97848094f62d3f,كريم شونتي,200,200 غ,200g,33894,Double Mix Gaufrettes Double Créme Vanille Et Noisette 200G,11500,200g,0.5,0.5,0.088,True,MEDIUM,BRAND_GAP,https://i0.wp.com/www.taibaoline.com/wp-content/uploads/2024/03/Remove-bg.ai_1709841832085.png?fit=675%2C1198&ssl=1,True,WOULD_REVIEW,,,
6a7b92cd0d97848094f62d3e,سميد لار,120,1 كغ,1kg,37668, Safina Semoule Extra Demi-Grosse 1 KG,11000,1kg,0.5,0.5,0.101,True,MEDIUM,BRAND_GAP,https://i0.wp.com/www.taibaoline.com/wp-content/uploads/2024/04/Remove-bg.ai_1712481236620.png?fit=718%2C1280&ssl=1,True,WOULD_REVIEW,,,
6a7b92cd0d97848094f62d3d,سميد مولا,130,1 كغ,1kg,37668, Safina Semoule Extra Demi-Grosse 1 KG,11000,1kg,0.5,0.5,0.1,True,MEDIUM,BRAND_GAP,https://i0.wp.com/www.taibaoline.com/wp-content/uploads/2024/04/Remove-bg.ai_1712481236620.png?fit=718%2C1280&ssl=1,True,WOULD_REVIEW,,,
6a7b92cd0d97848094f62d35,مرغرين لابل,185,500 غ,500g,35479,La Parisienne Margarine De Feuilletage 500G,16500,500g,0.5,0.5,0.135,True,MEDIUM,BRAND_GAP,https://i0.wp.com/www.taibaoline.com/wp-content/uploads/2024/03/margarine-la-parisienne.jpg-removebg-preview-1.webp?fit=880%2C1080&ssl=1,True,WOULD_REVIEW,,,
6a7b92cd0d97848094f62d33,مرغرين ماني,185,500 غ,500g,19141,Many Margarine 500 G,17500,500g,0.5,0.5,0.293,True,MEDIUM,BRAND_GAP,https://i0.wp.com/www.taibaoline.com/wp-content/uploads/2024/02/Many-Margarines-500g.jpg?fit=600%2C600&ssl=1,False,WOULD_REVIEW,,,
6a7b92cd0d97848094f62d32,مرغرين ماني,110,250 غ,250g,19021,Dima Margarine 250 G ,9500,250g,0.5,0.5,0.182,True,MEDIUM,BRAND_GAP,https://i0.wp.com/www.taibaoline.com/wp-content/uploads/2024/02/Capture-decran-2024-02-13-a-23.21.01.png?fit=677%2C611&ssl=1,False,WOULD_REVIEW,,,
6a7b92cd0d97848094f62d2e,حمص بنارة,150,360 غ,360g,18572,Wedo pois chiches 370g,16000,370g,0.5,0.5,0.11,True,MEDIUM,BRAND_GAP,https://i0.wp.com/www.taibaoline.com/wp-content/uploads/2024/02/Remove-bg.ai_1707627873084.png?fit=675%2C1198&ssl=1,True,WOULD_REVIEW,,,
6a7b92cd0d97848094f62d2d,مايونيز موندور,280,400 غ,400g,18394,Fleurial Mayonnaise 395G,26000,395g,0.5,0.5,0.182,True,MEDIUM,BRAND_GAP,https://i0.wp.com/www.taibaoline.com/wp-content/uploads/2024/02/Remove-bg.ai_1711456983024.png?fit=1200%2C674&ssl=1,True,WOULD_REVIEW,,,
6a7b92cd0d97848094f62d00,منظف زجاج بريلكس ابيض,180,,,27861,Brilex polish dépoussiérant 500ml,0,"400ml,500ml",0.667,0.667,0.161,False,MEDIUM,BRAND_GAP+DUP_SOURCE,https://i0.wp.com/www.taibaoline.com/wp-content/uploads/2024/02/Remove-bg.ai_1708290803529.png?fit=675%2C1198&ssl=1,True,WOULD_REVIEW,,,
6a7b92cd0d97848094f62cd9,بسكويت فطور الصباح ماتينو,50,,,32537,Gouter Matin Biscuits Casse Croute 240G,6000,240g,0.75,0.75,0.206,False,MEDIUM,BRAND_GAP,https://i0.wp.com/www.taibaoline.com/wp-content/uploads/2024/03/Remove-bg.ai_1709443519567.png?fit=674%2C1200&ssl=1,True,WOULD_REVIEW,,,
6a7b92cd0d97848094f62cd3,كوكيز بيفا شوكولاطة,70,,,47163,Madas Free Gaufrettes Goùt Noisette 120 G,37000,120g,0.667,0.667,0.252,False,MEDIUM,BRAND_GAP,https://i0.wp.com/www.taibaoline.com/wp-content/uploads/2025/07/Remove-bg.ai_1751885951275.png?fit=1280%2C962&ssl=1,True,WOULD_REVIEW,,,
6a7b92cd0d97848094f62ccf,بيسكويت ماكسون قاليت,110,,,32304,Maxon Galette Biscuit au cacao 330G,12500,330g,0.667,0.667,0.198,False,MEDIUM,BRAND_GAP,https://i0.wp.com/www.taibaoline.com/wp-content/uploads/2024/03/Remove-bg.ai_1709443793737.png?fit=675%2C1198&ssl=1,True,WOULD_REVIEW,,,
6a7b92cd0d97848094f62cce,بسكويت بيمو قاليت,120,,,33185,Macao Bimo Biscuits Secs Au Cacao 250 G,11000,250g,0.667,0.667,0.148,False,MEDIUM,BRAND_GAP,https://i0.wp.com/www.taibaoline.com/wp-content/uploads/2024/03/Remove-bg.ai_1709580110270.png?fit=675%2C1198&ssl=1,True,WOULD_REVIEW,,,
6a7b92cd0d97848094f62ccc,بسكويت لوبي لوب,140,,,32465,CocoLop Biscuits à La Guimauve enrobé de Chocolat et de Noix coco 264G,13000,264g,0.667,0.667,0.073,False,MEDIUM,BRAND_GAP,https://i0.wp.com/www.taibaoline.com/wp-content/uploads/2024/03/Remove-bg.ai_1709442402265.png?fit=673%2C1200&ssl=1,True,WOULD_REVIEW,,,
6a7b92cd0d97848094f62cc9,اورو قاليت بيفا,75,,,32495,Oro Galette Céréales et Lait 270G,7500,270g,0.667,0.667,0.22,False,MEDIUM,BRAND_GAP,https://i0.wp.com/www.taibaoline.com/wp-content/uploads/2024/03/Remove-bg.ai_1709443997592.png?fit=675%2C1198&ssl=1,True,WOULD_REVIEW,,,
6a7b92cd0d97848094f62cc5,مادلين مون قوتي,150,,,32895,Palmary Mon Goùter Fourré Au Goùt Chocolat 10 PS,15000,,0.667,0.667,0.148,False,MEDIUM,BRAND_GAP,https://i0.wp.com/www.taibaoline.com/wp-content/uploads/2024/03/Remove-bg.ai_1709579032765.png?fit=675%2C1198&ssl=1,True,WOULD_REVIEW,,,
6a7b92cd0d97848094f62cba,فطور الصباح بيمو,100,,,32500,Start Petit déjeuner Galette Céréales et Lait 250G,9000,250g,0.667,0.667,0.169,False,MEDIUM,BRAND_GAP,https://i0.wp.com/www.taibaoline.com/wp-content/uploads/2024/03/Remove-bg.ai_1709442782566.png?fit=675%2C1198&ssl=1,True,WOULD_REVIEW,,,
6a7b92cd0d97848094f62c90,بسكويت قريبية بيفا,100,,,32951,Bifa Petit Beurre Biscuits Au Lait 5 Paquets,19000,,0.667,0.667,0.151,False,MEDIUM,BRAND_GAP,https://i0.wp.com/www.taibaoline.com/wp-content/uploads/2024/03/Remove-bg.ai_1709579392517.png?fit=675%2C1198&ssl=1,True,WOULD_REVIEW,,,
6a7b92cd0d97848094f62c8b,دوبل ميكس صاشي,120,,,33894,Double Mix Gaufrettes Double Créme Vanille Et Noisette 200G,11500,200g,0.667,0.667,0.13,False,MEDIUM,BRAND_GAP+DUP_SOURCE,https://i0.wp.com/www.taibaoline.com/wp-content/uploads/2024/03/Remove-bg.ai_1709841832085.png?fit=675%2C1198&ssl=1,True,WOULD_REVIEW,,,
6a7b92cd0d97848094f62c89,قفريط دوبل ميكس بيمو,120,,,33894,Double Mix Gaufrettes Double Créme Vanille Et Noisette 200G,11500,200g,0.75,0.75,0.147,False,MEDIUM,BRAND_GAP+DUP_SOURCE,https://i0.wp.com/www.taibaoline.com/wp-content/uploads/2024/03/Remove-bg.ai_1709841832085.png?fit=675%2C1198&ssl=1,True,WOULD_REVIEW,,,
6a7b92cd0d97848094f62c88,بسكويت بودوار,130,,,33436,Chafia Boudoirs Biscuits Saveur Vanille 170 G,9500,170g,1.0,1.0,0.11,False,MEDIUM,,https://i0.wp.com/www.taibaoline.com/wp-content/uploads/2024/03/Remove-bg.ai_1709763357980.png?fit=1200%2C674&ssl=1,True,WOULD_REVIEW,,,
6a7b92cd0d97848094f62c87,كنافة محمصة,200,250 غ,250g,18039,Hani kunafa grillée 250g,18000,250g,0.5,0.5,0.159,True,MEDIUM,BRAND_GAP,https://i0.wp.com/www.taibaoline.com/wp-content/uploads/2024/02/Remove-bg.ai_1707430801308.png?fit=675%2C1198&ssl=1,True,WOULD_REVIEW,,,
6a7b92cd0d97848094f62c7d,حليب صحة 400غ رقم,760,1,"1L,400g",6255,حليب أوبي 1 لتر,12500,1L,0.485,0.333,0.485,True,MEDIUM,BRAND_GAP,https://i0.wp.com/www.taibaoline.com/wp-content/uploads/2023/12/leche-obei-1l-1.jpg?fit=800%2C800&ssl=1,False,WOULD_REVIEW,,,
6a7b92cd0d97848094f62c75,شيكولة اوبتيلا,440,700 غ,700g,16313,Optilla Pate A Tartiner Aux Noisettes 700 G,43000,700g,0.5,0.5,0.116,True,MEDIUM,BRAND_GAP,https://i0.wp.com/www.taibaoline.com/wp-content/uploads/2024/02/Remove-bg.ai_1755507592648.webp?fit=768%2C866&ssl=1,True,WOULD_REVIEW,,,
6a7b92cd0d97848094f62c74,شيكولة تويسكو,260,300 غ,300g,7869,Twisco Chocolat En Poudre 300 G,22000,300g,0.5,0.5,0.125,True,MEDIUM,BRAND_GAP,https://i0.wp.com/www.taibaoline.com/wp-content/uploads/2024/01/Remove-bg.ai_1704805039563.png?fit=900%2C1198&ssl=1,True,WOULD_REVIEW,,,
6a7b92cd0d97848094f62c73,كابريز سائل,370,500 غ,500g,37239,Asle Toffee Caramel Liquide 500 G,28000,500g,0.5,0.5,0.164,True,MEDIUM,BRAND_GAP,https://i0.wp.com/www.taibaoline.com/wp-content/uploads/2024/03/Remove-bg.ai_1711465030879.png?fit=1200%2C674&ssl=1,True,WOULD_REVIEW,,,
6a7b92cd0d97848094f62c71,شيكولة اوبتيلا,240,350 غ,350g,16319,Optilla Pate A Tartiner Aux Noisettes 350 G,24000,350g,0.5,0.5,0.116,True,MEDIUM,BRAND_GAP,https://i0.wp.com/www.taibaoline.com/wp-content/uploads/2024/02/Remove-bg.ai_1755507654328.webp?fit=768%2C950&ssl=1,True,WOULD_REVIEW,,,
6a7b92cd0d97848094f62c70,شيكولة اوبتيلا,150,200 غ,200g,16324,Optilla Pate A Tartiner Aux Noisettes 200G,15000,200g,0.5,0.5,0.118,True,MEDIUM,BRAND_GAP,https://i0.wp.com/www.taibaoline.com/wp-content/uploads/2024/02/Remove-bg.ai_1755506865008.webp?fit=1000%2C1000&ssl=1,True,WOULD_REVIEW,,,
6a7b92cd0d97848094f62c6f,كراميل توفيا,250,400 غ,400g,37231,Toffia Caramel 400G,23000,400g,0.5,0.5,0.164,True,MEDIUM,BRAND_GAP,https://i0.wp.com/www.taibaoline.com/wp-content/uploads/2024/03/Remove-bg.ai_1711464845300.png?fit=1200%2C674&ssl=1,True,WOULD_REVIEW,,,
6a7b92cd0d97848094f62c5c,ارز تايلندي,170,1 كغ,1kg,40650,Wissam Rice Basmati Brown 1KG,37500,1kg,0.5,0.5,0.16,True,MEDIUM,BRAND_GAP,https://i0.wp.com/www.taibaoline.com/wp-content/uploads/2024/10/Remove-bg.ai_1729612411005.png?fit=720%2C720&ssl=1,True,WOULD_REVIEW,,,
6a7b92cd0d97848094f62c57,عدس نون,125,1 كغ,1kg,34000,1Kg عدس ريشلي رقيق Lentilles Richli,22000,1kg,0.5,0.5,0.088,True,MEDIUM,BRAND_GAP,https://i0.wp.com/www.taibaoline.com/wp-content/uploads/2024/03/v4-460px-Make-Lentils-Step-1.jpg.webp?fit=460%2C307&ssl=1,False,WOULD_REVIEW,,,
6a7b92cd0d97848094f62c56,لوبيا كاردينال,380,1 كغ,1kg,34025,1Kg لوبيا بيضاء _ Haricot Blanc,35000,1kg,0.5,0.5,0.217,True,MEDIUM,BRAND_GAP,https://i0.wp.com/www.taibaoline.com/wp-content/uploads/2024/03/haricot-blanc-copy.webp?fit=1200%2C800&ssl=1,False,WOULD_REVIEW,,,
6a7b92cd0d97848094f62c55,حمص ثيكا 10 --,350,1 كغ,1kg,34310,1kg حمص   _  Assil Pois Chiche,43000,1kg,0.5,0.5,0.161,True,MEDIUM,BRAND_GAP,https://i0.wp.com/www.taibaoline.com/wp-content/uploads/2024/03/Remove-bg.ai_1709926100034.png?fit=1200%2C1200&ssl=1,True,WOULD_REVIEW,,,
6a7b92cd0d97848094f62c4e,تليتلي سباو,60,500 غ,500g,8639,Albaraka Tlitli (500g) البركة تليتلي,8000,500g,0.5,0.5,0.292,True,MEDIUM,BRAND_GAP,https://i0.wp.com/www.taibaoline.com/wp-content/uploads/2024/01/el-baraka-tlitli-500g-2.jpg?fit=634%2C701&ssl=1,False,WOULD_REVIEW,,,
6a7b92cd0d97848094f62c4a,شخشوخة سنوبر,140,900 غ,900g,8845,Chakhchoukha Cirta 900 G,19000,900g,0.5,0.5,0.214,True,MEDIUM,BRAND_GAP,https://i0.wp.com/www.taibaoline.com/wp-content/uploads/2024/01/Remove-bg.ai_1706095757194.png?fit=766%2C1198&ssl=1,True,WOULD_REVIEW,,,
6a7b92cd0d97848094f62c43,طعام سيم,140,1 كغ,1kg,8925,Sim Couscous Moyen 1KG,15000,1kg,0.5,0.5,0.104,True,MEDIUM,BRAND_GAP,https://i0.wp.com/www.taibaoline.com/wp-content/uploads/2024/01/SnapBG.ai_1786008485179.png?fit=1280%2C1280&ssl=1,True,WOULD_REVIEW,,,
6a7b92cd0d97848094f62c42,دهان المرجان,430,900 غ,900g,17302,Cebon El Mordjene Graisse Végétale Pure 900G,42500,900g,0.5,0.5,0.108,True,MEDIUM,BRAND_GAP,https://i0.wp.com/www.taibaoline.com/wp-content/uploads/2024/02/Remove-bg.ai_1707430393430.png?fit=675%2C1198&ssl=1,True,WOULD_REVIEW,,,
6a7b92cd0d97848094f62c40,طعام البركة,180,1 كغ,1kg,8916,Albaraka Couscous Fin (1Kg),16500,1kg,0.5,0.5,0.156,True,MEDIUM,BRAND_GAP,https://i0.wp.com/www.taibaoline.com/wp-content/uploads/2024/01/Remove-bg.ai_1706174277261.png?fit=720%2C958&ssl=1,True,WOULD_REVIEW,,,
6a7b92cd0d97848094f62c3f,طعام سفينة,170,1 كغ,1kg,17460,Safina Farine 1KG,8500,1kg,0.5,0.5,0.185,True,MEDIUM,BRAND_GAP,https://i0.wp.com/www.taibaoline.com/wp-content/uploads/2024/02/Remove-bg.ai_1707430867706.png?fit=675%2C1198&ssl=1,True,WOULD_REVIEW,,,
6a7b92cd0d97848094f62c3e,طعام كنزة,140,1 كغ,1kg,17472,Kanza Farine 1KG,7500,1kg,0.5,0.5,0.164,True,MEDIUM,BRAND_GAP,https://i0.wp.com/www.taibaoline.com/wp-content/uploads/2024/02/Remove-bg.ai_1707430910264.png?fit=675%2C1198&ssl=1,True,WOULD_REVIEW,,,
6a7b92cd0d97848094f62c3c,شاي سهم,210,100 غ,100g,18849,EL BERRAD THE VERT DE CHINE 100 G,23000,100g,0.5,0.5,0.071,True,MEDIUM,BRAND_GAP,https://i0.wp.com/www.taibaoline.com/wp-content/uploads/2024/02/Remove-bg.ai_1707706726372.png?fit=1200%2C899&ssl=1,True,WOULD_REVIEW,,,
6a7b92cd0d97848094f62c3b,شاي كمية,270,100 غ,100g,18849,EL BERRAD THE VERT DE CHINE 100 G,23000,100g,0.5,0.5,0.088,True,MEDIUM,BRAND_GAP,https://i0.wp.com/www.taibaoline.com/wp-content/uploads/2024/02/Remove-bg.ai_1707706726372.png?fit=1200%2C899&ssl=1,True,WOULD_REVIEW,,,
6a7b92cd0d97848094f62c2f,شربة زريعة عمر بن عمر,70,500 غ,500g,8721,Amor Benamor Farfalle N°1 (500g) عمر بن عمر فارفاليني رقم 1,14000,500g,0.5,0.5,0.167,True,MEDIUM,BRAND_GAP,https://i0.wp.com/www.taibaoline.com/wp-content/uploads/2024/01/Remove-bg.ai_1705927037839.png?fit=750%2C998&ssl=1,True,WOULD_REVIEW,,,
6a7b92cd0d97848094f62c2d,ماقرون عمر بن عمر كود 6,70,500 غ,500g,8721,Amor Benamor Farfalle N°1 (500g) عمر بن عمر فارفاليني رقم 1,14000,500g,0.5,0.5,0.178,True,MEDIUM,BRAND_GAP,https://i0.wp.com/www.taibaoline.com/wp-content/uploads/2024/01/Remove-bg.ai_1705927037839.png?fit=750%2C998&ssl=1,True,WOULD_REVIEW,,,
6a7b92cd0d97848094f62c2b,سباغيتي سيم,70,500 غ,500g,47203,Sim Pàtes Coude Moyen 500 G,29000,500g,0.5,0.5,0.083,True,MEDIUM,BRAND_GAP+DUP_SOURCE,https://i0.wp.com/www.taibaoline.com/wp-content/uploads/2025/07/Remove-bg.ai_1751902941297.png?fit=963%2C1278&ssl=1,True,WOULD_REVIEW,,,
6a7b92cd0d97848094f62c2a,سباغيتي اغروديف,65,500 غ,500g,46690,Mama Spaghetti 500G,9000,500g,0.5,0.5,0.234,True,MEDIUM,BRAND_GAP,https://i0.wp.com/www.taibaoline.com/wp-content/uploads/2025/06/Remove-bg.ai_1751144571229.png?fit=400%2C400&ssl=1,True,WOULD_REVIEW,,,
6a7b92cd0d97848094f62c25,طون عافية,100,65 غ,65g,40079,Afia Thon à L&#8217;Huile 65G x3,29000,65g,0.5,0.5,0.162,True,MEDIUM,BRAND_GAP,https://i0.wp.com/www.taibaoline.com/wp-content/uploads/2024/07/Remove-bg.ai_1721917951862.png?fit=1280%2C719&ssl=1,True,WOULD_REVIEW,,,
6a7b92cd0d97848094f62c17,حمص ويدو,160,370 غ,370g,18572,Wedo pois chiches 370g,16000,370g,0.5,0.5,0.111,True,MEDIUM,BRAND_GAP,https://i0.wp.com/www.taibaoline.com/wp-content/uploads/2024/02/Remove-bg.ai_1707627873084.png?fit=675%2C1198&ssl=1,True,WOULD_REVIEW,,,
6a7b92cd0d97848094f62c16,حمص ويدو,210,580 غ,580g,37785,Wedo Petits Pois 580G,14500,580g,0.5,0.5,0.137,True,MEDIUM,BRAND_GAP,https://i0.wp.com/www.taibaoline.com/wp-content/uploads/2024/04/Remove-bg.ai_1713170629893.webp?fit=1280%2C719&ssl=1,True,WOULD_REVIEW,,,
6a7b92cd0d97848094f62c13,زعتر كبير,180,,,18931,KABIR THYM NATUREL 37.5g,17000,37.5g,1.0,1.0,0.168,False,MEDIUM,,https://i0.wp.com/www.taibaoline.com/wp-content/uploads/2024/02/Remove-bg.ai_1707773337886.png?fit=1200%2C899&ssl=1,True,WOULD_REVIEW,,,
6a7b92cd0d97848094f62c0f,زيت اليو,250,2 لتر,2L,37198,Elio Huile 2 L,25000,2L,0.5,0.5,0.169,True,MEDIUM,BRAND_GAP,https://i0.wp.com/www.taibaoline.com/wp-content/uploads/2024/03/Remove-bg.ai_1711444979716.png?fit=675%2C1198&ssl=1,True,WOULD_REVIEW,,,
6a7b92cd0d97848094f62c0e,زيت اليو,125,1 لتر,1L,40101,Afia Huile 1 L,12500,1L,0.5,0.5,0.175,True,MEDIUM,BRAND_GAP,https://i0.wp.com/www.taibaoline.com/wp-content/uploads/2024/07/Remove-bg.ai_1750502243229.png?fit=800%2C800&ssl=1,True,WOULD_REVIEW,,,
6a7b92cd0d97848094f62c0d,زيت اليو,650,5 لتر,5L,40109,Oléor Huiel 5 L,63000,5L,0.5,0.5,0.167,True,MEDIUM,BRAND_GAP,https://i0.wp.com/www.taibaoline.com/wp-content/uploads/2024/07/Remove-bg.ai_1750500244899.png?fit=500%2C500&ssl=1,True,WOULD_REVIEW,,,
6a7b92cd0d97848094f62c08,طماطم عمور,310,800 غ,800g,5981, Avril Tomate Double Concentrée 28% 800 G,31000,800g,0.5,0.5,0.119,True,MEDIUM,BRAND_GAP,https://i0.wp.com/www.taibaoline.com/wp-content/uploads/2023/12/avril-800g.jpg?fit=800%2C800&ssl=1,False,WOULD_REVIEW,,,
6a7b92cd0d97848094f62c07,طماطم الحارة,310,800 غ,800g,44994,El Hara Confiture D’Abricot 800 G,27000,800g,0.5,0.5,0.13,True,MEDIUM,BRAND_GAP,https://i0.wp.com/www.taibaoline.com/wp-content/uploads/2025/05/Remove-bg.ai_1748681160827.png?fit=1280%2C962&ssl=1,True,WOULD_REVIEW,,,
6a7b92cd0d97848094f62c06,هريسة هروس,170,400 غ,400g,44894,CB Harissa 400 G,16000,400g,0.5,0.5,0.188,True,MEDIUM,BRAND_GAP,https://i0.wp.com/www.taibaoline.com/wp-content/uploads/2025/05/Remove-bg.ai_1748510378208.png?fit=1280%2C962&ssl=1,True,WOULD_REVIEW,,,
6a7b92cd0d97848094f62c04,خميرة فيغا,340,500 غ,500g,62004,Eagle خميرة فورية 500 غ,35000,500g,0.5,0.5,0.305,True,MEDIUM,BRAND_GAP,https://i0.wp.com/www.taibaoline.com/wp-content/uploads/2026/03/SnapBG.ai_1772614538767.png?fit=572%2C1280&ssl=1,True,WOULD_REVIEW,,,
6a7b92cd0d97848094f62c03,خميرة صاف,400,500 غ,500g,62004,Eagle خميرة فورية 500 غ,35000,500g,0.5,0.5,0.241,True,MEDIUM,BRAND_GAP,https://i0.wp.com/www.taibaoline.com/wp-content/uploads/2026/03/SnapBG.ai_1772614538767.png?fit=572%2C1280&ssl=1,True,WOULD_REVIEW,,,
6a7b92cd0d97848094f62c02,حميرة باكمايا,150,125 غ,125g,8232,Pakmaya Levure 125G,14000,125g,0.5,0.5,0.195,True,MEDIUM,BRAND_GAP,https://i0.wp.com/www.taibaoline.com/wp-content/uploads/2024/01/Remove-bg.ai_1751798528891.png?fit=1200%2C1190&ssl=1,True,WOULD_REVIEW,,,
6a7b92cd0d97848094f62c01,خميرو باكمايا,350,500 غ,500g,43059,Pakmaya Levure 500 G,39000,500g,0.5,0.5,0.19,True,MEDIUM,BRAND_GAP,https://i0.wp.com/www.taibaoline.com/wp-content/uploads/2025/03/Remove-bg.ai_1751798371033.png?fit=1280%2C960&ssl=1,True,WOULD_REVIEW,,,
6a7b92cd0d97848094f62bfe,قهوة دوزيا,250,250 غ,250g,7822,Café Oscar Trésor Noir 250 G,25000,250g,0.5,0.5,0.157,True,MEDIUM,BRAND_GAP,https://i0.wp.com/www.taibaoline.com/wp-content/uploads/2024/01/Remove-bg.ai_1704718716746.png?fit=1200%2C909&ssl=1,True,WOULD_REVIEW,,,
6a7b92cd0d97848094f62bfc,قهوة اروما,250,250 غ,250g,7822,Café Oscar Trésor Noir 250 G,25000,250g,0.5,0.5,0.157,True,MEDIUM,BRAND_GAP,https://i0.wp.com/www.taibaoline.com/wp-content/uploads/2024/01/Remove-bg.ai_1704718716746.png?fit=1200%2C909&ssl=1,True,WOULD_REVIEW,,,
6a7b92cd0d97848094f62bfa,قهوة قوسطو,250,250 غ,250g,7822,Café Oscar Trésor Noir 250 G,25000,250g,0.5,0.5,0.157,True,MEDIUM,BRAND_GAP,https://i0.wp.com/www.taibaoline.com/wp-content/uploads/2024/01/Remove-bg.ai_1704718716746.png?fit=1200%2C909&ssl=1,True,WOULD_REVIEW,,,
6a7b92cd0d97848094f62bf9,حليب بريزيما,485,500 غ,500g,7865, Loya Laite 500 G,58000,500g,0.5,0.5,0.149,True,MEDIUM,BRAND_GAP,https://i0.wp.com/www.taibaoline.com/wp-content/uploads/2024/01/Remove-bg.ai_1704795521489.png?fit=1200%2C1200&ssl=1,True,WOULD_REVIEW,,,
6a7b92cd0d97848094f62bf7,حليب موندور,350,500 غ,500g,7865, Loya Laite 500 G,58000,500g,0.5,0.5,0.152,True,MEDIUM,BRAND_GAP,https://i0.wp.com/www.taibaoline.com/wp-content/uploads/2024/01/Remove-bg.ai_1704795521489.png?fit=1200%2C1200&ssl=1,True,WOULD_REVIEW,,,
6a7b92cd0d97848094f62bf6,حليب ميلغرو,480,500 غ,500g,7865, Loya Laite 500 G,58000,500g,0.5,0.5,0.182,True,MEDIUM,BRAND_GAP,https://i0.wp.com/www.taibaoline.com/wp-content/uploads/2024/01/Remove-bg.ai_1704795521489.png?fit=1200%2C1200&ssl=1,True,WOULD_REVIEW,,,
6a7b92cd0d97848094f62bf1,هريسة هروس,80,135 غ,135g,44896,Cara Harissa 135 G,8000,135g,0.5,0.5,0.176,True,MEDIUM,BRAND_GAP,https://i0.wp.com/www.taibaoline.com/wp-content/uploads/2025/05/Remove-bg.ai_1748510487469.png?fit=964%2C1280&ssl=1,True,WOULD_REVIEW,,,
6a7b92cd0d97848094f62bf0,طماطم الحارة,175,400 غ,400g,41912,CAB Hello Tomatoes 400G,17000,400g,0.5,0.5,0.143,True,MEDIUM,BRAND_GAP,https://i0.wp.com/www.taibaoline.com/wp-content/uploads/2025/02/Remove-bg.ai_1738766768223.png?fit=1280%2C962&ssl=1,True,WOULD_REVIEW,,,
6a7b92cd0d97848094f62bee,طماطم عمور,175,400 غ,400g,41912,CAB Hello Tomatoes 400G,17000,400g,0.5,0.5,0.146,True,MEDIUM,BRAND_GAP,https://i0.wp.com/www.taibaoline.com/wp-content/uploads/2025/02/Remove-bg.ai_1738766768223.png?fit=1280%2C962&ssl=1,True,WOULD_REVIEW,,,
6a7b92cd0d97848094f62bed,طماطم هلو,165,400 غ,400g,41912,CAB Hello Tomatoes 400G,17000,400g,0.5,0.5,0.148,True,MEDIUM,BRAND_GAP,https://i0.wp.com/www.taibaoline.com/wp-content/uploads/2025/02/Remove-bg.ai_1738766768223.png?fit=1280%2C962&ssl=1,True,WOULD_REVIEW,,,
6a7b92cd0d97848094f62bec,طماطم الزهرة,165,400 غ,400g,41912,CAB Hello Tomatoes 400G,17000,400g,0.5,0.5,0.143,True,MEDIUM,BRAND_GAP,https://i0.wp.com/www.taibaoline.com/wp-content/uploads/2025/02/Remove-bg.ai_1738766768223.png?fit=1280%2C962&ssl=1,True,WOULD_REVIEW,,,
6a7b92cc0d97848094f62beb,طماطم الجيرواز,60,135 غ,135g,9233,CB Tomate Double Concentrée 140G,6000,140g,0.5,0.5,0.177,True,MEDIUM,BRAND_GAP,https://i0.wp.com/www.taibaoline.com/wp-content/uploads/2024/01/Remove-bg.ai_1748383813994.png?fit=964%2C1280&ssl=1,True,WOULD_REVIEW,,,
6a7b92cc0d97848094f62bea,طماطم افريل,170,400 غ,400g,41912,CAB Hello Tomatoes 400G,17000,400g,0.5,0.5,0.145,True,MEDIUM,BRAND_GAP,https://i0.wp.com/www.taibaoline.com/wp-content/uploads/2025/02/Remove-bg.ai_1738766768223.png?fit=1280%2C962&ssl=1,True,WOULD_REVIEW,,,
6a7b92cd0d97848094f62f43,زيت املا,240,,,47327,Fleurial Huile Vegetale 4 L,140000,4L,0.5,0.5,0.128,False,LOW,BRAND_GAP,https://i0.wp.com/www.taibaoline.com/wp-content/uploads/2025/07/Remove-bg.ai_1752746406090.png?fit=600%2C600&ssl=1,True,WOULD_REVIEW,,,
6a7b92cd0d97848094f62f3f,حليب فرانس ليه,880,,,6255,حليب أوبي 1 لتر,12500,1L,0.533,0.333,0.533,False,LOW,BRAND_GAP+DUP_SOURCE,https://i0.wp.com/www.taibaoline.com/wp-content/uploads/2023/12/leche-obei-1l-1.jpg?fit=800%2C800&ssl=1,False,WOULD_REVIEW,,,
6a7b92cd0d97848094f62f3c,كورنيطو كول,150,,,33172,Kool Biscuit Mosaique Fourré à La Créme De Cacao 220 G,13000,220g,0.5,0.5,0.048,False,LOW,BRAND_GAP,https://i0.wp.com/www.taibaoline.com/wp-content/uploads/2024/03/Remove-bg.ai_1709580287688.png?fit=675%2C1198&ssl=1,True,WOULD_REVIEW,,,
6a7b92cd0d97848094f62f3b,اسكيمو مومنت,150,,,35975,Moment Chocolat Lait Et Amandes Entières 145 G,44000,145g,0.5,0.5,0.077,False,LOW,BRAND_GAP,https://i0.wp.com/www.taibaoline.com/wp-content/uploads/2024/03/Untitled2_20240315205605.png?fit=809%2C1080&ssl=1,False,WOULD_REVIEW,,,
6a7b92cd0d97848094f62f3a,ديول قرطازج,100,,,26368,Meriem Diouls 10 Feuilles,7500,,0.5,0.5,0.138,False,LOW,BRAND_GAP,https://i0.wp.com/www.taibaoline.com/wp-content/uploads/2024/02/Remove-bg.ai_1738495196177-768x1020-2.png?fit=813%2C1080&ssl=1,True,WOULD_REVIEW,,,
6a7b92cd0d97848094f62f30,كوتكس بيضاء,75,,,37781,Wedo Haricots Blancs 580G,22000,580g,0.5,0.5,0.135,False,LOW,BRAND_GAP,https://i0.wp.com/www.taibaoline.com/wp-content/uploads/2024/04/Remove-bg.ai_1713170675493.png?fit=1280%2C719&ssl=1,True,WOULD_REVIEW,,,
6a7b92cd0d97848094f62f2e,درسة حميس,110,,,41917,El Baraka Hmiss 170G,13000,170g,0.5,0.5,0.194,False,LOW,BRAND_GAP+DUP_SOURCE,https://i0.wp.com/www.taibaoline.com/wp-content/uploads/2025/02/Remove-bg.ai_1748251209428.png?fit=1280%2C962&ssl=1,True,WOULD_REVIEW,,,
6a7b92cd0d97848094f62f2a,لف ماء,350,,,17695,La Zeina Eau Aromatisée à La Fleur D&#8217;oranger 75CL,7500,750ml,0.5,0.5,0.056,False,LOW,BRAND_GAP+DUP_SOURCE,https://i0.wp.com/www.taibaoline.com/wp-content/uploads/2024/02/Remove-bg.ai_1707508314251.png?fit=675%2C1198&ssl=1,True,WOULD_REVIEW,,,
6a7b92cd0d97848094f62f29,ساىل اواني,450,,,37248,Asle Biscou Speculoos Le Liquide 300G,22000,300g,0.5,0.5,0.083,False,LOW,BRAND_GAP,https://i0.wp.com/www.taibaoline.com/wp-content/uploads/2024/03/Remove-bg.ai_1711465100807-1.png?fit=1200%2C674&ssl=1,True,WOULD_REVIEW,,,
6a7b92cd0d97848094f62f27,فرماج المتميز,185,16 قطعة,,29346,اختصاص جبني بالقشدة بالثوم و الاعشاب  _ PRÉSIDENT  2 pièces,19000,,0.5,0.5,0.074,False,LOW,BRAND_GAP,https://i0.wp.com/www.taibaoline.com/wp-content/uploads/2024/02/President-Fraidou-Specialite-Fromagere-Au-Bon-Gout-Frais-Ail-fines-herbes-2x75g.jpg?fit=600%2C600&ssl=1,False,WOULD_REVIEW,,,
6a7b92cd0d97848094f62f26,فرماج ريكو,225,24 قطعة,,29346,اختصاص جبني بالقشدة بالثوم و الاعشاب  _ PRÉSIDENT  2 pièces,19000,,0.5,0.5,0.076,False,LOW,BRAND_GAP,https://i0.wp.com/www.taibaoline.com/wp-content/uploads/2024/02/President-Fraidou-Specialite-Fromagere-Au-Bon-Gout-Frais-Ail-fines-herbes-2x75g.jpg?fit=600%2C600&ssl=1,False,WOULD_REVIEW,,,
6a7b92cd0d97848094f62f24,شربة لار,60,,,28054,أسيل توابل الشربة 30 غ,6000,30g,0.5,0.5,0.176,False,LOW,BRAND_GAP,https://i0.wp.com/www.taibaoline.com/wp-content/uploads/2024/02/Remove-bg.ai_1708453307897.png?fit=900%2C1198&ssl=1,True,WOULD_REVIEW,,,
6a7b92cd0d97848094f62f23,سميد سيدي مجبر,100,,,44687,Sidi Ahmed Sardine à L&#8217;Huile Végétale 125G,15000,125g,0.333,0.333,0.114,False,LOW,BRAND_GAP+DUP_SOURCE,https://i0.wp.com/www.taibaoline.com/wp-content/uploads/2025/05/Remove-bg.ai_1748340365688.png?fit=1280%2C962&ssl=1,True,WOULD_REVIEW,,,
6a7b92cd0d97848094f62f20,جي ذطازج,50,33,,36547,Jus Tchina Orange 2 L,18000,2L,0.5,0.5,0.082,False,LOW,BRAND_GAP+DUP_SOURCE,https://i0.wp.com/www.taibaoline.com/wp-content/uploads/2024/03/Remove-bg.ai_1710949667118.png?fit=300%2C369&ssl=1,True,WOULD_REVIEW,,,
6a7b92cd0d97848094f62f1b,شامبو اطفال,150,,,28186,Yaourt DANONE KIDS Junior league drink _ Fraise 155 g,5000,155g,0.5,0.5,0.103,False,LOW,BRAND_GAP,https://i0.wp.com/www.taibaoline.com/wp-content/uploads/2024/02/bouteille_JL_1.webp?fit=800%2C491&ssl=1,False,WOULD_REVIEW,,,
6a7b92cd0d97848094f62f1a,حليب منظف الرضع,200,,,6255,حليب أوبي 1 لتر,12500,1L,0.516,0.333,0.516,False,LOW,BRAND_GAP+DUP_SOURCE,https://i0.wp.com/www.taibaoline.com/wp-content/uploads/2023/12/leche-obei-1l-1.jpg?fit=800%2C800&ssl=1,False,WOULD_REVIEW,,,
6a7b92cd0d97848094f62f19,شيبس مهبول حجم عائلي,120,,,33136,Regalo Biscuit Filled With Hazelnut And Cocoa Cream 5 PS,24000,,0.5,0.5,0.139,False,LOW,BRAND_GAP,https://i0.wp.com/www.taibaoline.com/wp-content/uploads/2024/03/Remove-bg.ai_1709579558282.png?fit=675%2C1198&ssl=1,True,WOULD_REVIEW,,,
6a7b92cd0d97848094f62f18,شيبس مهبول,60,,,54562,Silver Chips Goùt Chili &#038; Lime 45 G,15000,45g,0.5,0.5,0.13,False,LOW,BRAND_GAP,,False,WOULD_REVIEW,,,
6a7b92cd0d97848094f62f17,سوبر تويستر,40,,,31389,Grigri super gaz gaz pour tous briquets et chalumeaux portables 200ml,11000,200ml,0.5,0.5,0.068,False,LOW,BRAND_GAP,https://i0.wp.com/www.taibaoline.com/wp-content/uploads/2024/02/Remove-bg.ai_1709157371541.png?fit=675%2C1198&ssl=1,True,WOULD_REVIEW,,,
6a7b92cd0d97848094f62f12,سائل اواني اومو,175,,,37239,Asle Toffee Caramel Liquide 500 G,28000,500g,0.333,0.333,0.105,False,LOW,BRAND_GAP+DUP_SOURCE,https://i0.wp.com/www.taibaoline.com/wp-content/uploads/2024/03/Remove-bg.ai_1711465030879.png?fit=1200%2C674&ssl=1,True,WOULD_REVIEW,,,
6a7b92cd0d97848094f62f11,كروكس شيبس,60,,,54562,Silver Chips Goùt Chili &#038; Lime 45 G,15000,45g,0.5,0.5,0.098,False,LOW,BRAND_GAP,,False,WOULD_REVIEW,,,
6a7b92cd0d97848094f62f0e,معجون اطفال,120,,,16779,SIM Tomate Double Concentrée 28% 800 G,26000,800g,0.5,0.5,0.164,False,LOW,BRAND_GAP+DUP_SOURCE,https://i0.wp.com/www.taibaoline.com/wp-content/uploads/2024/02/Remove-bg.ai_1707318585567.png?fit=1073%2C1198&ssl=1,True,WOULD_REVIEW,,,
6a7b92cd0d97848094f62f0d,قوستي بيفا,150,,,33199,Bifa Special Digestive Blé Complet 186G ,6000,186g,0.5,0.5,0.077,False,LOW,BRAND_GAP,https://i0.wp.com/www.taibaoline.com/wp-content/uploads/2024/03/Remove-bg.ai_1709580166334.png?fit=675%2C1198&ssl=1,True,WOULD_REVIEW,,,
6a7b92cd0d97848094f62f0a,سيدو اطفال,180,,,28186,Yaourt DANONE KIDS Junior league drink _ Fraise 155 g,5000,155g,0.5,0.5,0.104,False,LOW,BRAND_GAP,https://i0.wp.com/www.taibaoline.com/wp-content/uploads/2024/02/bouteille_JL_1.webp?fit=800%2C491&ssl=1,False,WOULD_REVIEW,,,
6a7b92cd0d97848094f62f09,دانون سريلو,30,,,29291,Boisson DANONE DANAO Fruits Exotiques 930 ML,19000,930ml,0.5,0.5,0.115,False,LOW,BRAND_GAP,https://i0.wp.com/www.taibaoline.com/wp-content/uploads/2024/02/Remove-bg.ai_1708644652653.png?fit=1200%2C1200&ssl=1,True,WOULD_REVIEW,,,
6a7b92cd0d97848094f62f06,هريسة صغيرة,75,,,44916,ThiKa Harissa Traditionnelle 185 G,12500,185g,0.5,0.5,0.127,False,LOW,BRAND_GAP,https://i0.wp.com/www.taibaoline.com/wp-content/uploads/2025/05/Remove-bg.ai_1748511064537.png?fit=964%2C1280&ssl=1,True,WOULD_REVIEW,,,
6a7b92cd0d97848094f62f03,بمبيز حجم كبير 40/5,1,,,36129,Hana Pain De Mie Nature Fromat Moyen 500G,12500,500g,0.333,0.333,0.14,False,LOW,BRAND_GAP,https://i0.wp.com/www.taibaoline.com/wp-content/uploads/2024/03/Remove-bg.ai_1710838610322.png?fit=675%2C1198&ssl=1,True,WOULD_REVIEW,,,
6a7b92cd0d97848094f62f02,بمبيز حجم كبير 40/3,940,,,36129,Hana Pain De Mie Nature Fromat Moyen 500G,12500,500g,0.333,0.333,0.14,False,LOW,BRAND_GAP,https://i0.wp.com/www.taibaoline.com/wp-content/uploads/2024/03/Remove-bg.ai_1710838610322.png?fit=675%2C1198&ssl=1,True,WOULD_REVIEW,,,
6a7b92cd0d97848094f62f01,بممبيز حجم كبير 1/40,760,,,36129,Hana Pain De Mie Nature Fromat Moyen 500G,12500,500g,0.333,0.333,0.139,False,LOW,BRAND_GAP,https://i0.wp.com/www.taibaoline.com/wp-content/uploads/2024/03/Remove-bg.ai_1710838610322.png?fit=675%2C1198&ssl=1,True,WOULD_REVIEW,,,
6a7b92cd0d97848094f62efd,شوكولاطة بلحليب والبندق ماروخا,250,,,37351,منى فيجيكاو بالحليب 40 غ,3500,40g,0.315,0.25,0.315,False,LOW,BRAND_GAP+DUP_SOURCE,https://i0.wp.com/www.taibaoline.com/wp-content/uploads/2024/03/Remove-bg.ai_1711757050298-e1711757126966.png?fit=1080%2C809&ssl=1,True,WOULD_REVIEW,,,
6a7b92cd0d97848094f62ef6,اروى كولا لتر,65,,,30937,Eau Gazeuse HAMOUD Cola _ 2L,13000,2L,0.5,0.5,0.178,False,LOW,BRAND_GAP+DUP_SOURCE,https://i0.wp.com/www.taibaoline.com/wp-content/uploads/2024/02/Removal-186.png?fit=800%2C800&ssl=1,False,WOULD_REVIEW,,,
6a7b92cd0d97848094f62ef5,كوكا كانيط,80,,,32208,Eau Gazeuse Coca Cola Canette _ 24CL,7000,240ml,0.5,0.5,0.127,False,LOW,BRAND_GAP,https://i0.wp.com/www.taibaoline.com/wp-content/uploads/2024/03/coca-cola-2.png?fit=586%2C684&ssl=1,False,WOULD_REVIEW,,,
6a7b92cd0d97848094f62ef4,ماء قديلة,40,,,17695,La Zeina Eau Aromatisée à La Fleur D&#8217;oranger 75CL,7500,750ml,0.5,0.5,0.069,False,LOW,BRAND_GAP+DUP_SOURCE,https://i0.wp.com/www.taibaoline.com/wp-content/uploads/2024/02/Remove-bg.ai_1707508314251.png?fit=675%2C1198&ssl=1,True,WOULD_REVIEW,,,
6a7b92cd0d97848094f62ef2,كوكاو قشور,390,,,42054,كاكاو بدون قشور (ابيض),72000,,0.5,0.5,0.316,False,LOW,BRAND_GAP,https://i0.wp.com/www.taibaoline.com/wp-content/uploads/2025/02/cacahete-sana-peau.jpg?fit=1200%2C1425&ssl=1,False,WOULD_REVIEW,,,
6a7b92cd0d97848094f62eed,لفراز صومام,20,,,44819,Soummam Lait 500 ML,8000,500ml,0.5,0.5,0.162,False,LOW,BRAND_GAP,https://i0.wp.com/www.taibaoline.com/wp-content/uploads/2025/05/Remove-bg.ai_1748419165424.png?fit=964%2C1280&ssl=1,True,WOULD_REVIEW,,,
6a7b92cd0d97848094f62eec,جولي صغير,15,,,8711,Nakhla Petit coude  (500g) نخلة كود صغير,6500,500g,0.5,0.5,0.169,False,LOW,BRAND_GAP,https://i0.wp.com/www.taibaoline.com/wp-content/uploads/2024/01/409707767_753446706808637_7321598605818236298_n-removebg-preview.png?fit=433%2C577&ssl=1,True,WOULD_REVIEW,,,
6a7b92cd0d97848094f62eeb,اكتي فرويتي صومام,30,,,6252,Soummam Lait 1 Litre,12000,1L,0.333,0.333,0.173,False,LOW,BRAND_GAP,https://i0.wp.com/www.taibaoline.com/wp-content/uploads/2023/12/lait-soummam1l.jpg?fit=800%2C800&ssl=1,False,WOULD_REVIEW,,,
6a7b92cd0d97848094f62ee9,شاف لافاش كيري,65,,,18653,Mr chef bessissa 700g,8500,700g,0.333,0.333,0.123,False,LOW,BRAND_GAP,https://i0.wp.com/www.taibaoline.com/wp-content/uploads/2024/02/Remove-bg.ai_1707629638184.png?fit=675%2C1198&ssl=1,True,WOULD_REVIEW,,,
6a7b92cd0d97848094f62ee8,فرماج بيكو,145,16 قطعة,,29346,اختصاص جبني بالقشدة بالثوم و الاعشاب  _ PRÉSIDENT  2 pièces,19000,,0.5,0.5,0.091,False,LOW,BRAND_GAP,https://i0.wp.com/www.taibaoline.com/wp-content/uploads/2024/02/President-Fraidou-Specialite-Fromagere-Au-Bon-Gout-Frais-Ail-fines-herbes-2x75g.jpg?fit=600%2C600&ssl=1,False,WOULD_REVIEW,,,
6a7b92cd0d97848094f62ee6,كوكيز بدون غلوتين,210,,,40632,Oatmeal Cookies De Flocons D&#8217;Avoine 153 G,16000,153g,0.5,0.5,0.145,False,LOW,BRAND_GAP,https://i0.wp.com/www.taibaoline.com/wp-content/uploads/2024/10/Remove-bg.ai_1729594603794.png?fit=1280%2C1127&ssl=1,True,WOULD_REVIEW,,,
6a7b92cd0d97848094f62ee5,كسكس الهضاب بدون غلوتين,210,300 غ,300g,8323,Hidhab Couscous 300G,15000,300g,0.333,0.333,0.167,True,LOW,BRAND_GAP,https://i0.wp.com/www.taibaoline.com/wp-content/uploads/2024/01/Remove-bg.ai_1751730524502.png?fit=640%2C960&ssl=1,True,WOULD_REVIEW,,,
6a7b92cd0d97848094f62ee4,قاطو كروك s_ g,190,,,32545,Croc Matin Biscuits Casse Croute 325G,9000,325g,0.5,0.5,0.116,False,LOW,BRAND_GAP,https://i0.wp.com/www.taibaoline.com/wp-content/uploads/2024/03/Remove-bg.ai_1709444028163.png?fit=674%2C1200&ssl=1,True,WOULD_REVIEW,,,
6a7b92cd0d97848094f62ee0,كسكس linat,310,,,8925,Sim Couscous Moyen 1KG,15000,1kg,0.5,0.5,0.127,False,LOW,BRAND_GAP+DUP_SOURCE,https://i0.wp.com/www.taibaoline.com/wp-content/uploads/2024/01/SnapBG.ai_1786008485179.png?fit=1280%2C1280&ssl=1,True,WOULD_REVIEW,,,
6a7b92cd0d97848094f62edc,اسكيمو قولدن,70,,,34070,1Kg أرز بسمتي قولدن  _ Riz BASMATI Gold,26000,1kg,0.5,0.5,0.189,False,LOW,BRAND_GAP,https://i0.wp.com/www.taibaoline.com/wp-content/uploads/2024/03/Sidi_moulay_203_riz_basmati_orban.jpeg?fit=900%2C600&ssl=1,False,WOULD_REVIEW,,,
6a7b92cd0d97848094f62eda,قوبلي اكريم 30دج,30,,,34832,الساحل &#8211; توابل الشاورمة 30 غ,6000,30g,0.253,0.0,0.253,False,LOW,COMMON_ONLY,https://i0.wp.com/www.taibaoline.com/wp-content/uploads/2024/03/Remove-bg.ai_1710012336528-e1710025331214.png?fit=899%2C1200&ssl=1,True,WOULD_REVIEW,,,
6a7b92cd0d97848094f62ed9,اسكيمو 35دج,35,,,28223,قصبر توابل تاشفين 35 غ,5500,35g,0.109,0.0,0.109,False,LOW,COMMON_ONLY,https://i0.wp.com/www.taibaoline.com/wp-content/uploads/2024/02/Remove-bg.ai_1708461632587.png?fit=900%2C1198&ssl=1,True,WOULD_REVIEW,,,
6a7b92cd0d97848094f62ed5,بيق فاميلي,140,,,32339,Top Choc Big Biscuit Fourré à La Créme De Cacao 220G,7500,220g,0.5,0.5,0.074,False,LOW,BRAND_GAP,https://i0.wp.com/www.taibaoline.com/wp-content/uploads/2024/03/Remove-bg.ai_1709444119552.png?fit=674%2C1200&ssl=1,True,WOULD_REVIEW,,,
6a7b92cd0d97848094f62ed3,دانون اكتفية فرويتي,40,,,29481,Boisson DANONE DANAO Fruits Exotiques 236 ML,8500,236ml,0.333,0.333,0.164,False,LOW,BRAND_GAP,https://i0.wp.com/www.taibaoline.com/wp-content/uploads/2024/02/Remove-bg.ai_1708711152129.png?fit=1200%2C1200&ssl=1,True,WOULD_REVIEW,,,
6a7b92cd0d97848094f62ed2,ياغورت سيدي سعادة فرويتي,165,1 لتر,1L,27341,  Yaourt Soummam Yago _ Mangue 1L,13500,1L,0.25,0.25,0.19,True,LOW,BRAND_GAP+DUP_SOURCE,https://i0.wp.com/www.taibaoline.com/wp-content/uploads/2024/02/Remove-bg.ai_1708276614112.png?fit=600%2C338&ssl=1,True,WOULD_REVIEW,,,
6a7b92cd0d97848094f62ecf,خبز بورقر,140,,,18768,Bread tortilla 400g,20000,400g,0.5,0.5,0.169,False,LOW,BRAND_GAP+DUP_SOURCE,https://i0.wp.com/www.taibaoline.com/wp-content/uploads/2024/02/Remove-bg.ai_1707630911859.png?fit=675%2C1198&ssl=1,True,WOULD_REVIEW,,,
6a7b92cd0d97848094f62ece,كروكي علبة,220,,,33517,Flan Nouara sachet banane 24 pcs*54g,80000,"54g,56g",0.5,0.5,0.074,False,LOW,BRAND_GAP,https://i0.wp.com/www.taibaoline.com/wp-content/uploads/2024/03/Remove-bg.ai_1709832267861.png?fit=1200%2C674&ssl=1,True,WOULD_REVIEW,,,
6a7b92cd0d97848094f62ecc,كرز حب,160,,,34901,الساحل &#8211; كمون حب 20 غ,5000,20g,0.5,0.5,0.103,False,LOW,BRAND_GAP,https://i0.wp.com/www.taibaoline.com/wp-content/uploads/2024/03/Remove-bg.ai_1710105048785-e1710105181317.png?fit=899%2C1200&ssl=1,True,WOULD_REVIEW,,,
6a7b92cd0d97848094f62ec8,زيتون كاسي مثلث,120,,,37006,زيتون أسود,5000,,0.526,0.333,0.526,False,LOW,BRAND_GAP,https://i0.wp.com/www.taibaoline.com/wp-content/uploads/2024/03/Remove-bg.ai_1711286624565.png?fit=1200%2C899&ssl=1,True,WOULD_REVIEW,,,
6a7b92cd0d97848094f62ebf,قهوة روبيستا,700,,,48043,Café City One Gold 45 G,53000,45g,0.5,0.5,0.161,False,LOW,BRAND_GAP,https://i0.wp.com/www.taibaoline.com/wp-content/uploads/2025/07/Remove-bg.ai_1753264193483.webp?fit=1280%2C851&ssl=1,True,WOULD_REVIEW,,,
6a7b92cd0d97848094f62ebe,بيبرو بلاستيك صغير,170,,,8711,Nakhla Petit coude  (500g) نخلة كود صغير,6500,500g,0.5,0.5,0.15,False,LOW,BRAND_GAP,https://i0.wp.com/www.taibaoline.com/wp-content/uploads/2024/01/409707767_753446706808637_7321598605818236298_n-removebg-preview.png?fit=433%2C577&ssl=1,True,WOULD_REVIEW,,,
6a7b92cd0d97848094f62ebd,بيبرو بلاستيك كبير,220,,,41115,Sim Gros Coude 500 G,6000,500g,0.5,0.5,0.186,False,LOW,BRAND_GAP+DUP_SOURCE,https://i0.wp.com/www.taibaoline.com/wp-content/uploads/2024/11/Remove-bg.ai_1731488571490.png?fit=1280%2C962&ssl=1,True,WOULD_REVIEW,,,
6a7b92cd0d97848094f62eba,ماء ماركلوس ناموس,150,,,17573,"El Wissem El Dahabi Eau De F leur 0,25L",4000,250ml,0.333,0.333,0.109,False,LOW,BRAND_GAP,https://i0.wp.com/www.taibaoline.com/wp-content/uploads/2024/02/Remove-bg.ai_1707504217304.png?fit=675%2C1198&ssl=1,True,WOULD_REVIEW,,,
6a7b92cd0d97848094f62eb6,زيت الشعر املا,320,,,52932,Tino Huile D’Olive De Kabylie 25 CL,39000,250ml,0.333,0.333,0.167,False,LOW,BRAND_GAP,,False,WOULD_REVIEW,,,
6a7b92cd0d97848094f62eb5,كريمة كادونس,150,,,64345,Moon Excellence Créme Aux Noisettes Grillées 200 G,28000,200g,0.5,0.5,0.104,False,LOW,BRAND_GAP+DUP_SOURCE,https://i0.wp.com/www.taibaoline.com/wp-content/uploads/2026/08/SnapBG.ai_1785758479662.png?fit=1280%2C960&ssl=1,True,WOULD_REVIEW,,,
6a7b92cd0d97848094f62eae,حنة بن يحيى,140,,,8950,Aissa Ben Aissa Couscous Fin 5 KG,65000,5kg,0.333,0.333,0.127,False,LOW,BRAND_GAP,https://i0.wp.com/www.taibaoline.com/wp-content/uploads/2024/01/Remove-bg.ai_1706180676157.png?fit=535%2C1198&ssl=1,True,WOULD_REVIEW,,,
6a7b92cd0d97848094f62eac,ترافل فرويتي,25,,,29568,  Yaourt DANONE Trèfle Aromatisé 70g,1600,70g,0.5,0.5,0.124,False,LOW,BRAND_GAP+DUP_SOURCE,https://i0.wp.com/www.taibaoline.com/wp-content/uploads/2024/02/Remove-bg.ai_1708714938826.png?fit=1200%2C1200&ssl=1,True,WOULD_REVIEW,,,
6a7b92cd0d97848094f62ea7,اكتي دانون,35,,,29291,Boisson DANONE DANAO Fruits Exotiques 930 ML,19000,930ml,0.5,0.5,0.087,False,LOW,BRAND_GAP,https://i0.wp.com/www.taibaoline.com/wp-content/uploads/2024/02/Remove-bg.ai_1708644652653.png?fit=1200%2C1200&ssl=1,True,WOULD_REVIEW,,,
6a7b92cd0d97848094f62ea3,كومبيبي 40/6,1,,,37351,منى فيجيكاو بالحليب 40 غ,3500,40g,0.225,0.0,0.225,False,LOW,COMMON_ONLY+DUP_SOURCE,https://i0.wp.com/www.taibaoline.com/wp-content/uploads/2024/03/Remove-bg.ai_1711757050298-e1711757126966.png?fit=1080%2C809&ssl=1,True,WOULD_REVIEW,,,
6a7b92cd0d97848094f62ea0,جنواز كيتوب,40,,,32922,Génoise Gusti Enrobée De Cacao Et Fourée A La Créme Goùt Vanille 10ps,13000,,0.5,0.5,0.075,False,LOW,BRAND_GAP,https://i0.wp.com/www.taibaoline.com/wp-content/uploads/2024/03/Remove-bg.ai_1709579208215.png?fit=675%2C1198&ssl=1,True,WOULD_REVIEW,,,
6a7b92cd0d97848094f62e9f,لوبيا ميزان,370,,,43885,"Cheezy Barre_ 1,5 KG",95000,1.5kg,0.5,0.5,0.175,False,LOW,BRAND_GAP,https://i0.wp.com/www.taibaoline.com/wp-content/uploads/2025/05/SnapBG.ai_1746615529537.png?fit=1280%2C962&ssl=1,True,WOULD_REVIEW,,,
6a7b92cd0d97848094f62e9e,عدس ميزان,220,,,34000,1Kg عدس ريشلي رقيق Lentilles Richli,22000,1kg,0.5,0.5,0.108,False,LOW,BRAND_GAP+DUP_SOURCE,https://i0.wp.com/www.taibaoline.com/wp-content/uploads/2024/03/v4-460px-Make-Lentils-Step-1.jpg.webp?fit=460%2C307&ssl=1,False,WOULD_REVIEW,,,
6a7b92cd0d97848094f62e9d,قهوة اربيكا,920,,,48043,Café City One Gold 45 G,53000,45g,0.5,0.5,0.14,False,LOW,BRAND_GAP,https://i0.wp.com/www.taibaoline.com/wp-content/uploads/2025/07/Remove-bg.ai_1753264193483.webp?fit=1280%2C851&ssl=1,True,WOULD_REVIEW,,,
6a7b92cd0d97848094f62e9c,قاليت شرشال,100,,,32510,Bista Galette Biscuit 260G,6000,260g,0.5,0.5,0.13,False,LOW,BRAND_GAP,,False,WOULD_REVIEW,,,
6a7b92cd0d97848094f62e9b,كومبيبي 3/40,950,,,37351,منى فيجيكاو بالحليب 40 غ,3500,40g,0.254,0.0,0.254,False,LOW,COMMON_ONLY+DUP_SOURCE,https://i0.wp.com/www.taibaoline.com/wp-content/uploads/2024/03/Remove-bg.ai_1711757050298-e1711757126966.png?fit=1080%2C809&ssl=1,True,WOULD_REVIEW,,,
6a7b92cd0d97848094f62e98,زبدة فول سوداني حجم متوسط,410,,,40895,Alawafy Cacahuéte Grillées &amp; Salées 70 G,9000,70g,0.4,0.4,0.222,False,LOW,BRAND_GAP,https://i0.wp.com/www.taibaoline.com/wp-content/uploads/2024/11/Remove-bg.ai_1730812294559.png?fit=957%2C1280&ssl=1,True,WOULD_REVIEW,,,
6a7b92cd0d97848094f62e95,قاطو سلبريتي /حجم كبير,120,,,35196,Mio Bébé Lingettes Humide 120 Unités,20000,,0.25,0.25,0.123,False,LOW,BRAND_GAP+DUP_SOURCE,https://i0.wp.com/www.taibaoline.com/wp-content/uploads/2024/03/Remove-bg.ai_1710098685883.png?fit=1200%2C674&ssl=1,True,WOULD_REVIEW,,,
6a7b92cd0d97848094f62e94,شوكولاطة دادا,360,,,37358,Cheba Chocolat Au Lait Et Aux Noisettes 100 G,18000,100g,0.5,0.5,0.123,False,LOW,BRAND_GAP,https://i0.wp.com/www.taibaoline.com/wp-content/uploads/2024/03/Remove-bg.ai_1710533197058.png?fit=1080%2C809&ssl=1,True,WOULD_REVIEW,,,
6a7b92cd0d97848094f62e92,شوكولاطة اومباسادور بلحليب,220,,,37365,Cheba chocolat au lait 100 g,15000,100g,0.333,0.333,0.259,False,LOW,BRAND_GAP,https://i0.wp.com/www.taibaoline.com/wp-content/uploads/2024/03/Remove-bg.ai_1711762073808.png?fit=1080%2C809&ssl=1,True,WOULD_REVIEW,,,
6a7b92cd0d97848094f62e91,برغل تركي ايبرو,310,,,34482,Coeur De Céréales Borghol Gros 1KG,43000,1kg,0.333,0.333,0.122,False,LOW,BRAND_GAP,https://i0.wp.com/www.taibaoline.com/wp-content/uploads/2024/03/Remove-bg.ai_1709933718185.png?fit=1200%2C1200&ssl=1,True,WOULD_REVIEW,,,
6a7b92cd0d97848094f62e90,سردين بل زيت النباتي,140,,,44687,Sidi Ahmed Sardine à L&#8217;Huile Végétale 125G,15000,125g,0.5,0.5,0.26,False,LOW,BRAND_GAP,https://i0.wp.com/www.taibaoline.com/wp-content/uploads/2025/05/Remove-bg.ai_1748340365688.png?fit=1280%2C962&ssl=1,True,WOULD_REVIEW,,,
6a7b92cd0d97848094f62e8f,سردين طماطم,140,,,5981, Avril Tomate Double Concentrée 28% 800 G,31000,800g,0.5,0.5,0.119,False,LOW,BRAND_GAP+DUP_SOURCE,https://i0.wp.com/www.taibaoline.com/wp-content/uploads/2023/12/avril-800g.jpg?fit=800%2C800&ssl=1,False,WOULD_REVIEW,,,
6a7b92cd0d97848094f62e8c,كومبيبي 5/40,1,,,37351,منى فيجيكاو بالحليب 40 غ,3500,40g,0.254,0.0,0.254,False,LOW,COMMON_ONLY+DUP_SOURCE,https://i0.wp.com/www.taibaoline.com/wp-content/uploads/2024/03/Remove-bg.ai_1711757050298-e1711757126966.png?fit=1080%2C809&ssl=1,True,WOULD_REVIEW,,,
6a7b92cd0d97848094f62e87,فلان رابحة متعدد اللأدواق,85,,,17226,Rabha Caramello Flan Créme Caramel 150 G,8500,150g,0.5,0.5,0.163,False,LOW,BRAND_GAP,https://i0.wp.com/www.taibaoline.com/wp-content/uploads/2024/02/Remove-bg.ai_1707426644205.png?fit=675%2C1198&ssl=1,True,WOULD_REVIEW,,,
6a7b92cd0d97848094f62e86,صابلي بلكاراميل,220,12 قطعة,,32388,Festo Sablé à La Créme Au Chocolat 400G,15000,400g,0.5,0.5,0.15,False,LOW,BRAND_GAP,https://i0.wp.com/www.taibaoline.com/wp-content/uploads/2024/03/Remove-bg.ai_1709445140813.png?fit=675%2C1198&ssl=1,True,WOULD_REVIEW,,,
6a7b92cd0d97848094f62e85,مقروط الدار 6قطع,150,,,18775,بذوق الدجاج المشوي Tartino Cuisto 4 PIECES  _ 280 G,25000,280g,0.333,0.333,0.132,False,LOW,BRAND_GAP,https://i0.wp.com/www.taibaoline.com/wp-content/uploads/2024/02/Tartino-cuisto-poulet-roti.png?fit=800%2C800&ssl=1,False,WOULD_REVIEW,,,
6a7b92cd0d97848094f62e83,مقروط الدار 10 قطع,250,,,18775,بذوق الدجاج المشوي Tartino Cuisto 4 PIECES  _ 280 G,25000,280g,0.333,0.333,0.142,False,LOW,BRAND_GAP,https://i0.wp.com/www.taibaoline.com/wp-content/uploads/2024/02/Tartino-cuisto-poulet-roti.png?fit=800%2C800&ssl=1,False,WOULD_REVIEW,,,
6a7b92cd0d97848094f62e80,وافر كاكاو بيفا دولسي,50,,,33841,Bifa Cakes Muffin&#8217;s Fourres Full Cacao 10 Muffin&#8217;s,13500,,0.5,0.5,0.135,False,LOW,BRAND_GAP,https://i0.wp.com/www.taibaoline.com/wp-content/uploads/2024/03/Remove-bg.ai_1709763943134.png?fit=675%2C1198&ssl=1,True,WOULD_REVIEW,,,
6a7b92cd0d97848094f62e7f,شوكولاطة تالنت صغيلرة بلوز,80,,,37358,Cheba Chocolat Au Lait Et Aux Noisettes 100 G,18000,100g,0.25,0.25,0.176,False,LOW,BRAND_GAP+DUP_SOURCE,https://i0.wp.com/www.taibaoline.com/wp-content/uploads/2024/03/Remove-bg.ai_1710533197058.png?fit=1080%2C809&ssl=1,True,WOULD_REVIEW,,,
6a7b92cd0d97848094f62e7e,شوكولاطة تالنت صغيرة بلفول السوداني,60,,,32838,Lahlou Macarons Aux Arachides 18 PS,40000,,0.259,0.2,0.259,False,LOW,BRAND_GAP,https://i0.wp.com/www.taibaoline.com/wp-content/uploads/2024/03/Remove-bg.ai_1709453924633.png?fit=1198%2C675&ssl=1,True,WOULD_REVIEW,,,
6a7b92cd0d97848094f62e7d,جي باست جو,80,2 ل,2L,35396,Jus Ifruit Orange Carotte Citron 2L,19000,2L,0.333,0.333,0.122,True,LOW,BRAND_GAP,https://i0.wp.com/www.taibaoline.com/wp-content/uploads/2024/03/Remove-bg.ai_1710278520340.png?fit=999%2C749&ssl=1,True,WOULD_REVIEW,,,
6a7b92cd0d97848094f62e7c,جي فروي ماكس,120,2 ل,2L,35396,Jus Ifruit Orange Carotte Citron 2L,19000,2L,0.333,0.333,0.137,True,LOW,BRAND_GAP,https://i0.wp.com/www.taibaoline.com/wp-content/uploads/2024/03/Remove-bg.ai_1710278520340.png?fit=999%2C749&ssl=1,True,WOULD_REVIEW,,,
6a7b92cd0d97848094f62e7b,غراء super glue,40,,,32519,Saida Biscuits Super Extra 230G,9000,230g,0.333,0.333,0.182,False,LOW,BRAND_GAP,https://i0.wp.com/www.taibaoline.com/wp-content/uploads/2024/03/Remove-bg.ai_1709443698479.png?fit=675%2C1198&ssl=1,True,WOULD_REVIEW,,,
6a7b92cd0d97848094f62e79,مساسيك الغسيل,130,20 قطعة,,57960,Brilex Gel Machine Baby Joy 1.5 L,32000,1.5L,0.5,0.5,0.146,False,LOW,BRAND_GAP,https://i0.wp.com/www.taibaoline.com/wp-content/uploads/2025/11/IMG20251127102509-2.webp?fit=607%2C1080&ssl=1,False,WOULD_REVIEW,,,
6a7b92cd0d97848094f62e70,حومبو ميكس,300,,,8093,Réginat Maxi Extra Patisserie 800 G,37000,800g,0.5,0.5,0.081,False,LOW,BRAND_GAP,https://i0.wp.com/www.taibaoline.com/wp-content/uploads/2024/01/Remove-bg.ai_1751813575155.png?fit=653%2C537&ssl=1,True,WOULD_REVIEW,,,
6a7b92cd0d97848094f62e6f,جومبو لالة 20مكعب,180,,,42369,لالة فاطمة فانيليا 80 G,12000,80g,0.333,0.333,0.242,False,LOW,BRAND_GAP,https://i0.wp.com/www.taibaoline.com/wp-content/uploads/2025/02/SnapBG.ai_1740558918516.png?fit=1280%2C962&ssl=1,True,WOULD_REVIEW,,,
6a7b92cd0d97848094f62e6a,جومبو 16 مكعب,220,,,26131,جبن طري للطلي _ PRÉSIDENT  16 pièces,26000,,0.156,0.0,0.156,False,LOW,COMMON_ONLY,https://i0.wp.com/www.taibaoline.com/wp-content/uploads/2024/02/Remove-bg.ai_1711444079383.png?fit=1200%2C674&ssl=1,True,WOULD_REVIEW,,,
6a7b92cd0d97848094f62e68,شوابس 90سل,135,,,40571,Candia Lait Sans Lactose 50CL,9000,500ml,0.5,0.5,0.085,False,LOW,BRAND_GAP+DUP_SOURCE,https://i0.wp.com/www.taibaoline.com/wp-content/uploads/2024/10/item1615391263.jpg?fit=800%2C800&ssl=1,False,WOULD_REVIEW,,,
6a7b92cd0d97848094f62e66,صابون حليب المعز,170,,,6255,حليب أوبي 1 لتر,12500,1L,0.438,0.333,0.438,False,LOW,BRAND_GAP+DUP_SOURCE,https://i0.wp.com/www.taibaoline.com/wp-content/uploads/2023/12/leche-obei-1l-1.jpg?fit=800%2C800&ssl=1,False,WOULD_REVIEW,,,
6a7b92cd0d97848094f62e5b,قازوز اروى اورونجينا,130,2 ل,2L,34812,Eau Gazeuse Mirinda Ananas 2L,14000,2L,0.333,0.333,0.214,True,LOW,BRAND_GAP,https://i0.wp.com/www.taibaoline.com/wp-content/uploads/2024/03/mirinda-gout-ananas-2l-zoom.jpg?fit=1200%2C1200&ssl=1,False,WOULD_REVIEW,,,
6a7b92cd0d97848094f62e58,صاندو ستوري,110,,,41440,Bifa Story Chocolat Fourré à La Créme De Pistache &amp; Kunafa 115G,25000,115g,0.5,0.5,0.069,False,LOW,BRAND_GAP,https://i0.wp.com/www.taibaoline.com/wp-content/uploads/2024/12/Remove-bg.ai_1734622563208.png?fit=964%2C1280&ssl=1,True,WOULD_REVIEW,,,
6a7b92cd0d97848094f62e57,صاندو هابي x2,85,,,37535,Happy Pate à Tartiner Aux Noisettes Et Cacao 700 G,75000,700g,0.5,0.5,0.075,False,LOW,BRAND_GAP,https://i0.wp.com/www.taibaoline.com/wp-content/uploads/2024/04/Remove-bg.ai_1712312746864.png?fit=1280%2C719&ssl=1,True,WOULD_REVIEW,,,
6a7b92cd0d97848094f62e56,قازوز زعيم اورونجينا,130,2 ل,2L,34812,Eau Gazeuse Mirinda Ananas 2L,14000,2L,0.333,0.333,0.214,True,LOW,BRAND_GAP,https://i0.wp.com/www.taibaoline.com/wp-content/uploads/2024/03/mirinda-gout-ananas-2l-zoom.jpg?fit=1200%2C1200&ssl=1,False,WOULD_REVIEW,,,
6a7b92cd0d97848094f62e4e,قازوز اروى اورونجينا,75,1 ل,1L,34849,Eau Gazeuse Mirinda Ananas 1L,9000,1L,0.333,0.333,0.214,True,LOW,BRAND_GAP,https://i0.wp.com/www.taibaoline.com/wp-content/uploads/2024/03/1588505031971-min-317460_590x.webp?fit=590%2C815&ssl=1,False,WOULD_REVIEW,,,
6a7b92cd0d97848094f62e4a,حمص ميزان12,420,,,18740,Altadj pois chiche moulu 400g,21000,400g,0.5,0.5,0.129,False,LOW,BRAND_GAP,https://i0.wp.com/www.taibaoline.com/wp-content/uploads/2024/02/Remove-bg.ai_1707629890491.png?fit=675%2C1198&ssl=1,True,WOULD_REVIEW,,,
6a7b92cd0d97848094f62e43,شوكولاطة تالنت ذوق اللوز كبيرة,150,,,36390,MAXON  Végécao forré a la crème de noisette 90 g,0,90g,0.4,0.4,0.124,False,LOW,BRAND_GAP+DUP_SOURCE,https://i0.wp.com/www.taibaoline.com/wp-content/uploads/2024/03/Remove-bg.ai_1710865281184.png?fit=768%2C768&ssl=1,True,WOULD_REVIEW,,,
6a7b92cd0d97848094f62e42,فليطوكس اسود,180,,,35302,تاشفين &#8211; فلفل أكحل 15غ,7000,"15g,50g",0.5,0.5,0.089,False,LOW,BRAND_GAP,https://i0.wp.com/www.taibaoline.com/wp-content/uploads/2024/03/Remove-bg.ai_1710011658606.png?fit=899%2C1200&ssl=1,True,WOULD_REVIEW,,,
6a7b92cd0d97848094f62e3b,وفاء ورق صحي 4ايكو,120,,,35903,Djadati Pate Fillo 500G,24000,500g,0.25,0.25,0.157,False,LOW,BRAND_GAP+DUP_SOURCE,https://i0.wp.com/www.taibaoline.com/wp-content/uploads/2024/03/Remove-bg.ai_1710760994290.png?fit=1200%2C674&ssl=1,True,WOULD_REVIEW,,,
6a7b92cd0d97848094f62e38,كوتاكس برومو 4+2 كلاسيك,280,,,44770,Foody&#8217;s Classic Sauce Mayonnaise 850 G,30000,850g,0.5,0.5,0.131,False,LOW,BRAND_GAP,https://i0.wp.com/www.taibaoline.com/wp-content/uploads/2025/05/Remove-bg.ai_1748377995717.png?fit=964%2C1280&ssl=1,True,WOULD_REVIEW,,,
6a7b92cd0d97848094f62e37,كوتاكس ورق صحي 4 كونفور,120,,,35903,Djadati Pate Fillo 500G,24000,500g,0.25,0.25,0.189,False,LOW,BRAND_GAP+DUP_SOURCE,https://i0.wp.com/www.taibaoline.com/wp-content/uploads/2024/03/Remove-bg.ai_1710760994290.png?fit=1200%2C674&ssl=1,True,WOULD_REVIEW,,,
6a7b92cd0d97848094f62e36,وفاء ايكو +4,220,,,34975,Wafa Lingettes Humide 72 Lingettes,30000,,0.5,0.5,0.127,False,LOW,BRAND_GAP+DUP_SOURCE,https://i0.wp.com/www.taibaoline.com/wp-content/uploads/2024/03/photo_2024-03-11_09-36-12.jpg?fit=1200%2C674&ssl=1,False,WOULD_REVIEW,,,
6a7b92cd0d97848094f62e33,كوتاكس 2 كلاسيك,120,,,44770,Foody&#8217;s Classic Sauce Mayonnaise 850 G,30000,850g,0.5,0.5,0.14,False,LOW,BRAND_GAP,https://i0.wp.com/www.taibaoline.com/wp-content/uploads/2025/05/Remove-bg.ai_1748377995717.png?fit=964%2C1280&ssl=1,True,WOULD_REVIEW,,,
6a7b92cd0d97848094f62e30,وفاء ايكو 2حبات,130,,,34975,Wafa Lingettes Humide 72 Lingettes,30000,,0.333,0.333,0.142,False,LOW,BRAND_GAP+DUP_SOURCE,https://i0.wp.com/www.taibaoline.com/wp-content/uploads/2024/03/photo_2024-03-11_09-36-12.jpg?fit=1200%2C674&ssl=1,False,WOULD_REVIEW,,,
6a7b92cd0d97848094f62e2f,صحن بلاستيك قطعة,140,20,,47224,Siplait Fromage 32 pièces,29500,,0.5,0.5,0.157,False,LOW,BRAND_GAP,https://i0.wp.com/www.taibaoline.com/wp-content/uploads/2025/07/Remove-bg.ai_1752053144743.png?fit=1280%2C962&ssl=1,True,WOULD_REVIEW,,,
6a7b92cd0d97848094f62e2e,حليب البقرة,100,,,6255,حليب أوبي 1 لتر,12500,1L,0.593,0.5,0.593,False,LOW,BRAND_GAP+DUP_SOURCE,https://i0.wp.com/www.taibaoline.com/wp-content/uploads/2023/12/leche-obei-1l-1.jpg?fit=800%2C800&ssl=1,False,WOULD_REVIEW,,,
6a7b92cd0d97848094f62e2d,رايب سوري,150,,,28115,  Raib Au Bifides Soummam 1L,14000,1L,0.5,0.5,0.161,False,LOW,BRAND_GAP+DUP_SOURCE,https://i0.wp.com/www.taibaoline.com/wp-content/uploads/2024/02/Remove-bg.ai_1750349269379.png?fit=800%2C800&ssl=1,True,WOULD_REVIEW,,,
6a7b92cd0d97848094f62e2c,رامي 1.25لنر,140,,,36091,Jus Ramy Milky Pêche 1L,12000,1L,0.5,0.5,0.145,False,LOW,BRAND_GAP+DUP_SOURCE,https://i0.wp.com/www.taibaoline.com/wp-content/uploads/2024/03/20240316_161740-removebg-preview.png?fit=500%2C500&ssl=1,True,WOULD_REVIEW,,,
6a7b92cd0d97848094f62e29,فانتا 1اتر,100,,,33167,Eau Gazeuse Fanta Ananas 33 CL,0,330ml,0.5,0.5,0.149,False,LOW,BRAND_GAP,https://i0.wp.com/www.taibaoline.com/wp-content/uploads/2024/03/Remove-bg.ai_1709676719743.png?fit=999%2C749&ssl=1,True,WOULD_REVIEW,,,
6a7b92cd0d97848094f62e27,فرماج شاف شيزي,65,,,29353,اختصاص جبني بالقشدة طبيعي  _ PRÉSIDENT  2 pièces,18000,,0.333,0.333,0.158,False,LOW,BRAND_GAP,https://i0.wp.com/www.taibaoline.com/wp-content/uploads/2024/02/President-Fraidou-Specialite-Fromagere-Au-Bon-Gout-Frais-Nature-2x75g.jpg?fit=600%2C600&ssl=1,False,WOULD_REVIEW,,,
6a7b92cd0d97848094f62e26,فرماج شاف تارتينو,65,,,18775,بذوق الدجاج المشوي Tartino Cuisto 4 PIECES  _ 280 G,25000,280g,0.333,0.333,0.131,False,LOW,BRAND_GAP,https://i0.wp.com/www.taibaoline.com/wp-content/uploads/2024/02/Tartino-cuisto-poulet-roti.png?fit=800%2C800&ssl=1,False,WOULD_REVIEW,,,
6a7b92cd0d97848094f62e24,مارشملو الخروف,140,,,32426,Dadey Biscuits Fourré De Guimauve enrobé De Cacao 240G ,12000,240g,0.5,0.5,0.121,False,LOW,BRAND_GAP,https://i0.wp.com/www.taibaoline.com/wp-content/uploads/2024/03/Remove-bg.ai_1709442528030-1.png?fit=673%2C1200&ssl=1,True,WOULD_REVIEW,,,
6a7b92cd0d97848094f62e23,ميني شيبس السطان +ماستر شيبس,60,,,33159,Mini Cookies De Bimo Goùt Chocolat 120 G,9000,120g,0.25,0.25,0.173,False,LOW,BRAND_GAP,https://i0.wp.com/www.taibaoline.com/wp-content/uploads/2024/03/Remove-bg.ai_1709580400737.png?fit=675%2C1198&ssl=1,True,WOULD_REVIEW,,,
6a7b92cd0d97848094f62e22,شيبس ريفكس,60,,,54562,Silver Chips Goùt Chili &#038; Lime 45 G,15000,45g,0.5,0.5,0.114,False,LOW,BRAND_GAP,,False,WOULD_REVIEW,,,
6a7b92cd0d97848094f62e21,شيبس سلطان,120,,,54562,Silver Chips Goùt Chili &#038; Lime 45 G,15000,45g,0.5,0.5,0.114,False,LOW,BRAND_GAP,,False,WOULD_REVIEW,,,
6a7b92cd0d97848094f62e20,ماستر شيبس,120,,,54562,Silver Chips Goùt Chili &#038; Lime 45 G,15000,45g,0.5,0.5,0.114,False,LOW,BRAND_GAP,,False,WOULD_REVIEW,,,
6a7b92cd0d97848094f62e1f,قلم الصبورة البيضاء,50,,,35685,MOMENT Chocolat blanc praliné 90 g,18000,90g,0.333,0.333,0.183,False,LOW,BRAND_GAP,https://i0.wp.com/www.taibaoline.com/wp-content/uploads/2024/03/Remove-bg.ai_1710540908772.png?fit=768%2C768&ssl=1,True,WOULD_REVIEW,,,
6a7b92cd0d97848094f62e1a,شامبو داليا,180,,,16895,VATIKA SHAMPOO- SPANISH GARLIC,26000,,0.5,0.5,0.052,False,LOW,BRAND_GAP,https://i0.wp.com/www.taibaoline.com/wp-content/uploads/2024/02/OIP-5.jpg?fit=480%2C480&ssl=1,False,WOULD_REVIEW,,,
6a7b92cd0d97848094f62e13,شامبو اطفال فينوس250مل,140,,250ml,44520,Sauce De Soja Dark 250 ML,65000,250ml,0.135,0.0,0.135,True,LOW,COMMON_ONLY,https://i0.wp.com/www.taibaoline.com/wp-content/uploads/2025/05/Remove-bg.ai_1748202391698.png?fit=964%2C1280&ssl=1,True,WOULD_REVIEW,,,
6a7b92cd0d97848094f62e12,عطر نساء اوليمبيا,580,,,31835,Stic blocs wc fraicheur citron 3blocs,23000,,0.333,0.333,0.168,False,LOW,BRAND_GAP,https://i0.wp.com/www.taibaoline.com/wp-content/uploads/2024/03/Remove-bg.ai_1709155541054.png?fit=675%2C1198&ssl=1,True,WOULD_REVIEW,,,
6a7b92cd0d97848094f62e11,عطر نساء ماي واي,450,,,37093,El mordjene Arome Vanille 200G,23000,200g,0.25,0.25,0.151,False,LOW,BRAND_GAP,https://i0.wp.com/www.taibaoline.com/wp-content/uploads/2024/03/Remove-bg.ai_1711375038693.png?fit=1200%2C674&ssl=1,True,WOULD_REVIEW,,,
6a7b92cd0d97848094f62e0f,بيبرو القو 240مل بلاستيك,250,,240ml,39795,Biberon 240 ML رضاعة للأطفال,35000,240ml,0.147,0.0,0.147,True,LOW,COMMON_ONLY,https://i0.wp.com/www.taibaoline.com/wp-content/uploads/2024/07/Remove-bg.ai_1720610877789.png?fit=1280%2C719&ssl=1,True,WOULD_REVIEW,,,
6a7b92cd0d97848094f62e0e,شامبو دوركس برومو,450,,,16895,VATIKA SHAMPOO- SPANISH GARLIC,26000,,0.5,0.5,0.068,False,LOW,BRAND_GAP,https://i0.wp.com/www.taibaoline.com/wp-content/uploads/2024/02/OIP-5.jpg?fit=480%2C480&ssl=1,False,WOULD_REVIEW,,,
6a7b92cd0d97848094f62e0a,معطر الجو مانغا,260,,,31835,Stic blocs wc fraicheur citron 3blocs,23000,,0.333,0.333,0.154,False,LOW,BRAND_GAP,https://i0.wp.com/www.taibaoline.com/wp-content/uploads/2024/03/Remove-bg.ai_1709155541054.png?fit=675%2C1198&ssl=1,True,WOULD_REVIEW,,,
6a7b92cd0d97848094f62e08,صابون سائل شييهاد بلوس,140,,,41456,Cheezy Plus Au Cheddar 8 pièce,12000,,0.25,0.25,0.18,False,LOW,BRAND_GAP,https://i0.wp.com/www.taibaoline.com/wp-content/uploads/2024/12/Remove-bg.ai_1735377278656.png?fit=964%2C1280&ssl=1,True,WOULD_REVIEW,,,
6a7b92cd0d97848094f62e05,شوكولاكة روايال هالفة,350,,,18706,lala fatma bessissa royale 500g,16000,500g,0.333,0.333,0.188,False,LOW,BRAND_GAP,https://i0.wp.com/www.taibaoline.com/wp-content/uploads/2024/02/Remove-bg.ai_1707630153868.png?fit=675%2C1198&ssl=1,True,WOULD_REVIEW,,,
6a7b92cd0d97848094f62e04,شوكولاطة تالنت ذوق الفول السوداني كبيرة,120,,,37984,Tartinella Brotein Boost Beurre De Cacahuètes 700G,70000,700g,0.333,0.333,0.205,False,LOW,BRAND_GAP,https://i0.wp.com/www.taibaoline.com/wp-content/uploads/2024/04/Remove-bg.ai_1713971318203.png?fit=1280%2C719&ssl=1,True,WOULD_REVIEW,,,
6a7b92cd0d97848094f62e02,قوفريط نيتا دوبيو,100,,,8117,Madas Free Gaufrettes Goùt Fraise 150 G,30000,150g,0.333,0.333,0.146,False,LOW,BRAND_GAP,https://i0.wp.com/www.taibaoline.com/wp-content/uploads/2024/01/Remove-bg.ai_1751885576614.png?fit=1280%2C962&ssl=1,True,WOULD_REVIEW,,,
6a7b92cd0d97848094f62e01,ثوفريط نيتا سو وافر,100,,,34629,Gusti Wafer Cake Enroubé au Cacao et Fourré au Chocolat 48G,4000,48g,0.25,0.25,0.093,False,LOW,BRAND_GAP,https://i0.wp.com/www.taibaoline.com/wp-content/uploads/2024/03/Remove-bg.ai_1709841662982.png?fit=1200%2C674&ssl=1,True,WOULD_REVIEW,,,
6a7b92cd0d97848094f62e00,شوكولاطة تويتي,50,,,37358,Cheba Chocolat Au Lait Et Aux Noisettes 100 G,18000,100g,0.5,0.5,0.122,False,LOW,BRAND_GAP,https://i0.wp.com/www.taibaoline.com/wp-content/uploads/2024/03/Remove-bg.ai_1710533197058.png?fit=1080%2C809&ssl=1,True,WOULD_REVIEW,,,
6a7b92cd0d97848094f62dfe,شوكولاطة ماروخا ذوق الحليب و اللوز,200,,,36212,Optilla Aux Amandes Et Lait 140 G,19500,140g,0.6,0.6,0.276,False,LOW,BRAND_GAP+DUP_SOURCE,https://i0.wp.com/www.taibaoline.com/wp-content/uploads/2024/03/Remove-bg.ai_1710859942051.png?fit=810%2C1078&ssl=1,True,WOULD_REVIEW,,,
6a7b92cd0d97848094f62dfd,شوكولاطة مايلا ذوق اللوز,180,,,36390,MAXON  Végécao forré a la crème de noisette 90 g,0,90g,0.5,0.5,0.14,False,LOW,BRAND_GAP+DUP_SOURCE,https://i0.wp.com/www.taibaoline.com/wp-content/uploads/2024/03/Remove-bg.ai_1710865281184.png?fit=768%2C768&ssl=1,True,WOULD_REVIEW,,,
6a7b92cd0d97848094f62dfb,شوكولاطة بايت ذوق الفستق,100,,,36390,MAXON  Végécao forré a la crème de noisette 90 g,0,90g,0.5,0.5,0.14,False,LOW,BRAND_GAP+DUP_SOURCE,https://i0.wp.com/www.taibaoline.com/wp-content/uploads/2024/03/Remove-bg.ai_1710865281184.png?fit=768%2C768&ssl=1,True,WOULD_REVIEW,,,
6a7b92cd0d97848094f62dfa,شوكولاطة نايس,100,,,37358,Cheba Chocolat Au Lait Et Aux Noisettes 100 G,18000,100g,0.5,0.5,0.123,False,LOW,BRAND_GAP,https://i0.wp.com/www.taibaoline.com/wp-content/uploads/2024/03/Remove-bg.ai_1710533197058.png?fit=1080%2C809&ssl=1,True,WOULD_REVIEW,,,
6a7b92cd0d97848094f62df8,اوبتيلا كراميل,90,,,36088,Optilla Végécao Forré A La Crème Goût Chocolat Noir 90 G,8500,90g,0.5,0.5,0.128,False,LOW,BRAND_GAP+DUP_SOURCE,https://i0.wp.com/www.taibaoline.com/wp-content/uploads/2024/03/Remove-bg.ai_1710535553555.png?fit=809%2C1080&ssl=1,True,WOULD_REVIEW,,,
6a7b92cd0d97848094f62df7,ماكسن كوكاو صغيرة,130,,,16194,Maxon cacao spred aux noisette 1kg,59000,1kg,0.333,0.333,0.195,False,LOW,BRAND_GAP,https://i0.wp.com/www.taibaoline.com/wp-content/uploads/2024/02/Remove-bg.ai_1707231564108-1.png?fit=1200%2C674&ssl=1,True,WOULD_REVIEW,,,
6a7b92cd0d97848094f62df5,مومنت شوكولاطة دبي كرطونة,470,,,36032,MOMENT Chocolat Blanc Praline et éclats de noisettes  90 g,22000,90g,0.5,0.5,0.214,False,LOW,BRAND_GAP,https://i0.wp.com/www.taibaoline.com/wp-content/uploads/2024/03/Remove-bg.ai_1710535000761-e1710802114950.png?fit=1080%2C809&ssl=1,True,WOULD_REVIEW,,,
6a7b92cd0d97848094f62df4,شوكولاطة ستوري كبيرة,260,,,37365,Cheba chocolat au lait 100 g,15000,100g,0.333,0.333,0.182,False,LOW,BRAND_GAP,https://i0.wp.com/www.taibaoline.com/wp-content/uploads/2024/03/Remove-bg.ai_1711762073808.png?fit=1080%2C809&ssl=1,True,WOULD_REVIEW,,,
6a7b92cd0d97848094f62df0,حلوى نبوليتانو موف,380,,,27212,  Yaourt Soummam Crème Déssert Gout Caramel 100 g,2750,100g,0.333,0.333,0.097,False,LOW,BRAND_GAP,https://i0.wp.com/www.taibaoline.com/wp-content/uploads/2024/02/Remove-bg.ai_1708176243675.png?fit=600%2C340&ssl=1,True,WOULD_REVIEW,,,
6a7b92cd0d97848094f62def,حلوى نابوليتانو,300,,,16014,Rawdha Halwa Chamia Vanille 350 G,25000,350g,0.5,0.5,0.149,False,LOW,BRAND_GAP,https://i0.wp.com/www.taibaoline.com/wp-content/uploads/2024/02/SnapBG.ai_1772706255886.png?fit=1280%2C569&ssl=1,True,WOULD_REVIEW,,,
6a7b92cd0d97848094f62dee,هابي دراي 6/35,990,,,41925,Happy Créme De Noisettes 700G,81000,700g,0.5,0.5,0.139,False,LOW,BRAND_GAP,https://i0.wp.com/www.taibaoline.com/wp-content/uploads/2025/02/Remove-bg.ai_1738766622722.png?fit=1280%2C962&ssl=1,True,WOULD_REVIEW,,,
6a7b92cd0d97848094f62ded,هابي دراي 4/40,960,,,41925,Happy Créme De Noisettes 700G,81000,700g,0.5,0.5,0.158,False,LOW,BRAND_GAP,https://i0.wp.com/www.taibaoline.com/wp-content/uploads/2025/02/Remove-bg.ai_1738766622722.png?fit=1280%2C962&ssl=1,True,WOULD_REVIEW,,,
6a7b92cd0d97848094f62dec,هابي دراي 5/40,1,,,41925,Happy Créme De Noisettes 700G,81000,700g,0.5,0.5,0.158,False,LOW,BRAND_GAP,https://i0.wp.com/www.taibaoline.com/wp-content/uploads/2025/02/Remove-bg.ai_1738766622722.png?fit=1280%2C962&ssl=1,True,WOULD_REVIEW,,,
6a7b92cd0d97848094f62deb,هابي دراي كيلوت 4/25,610,,,37535,Happy Pate à Tartiner Aux Noisettes Et Cacao 700 G,75000,700g,0.333,0.333,0.12,False,LOW,BRAND_GAP+DUP_SOURCE,https://i0.wp.com/www.taibaoline.com/wp-content/uploads/2024/04/Remove-bg.ai_1712312746864.png?fit=1280%2C719&ssl=1,True,WOULD_REVIEW,,,
6a7b92cd0d97848094f62dea,هابي دراي كيلوت 6/20,570,,,37535,Happy Pate à Tartiner Aux Noisettes Et Cacao 700 G,75000,700g,0.333,0.333,0.132,False,LOW,BRAND_GAP+DUP_SOURCE,https://i0.wp.com/www.taibaoline.com/wp-content/uploads/2024/04/Remove-bg.ai_1712312746864.png?fit=1280%2C719&ssl=1,True,WOULD_REVIEW,,,
6a7b92cd0d97848094f62de9,هابي دراي كيلوت 5/25,640,,,37535,Happy Pate à Tartiner Aux Noisettes Et Cacao 700 G,75000,700g,0.333,0.333,0.12,False,LOW,BRAND_GAP+DUP_SOURCE,https://i0.wp.com/www.taibaoline.com/wp-content/uploads/2024/04/Remove-bg.ai_1712312746864.png?fit=1280%2C719&ssl=1,True,WOULD_REVIEW,,,
6a7b92cd0d97848094f62de8,بيمبيز كيلوت 5/40,1,,,40952,Ferrero Confetterai Raffaello 40G,35000,40g,0.168,0.0,0.168,False,LOW,COMMON_ONLY,https://i0.wp.com/www.taibaoline.com/wp-content/uploads/2024/11/Remove-bg.ai_1730978720262.png?fit=1024%2C1024&ssl=1,True,WOULD_REVIEW,,,
6a7b92cd0d97848094f62de7,كانبيبي 2/40,880,,,37351,منى فيجيكاو بالحليب 40 غ,3500,40g,0.254,0.0,0.254,False,LOW,COMMON_ONLY+DUP_SOURCE,https://i0.wp.com/www.taibaoline.com/wp-content/uploads/2024/03/Remove-bg.ai_1711757050298-e1711757126966.png?fit=1080%2C809&ssl=1,True,WOULD_REVIEW,,,
6a7b92cd0d97848094f62de6,كانبيبي 1/40,790,,,37351,منى فيجيكاو بالحليب 40 غ,3500,40g,0.254,0.0,0.254,False,LOW,COMMON_ONLY+DUP_SOURCE,https://i0.wp.com/www.taibaoline.com/wp-content/uploads/2024/03/Remove-bg.ai_1711757050298-e1711757126966.png?fit=1080%2C809&ssl=1,True,WOULD_REVIEW,,,
6a7b92cd0d97848094f62de5,بيمبيز 6/35,1,,,28223,قصبر توابل تاشفين 35 غ,5500,35g,0.109,0.0,0.109,False,LOW,COMMON_ONLY,https://i0.wp.com/www.taibaoline.com/wp-content/uploads/2024/02/Remove-bg.ai_1708461632587.png?fit=900%2C1198&ssl=1,True,WOULD_REVIEW,,,
6a7b92cd0d97848094f62de4,بيمبيز 4/40,1,,,37351,منى فيجيكاو بالحليب 40 غ,3500,40g,0.2,0.0,0.2,False,LOW,COMMON_ONLY+DUP_SOURCE,https://i0.wp.com/www.taibaoline.com/wp-content/uploads/2024/03/Remove-bg.ai_1711757050298-e1711757126966.png?fit=1080%2C809&ssl=1,True,WOULD_REVIEW,,,
6a7b92cd0d97848094f62de3,كونبيبي 4/40,1,,,37351,منى فيجيكاو بالحليب 40 غ,3500,40g,0.254,0.0,0.254,False,LOW,COMMON_ONLY+DUP_SOURCE,https://i0.wp.com/www.taibaoline.com/wp-content/uploads/2024/03/Remove-bg.ai_1711757050298-e1711757126966.png?fit=1080%2C809&ssl=1,True,WOULD_REVIEW,,,
6a7b92cd0d97848094f62ddf,جلبانة 300غ بلجيكا,200,,300g,8270,Hidhab Pates Rechta 300 G,14000,300g,0.206,0.0,0.206,True,LOW,COMMON_ONLY+DUP_SOURCE,https://i0.wp.com/www.taibaoline.com/wp-content/uploads/2024/01/Remove-bg.ai_1751795039321.png?fit=1200%2C897&ssl=1,True,WOULD_REVIEW,,,
6a7b92cd0d97848094f62dde,فرماج طارتينو,395,24 قطعة,,29346,اختصاص جبني بالقشدة بالثوم و الاعشاب  _ PRÉSIDENT  2 pièces,19000,,0.5,0.5,0.089,False,LOW,BRAND_GAP,https://i0.wp.com/www.taibaoline.com/wp-content/uploads/2024/02/President-Fraidou-Specialite-Fromagere-Au-Bon-Gout-Frais-Ail-fines-herbes-2x75g.jpg?fit=600%2C600&ssl=1,False,WOULD_REVIEW,,,
6a7b92cd0d97848094f62ddd,فرماج طارتينو,270,16 قطعة,,29346,اختصاص جبني بالقشدة بالثوم و الاعشاب  _ PRÉSIDENT  2 pièces,19000,,0.5,0.5,0.089,False,LOW,BRAND_GAP,https://i0.wp.com/www.taibaoline.com/wp-content/uploads/2024/02/President-Fraidou-Specialite-Fromagere-Au-Bon-Gout-Frais-Ail-fines-herbes-2x75g.jpg?fit=600%2C600&ssl=1,False,WOULD_REVIEW,,,
6a7b92cd0d97848094f62ddc,رامي موخيطو زجاج 25سل,80,,,36092,Jus Ramy Milky Fraise Framboise 1L,12000,1L,0.333,0.333,0.169,False,LOW,BRAND_GAP,https://i0.wp.com/www.taibaoline.com/wp-content/uploads/2024/03/20240316_161855-removebg-preview-1.png?fit=500%2C500&ssl=1,True,WOULD_REVIEW,,,
6a7b92cd0d97848094f62ddb,كرام فراش صومام,220,500 مل,500ml,42184,Soummam Sauce Béchamel 500 ML,18000,500ml,0.333,0.333,0.136,True,LOW,BRAND_GAP,https://i0.wp.com/www.taibaoline.com/wp-content/uploads/2025/02/SnapBG.ai_1740077955109.png?fit=1280%2C962&ssl=1,True,WOULD_REVIEW,,,
6a7b92cd0d97848094f62dda,كرام فراش كانديا 20سل,160,,,40571,Candia Lait Sans Lactose 50CL,9000,500ml,0.5,0.5,0.188,False,LOW,BRAND_GAP+DUP_SOURCE,https://i0.wp.com/www.taibaoline.com/wp-content/uploads/2024/10/item1615391263.jpg?fit=800%2C800&ssl=1,False,WOULD_REVIEW,,,
6a7b92cd0d97848094f62dd9,كرام فراش كانديا,260,500 مل,500ml,6265,Candia Lait 50 CL,7500,500ml,0.333,0.333,0.219,True,LOW,BRAND_GAP,https://i0.wp.com/www.taibaoline.com/wp-content/uploads/2023/12/Candia-Lait-0.5l.jpg?fit=600%2C600&ssl=1,False,WOULD_REVIEW,,,
6a7b92cd0d97848094f62dd3,قازوز اروى 33سل,30,,,6265,Candia Lait 50 CL,7500,500ml,0.333,0.333,0.167,False,LOW,BRAND_GAP+DUP_SOURCE,https://i0.wp.com/www.taibaoline.com/wp-content/uploads/2023/12/Candia-Lait-0.5l.jpg?fit=600%2C600&ssl=1,False,WOULD_REVIEW,,,
6a7b92cd0d97848094f62dc7,مزيل الروائح بريلكس,70,,,58023,"Brilex Adoucissant Linge 1,2 L",28000,1.2L,0.333,0.333,0.145,False,LOW,BRAND_GAP,https://i0.wp.com/www.taibaoline.com/wp-content/uploads/2025/11/IMG20251127093826-1.webp?fit=1080%2C607&ssl=1,False,WOULD_REVIEW,,,
6a7b92cd0d97848094f62dc3,ملمع الاثاث,130,,,27883,Doriflor dépoussiérant meuble tout type de bois 1l,0,1L,0.5,0.5,0.102,False,LOW,BRAND_GAP,https://i0.wp.com/www.taibaoline.com/wp-content/uploads/2024/02/Remove-bg.ai_1708290724578.png?fit=675%2C1198&ssl=1,True,WOULD_REVIEW,,,
6a7b92cd0d97848094f62db8,بريلكس مزيل الدهون صغير,240,500 مل,500ml,27861,Brilex polish dépoussiérant 500ml,0,"400ml,500ml",0.25,0.25,0.206,True,LOW,BRAND_GAP,https://i0.wp.com/www.taibaoline.com/wp-content/uploads/2024/02/Remove-bg.ai_1708290803529.png?fit=675%2C1198&ssl=1,True,WOULD_REVIEW,,,
6a7b92cd0d97848094f62db2,بهار معطر الملابس,130,,,31835,Stic blocs wc fraicheur citron 3blocs,23000,,0.333,0.333,0.167,False,LOW,BRAND_GAP,https://i0.wp.com/www.taibaoline.com/wp-content/uploads/2024/03/Remove-bg.ai_1709155541054.png?fit=675%2C1198&ssl=1,True,WOULD_REVIEW,,,
6a7b92cd0d97848094f62db1,بيمبيز 6 ميقا برومو 20+10,750,,,27938,أسيل &#8211; ثوم مرحي 30 غ,5000,"20g,30g",0.198,0.0,0.198,False,LOW,COMMON_ONLY,https://i0.wp.com/www.taibaoline.com/wp-content/uploads/2024/02/Remove-bg.ai_1708446854625.png?fit=900%2C1198&ssl=1,True,WOULD_REVIEW,,,
6a7b92cd0d97848094f62db0,بيمبيز 4 ميقا بورمو 18+9,630,,,35471,  Mont D&#8217;Or Junior Fromage Fondu Aux 3 Fromages 400G,31000,400g,0.105,0.0,0.105,False,LOW,COMMON_ONLY,https://i0.wp.com/www.taibaoline.com/wp-content/uploads/2024/03/Remove-bg.ai_1710323828764.png?fit=1200%2C673&ssl=1,True,WOULD_REVIEW,,,
6a7b92cd0d97848094f62daf,بيمبيز 5 ميقا برومو 16+8,630,,,26137,BRAVO Fromage 16 pièces,16500,,0.194,0.0,0.194,False,LOW,COMMON_ONLY,https://i0.wp.com/www.taibaoline.com/wp-content/uploads/2024/02/Remove-bg.ai_1715182131499.png?fit=1280%2C719&ssl=1,True,WOULD_REVIEW,,,
6a7b92cd0d97848094f62dae,فرماج لافاش كيري 8 قطع,105,,,26256,La Vache qui rit Fromage 8 pièces,10500,,0.5,0.5,0.149,False,LOW,BRAND_GAP+DUP_SOURCE,https://i0.wp.com/www.taibaoline.com/wp-content/uploads/2024/02/Remove-bg.ai_1711443524523.png?fit=1200%2C674&ssl=1,True,WOULD_REVIEW,,,
6a7b92cd0d97848094f62dad,فرماج لافاش كيري,200,16 قطعة,,29353,اختصاص جبني بالقشدة طبيعي  _ PRÉSIDENT  2 pièces,18000,,0.333,0.333,0.172,False,LOW,BRAND_GAP,https://i0.wp.com/www.taibaoline.com/wp-content/uploads/2024/02/President-Fraidou-Specialite-Fromagere-Au-Bon-Gout-Frais-Nature-2x75g.jpg?fit=600%2C600&ssl=1,False,WOULD_REVIEW,,,
6a7b92cd0d97848094f62dac,فرماج لافاش كيري,295,24 قطعة,,29353,اختصاص جبني بالقشدة طبيعي  _ PRÉSIDENT  2 pièces,18000,,0.333,0.333,0.172,False,LOW,BRAND_GAP,https://i0.wp.com/www.taibaoline.com/wp-content/uploads/2024/02/President-Fraidou-Specialite-Fromagere-Au-Bon-Gout-Frais-Nature-2x75g.jpg?fit=600%2C600&ssl=1,False,WOULD_REVIEW,,,
6a7b92cd0d97848094f62dab,فرماج بيكو,215,24 قطعة,,29346,اختصاص جبني بالقشدة بالثوم و الاعشاب  _ PRÉSIDENT  2 pièces,19000,,0.5,0.5,0.091,False,LOW,BRAND_GAP,https://i0.wp.com/www.taibaoline.com/wp-content/uploads/2024/02/President-Fraidou-Specialite-Fromagere-Au-Bon-Gout-Frais-Ail-fines-herbes-2x75g.jpg?fit=600%2C600&ssl=1,False,WOULD_REVIEW,,,
6a7b92cd0d97848094f62da7,فرماج شيزي,185,16 قطعة,,29346,اختصاص جبني بالقشدة بالثوم و الاعشاب  _ PRÉSIDENT  2 pièces,19000,,0.5,0.5,0.076,False,LOW,BRAND_GAP,https://i0.wp.com/www.taibaoline.com/wp-content/uploads/2024/02/President-Fraidou-Specialite-Fromagere-Au-Bon-Gout-Frais-Ail-fines-herbes-2x75g.jpg?fit=600%2C600&ssl=1,False,WOULD_REVIEW,,,
6a7b92cd0d97848094f62da6,فرماج شيزي,270,24 قطعة,,29346,اختصاص جبني بالقشدة بالثوم و الاعشاب  _ PRÉSIDENT  2 pièces,19000,,0.5,0.5,0.076,False,LOW,BRAND_GAP,https://i0.wp.com/www.taibaoline.com/wp-content/uploads/2024/02/President-Fraidou-Specialite-Fromagere-Au-Bon-Gout-Frais-Ail-fines-herbes-2x75g.jpg?fit=600%2C600&ssl=1,False,WOULD_REVIEW,,,
6a7b92cd0d97848094f62d9b,ياغورت قريك شوكو,65,,,27070,  Yaourt Soummam Dialna chocolat 70g,1750,70g,0.333,0.333,0.213,False,LOW,BRAND_GAP,https://i0.wp.com/www.taibaoline.com/wp-content/uploads/2024/02/Remove-bg.ai_1708176661350.png?fit=600%2C338&ssl=1,True,WOULD_REVIEW,,,
6a7b92cd0d97848094f62d97,ياغورت قريك كبير,65,,,33363,Pain de tacos totillas Maxi format 10trtlls,34000,,0.333,0.333,0.163,False,LOW,BRAND_GAP,https://i0.wp.com/www.taibaoline.com/wp-content/uploads/2024/03/Remove-bg.ai_1709738348130.png?fit=1200%2C675&ssl=1,True,WOULD_REVIEW,,,
6a7b92cd0d97848094f62d96,ياغورت قريك طبيعي صغير,50,,,27070,  Yaourt Soummam Dialna chocolat 70g,1750,70g,0.333,0.333,0.156,False,LOW,BRAND_GAP,https://i0.wp.com/www.taibaoline.com/wp-content/uploads/2024/02/Remove-bg.ai_1708176661350.png?fit=600%2C338&ssl=1,True,WOULD_REVIEW,,,
6a7b92cd0d97848094f62d94,ياغورت تيسويس,20,,,57113,Yaourt Danone Activia Muesli Miel 100 G,4000,100g,0.5,0.5,0.176,False,LOW,BRAND_GAP+DUP_SOURCE,https://i0.wp.com/www.taibaoline.com/wp-content/uploads/2025/11/IMG20251116094634-removebg-preview-1.webp?fit=1080%2C608&ssl=1,True,WOULD_REVIEW,,,
6a7b92cd0d97848094f62d8f,ياغورت اكتي,30,,,57113,Yaourt Danone Activia Muesli Miel 100 G,4000,100g,0.5,0.5,0.164,False,LOW,BRAND_GAP+DUP_SOURCE,https://i0.wp.com/www.taibaoline.com/wp-content/uploads/2025/11/IMG20251116094634-removebg-preview-1.webp?fit=1080%2C608&ssl=1,True,WOULD_REVIEW,,,
6a7b92cd0d97848094f62d81,رامي 33سل,50,,,36377,Rouiba Jus Excellence Poire 75 CL,16000,750ml,0.5,0.5,0.098,False,LOW,BRAND_GAP,https://i0.wp.com/www.taibaoline.com/wp-content/uploads/2024/03/Photoroom-20250428_144806-768x1286-removebg-preview-6.webp?fit=644%2C1080&ssl=1,True,WOULD_REVIEW,,,
6a7b92cd0d97848094f62d7f,فرماج بيتزا سيسيليان,230,800 غ,800g,30096,Fromage Napoli Hyper fondant 800 g,32000,800g,0.333,0.333,0.103,True,LOW,BRAND_GAP+DUP_SOURCE,https://i0.wp.com/www.taibaoline.com/wp-content/uploads/2024/02/Remove-bg.ai_1708795784383.png?fit=1200%2C1200&ssl=1,True,WOULD_REVIEW,,,
6a7b92cd0d97848094f62d7d,بالي نوعية جيدة,160,,,17529,Galb Elhaba Semoule 1 KG,12000,1kg,0.333,0.333,0.161,False,LOW,BRAND_GAP,https://i0.wp.com/www.taibaoline.com/wp-content/uploads/2024/02/Remove-bg.ai_1707430664799.png?fit=675%2C1198&ssl=1,True,WOULD_REVIEW,,,
6a7b92cd0d97848094f62d79,فروطوار 43سم عادي,90,,,40976,Kinder Bueno Chocolat 43 G,22000,43g,0.111,0.0,0.111,False,LOW,COMMON_ONLY,https://i0.wp.com/www.taibaoline.com/wp-content/uploads/2024/11/Remove-bg.ai_1730977711246.png?fit=800%2C800&ssl=1,True,WOULD_REVIEW,,,
6a7b92cd0d97848094f62d76,فروطوار 40سم لام,150,,,37351,منى فيجيكاو بالحليب 40 غ,3500,40g,0.24,0.0,0.24,False,LOW,COMMON_ONLY+DUP_SOURCE,https://i0.wp.com/www.taibaoline.com/wp-content/uploads/2024/03/Remove-bg.ai_1711757050298-e1711757126966.png?fit=1080%2C809&ssl=1,True,WOULD_REVIEW,,,
6a7b92cd0d97848094f62d75,فروطوار 54سم لام,200,,,30275,Flan Nouara Chocolat 54g,3500,54g,0.172,0.0,0.172,False,LOW,COMMON_ONLY,https://i0.wp.com/www.taibaoline.com/wp-content/uploads/2024/02/Remove-bg.ai_1708939488234.png?fit=1200%2C675&ssl=1,True,WOULD_REVIEW,,,
6a7b92cd0d97848094f62d72,رامي فروتي 20سل,30,,,36092,Jus Ramy Milky Fraise Framboise 1L,12000,1L,0.333,0.333,0.177,False,LOW,BRAND_GAP,https://i0.wp.com/www.taibaoline.com/wp-content/uploads/2024/03/20240316_161855-removebg-preview-1.png?fit=500%2C500&ssl=1,True,WOULD_REVIEW,,,
6a7b92cd0d97848094f62d70,ماء غازي بن هارون 33سل,35,,,17695,La Zeina Eau Aromatisée à La Fleur D&#8217;oranger 75CL,7500,750ml,0.4,0.4,0.101,False,LOW,BRAND_GAP+DUP_SOURCE,https://i0.wp.com/www.taibaoline.com/wp-content/uploads/2024/02/Remove-bg.ai_1707508314251.png?fit=675%2C1198&ssl=1,True,WOULD_REVIEW,,,
6a7b92cd0d97848094f62d6f,افروي ميلكي 33سل,70,,,6265,Candia Lait 50 CL,7500,500ml,0.333,0.333,0.192,False,LOW,BRAND_GAP+DUP_SOURCE,https://i0.wp.com/www.taibaoline.com/wp-content/uploads/2023/12/Candia-Lait-0.5l.jpg?fit=600%2C600&ssl=1,False,WOULD_REVIEW,,,
6a7b92cd0d97848094f62d6a,رامي ميلكي كرطونة 20سل,40,,,36091,Jus Ramy Milky Pêche 1L,12000,1L,0.5,0.5,0.28,False,LOW,BRAND_GAP+DUP_SOURCE,https://i0.wp.com/www.taibaoline.com/wp-content/uploads/2024/03/20240316_161740-removebg-preview.png?fit=500%2C500&ssl=1,True,WOULD_REVIEW,,,
6a7b92cd0d97848094f62d60,مرغرين التوريق صالحة,190,500 غ,500g,35479,La Parisienne Margarine De Feuilletage 500G,16500,500g,0.333,0.333,0.197,True,LOW,BRAND_GAP+DUP_SOURCE,https://i0.wp.com/www.taibaoline.com/wp-content/uploads/2024/03/margarine-la-parisienne.jpg-removebg-preview-1.webp?fit=880%2C1080&ssl=1,True,WOULD_REVIEW,,,
6a7b92cd0d97848094f62d5b,تيانتي بلاستيك 33سل,70,,,40571,Candia Lait Sans Lactose 50CL,9000,500ml,0.5,0.5,0.159,False,LOW,BRAND_GAP+DUP_SOURCE,https://i0.wp.com/www.taibaoline.com/wp-content/uploads/2024/10/item1615391263.jpg?fit=800%2C800&ssl=1,False,WOULD_REVIEW,,,
6a7b92cd0d97848094f62d5a,ايزم بلاستيك 33سل,70,,,40571,Candia Lait Sans Lactose 50CL,9000,500ml,0.5,0.5,0.161,False,LOW,BRAND_GAP+DUP_SOURCE,https://i0.wp.com/www.taibaoline.com/wp-content/uploads/2024/10/item1615391263.jpg?fit=800%2C800&ssl=1,False,WOULD_REVIEW,,,
6a7b92cd0d97848094f62d59,ايزم كانيطة 25سل,80,,,52932,Tino Huile D’Olive De Kabylie 25 CL,39000,250ml,0.333,0.333,0.098,False,LOW,BRAND_GAP,,False,WOULD_REVIEW,,,
6a7b92cd0d97848094f62d58,سليم ليم كانيطة 24سل,60,,,40571,Candia Lait Sans Lactose 50CL,9000,500ml,0.25,0.25,0.142,False,LOW,BRAND_GAP+DUP_SOURCE,https://i0.wp.com/www.taibaoline.com/wp-content/uploads/2024/10/item1615391263.jpg?fit=800%2C800&ssl=1,False,WOULD_REVIEW,,,
6a7b92cd0d97848094f62d56,تيانتي كانيطة 24سل,60,,,52932,Tino Huile D’Olive De Kabylie 25 CL,39000,250ml,0.333,0.333,0.145,False,LOW,BRAND_GAP,,False,WOULD_REVIEW,,,
6a7b92cd0d97848094f62d55,ماء مسعد حجم صغير 33سل,25,,,17695,La Zeina Eau Aromatisée à La Fleur D&#8217;oranger 75CL,7500,750ml,0.4,0.4,0.101,False,LOW,BRAND_GAP+DUP_SOURCE,https://i0.wp.com/www.taibaoline.com/wp-content/uploads/2024/02/Remove-bg.ai_1707508314251.png?fit=675%2C1198&ssl=1,True,WOULD_REVIEW,,,
6a7b92cd0d97848094f62d54,كوكاكولا حجم صغير 33سل,60,,,40571,Candia Lait Sans Lactose 50CL,9000,500ml,0.25,0.25,0.155,False,LOW,BRAND_GAP+DUP_SOURCE,https://i0.wp.com/www.taibaoline.com/wp-content/uploads/2024/10/item1615391263.jpg?fit=800%2C800&ssl=1,False,WOULD_REVIEW,,,
6a7b92cd0d97848094f62d53,ماء افري جينيور33سل,30,,,36115,"Ifri Fardeau de 6 bouteilles d&#8217;eau minérale (1,5 L)",23000,1.5L,0.5,0.5,0.116,False,LOW,BRAND_GAP+DUP_SOURCE,https://i0.wp.com/www.taibaoline.com/wp-content/uploads/2024/03/FB_IMG_1710805951909.jpg?fit=508%2C505&ssl=1,False,WOULD_REVIEW,,,
6a7b92cd0d97848094f62d52,رامي عسل 24سل,70,,,6265,Candia Lait 50 CL,7500,500ml,0.333,0.333,0.171,False,LOW,BRAND_GAP+DUP_SOURCE,https://i0.wp.com/www.taibaoline.com/wp-content/uploads/2023/12/Candia-Lait-0.5l.jpg?fit=600%2C600&ssl=1,False,WOULD_REVIEW,,,
6a7b92cd0d97848094f62d51,رامي جي كانيطة 24سل,60,,,36094,Jus Ramy Milky Grenadine 1L,12000,1L,0.5,0.5,0.202,False,LOW,BRAND_GAP+DUP_SOURCE,https://i0.wp.com/www.taibaoline.com/wp-content/uploads/2024/03/20240316_161809-removebg-preview-1.png?fit=500%2C500&ssl=1,True,WOULD_REVIEW,,,
6a7b92cd0d97848094f62d50,شوابس بلاستيك 33سل,65,,,40571,Candia Lait Sans Lactose 50CL,9000,500ml,0.5,0.5,0.144,False,LOW,BRAND_GAP+DUP_SOURCE,https://i0.wp.com/www.taibaoline.com/wp-content/uploads/2024/10/item1615391263.jpg?fit=800%2C800&ssl=1,False,WOULD_REVIEW,,,
6a7b92cd0d97848094f62d4f,فطر مقطع موندور,320,800 غ,800g,26245,MONT D&#8217;OR Cuisine et Sandwich 800G,39000,800g,0.333,0.333,0.168,True,LOW,BRAND_GAP,https://i0.wp.com/www.taibaoline.com/wp-content/uploads/2024/02/Remove-bg.ai_1708032847306.png?fit=1200%2C1200&ssl=1,True,WOULD_REVIEW,,,
6a7b92cd0d97848094f62d4b,كونفيتير سيكام فراولة,160,400 غ,400g,17319,Sicam Confiture D&#8217;Orange 400 G,12500,400g,0.333,0.333,0.179,True,LOW,BRAND_GAP,https://i0.wp.com/www.taibaoline.com/wp-content/uploads/2024/02/Remove-bg.ai_1707431831149.png?fit=675%2C1198&ssl=1,True,WOULD_REVIEW,,,
6a7b92cd0d97848094f62d43,ماء زهرة زاهية,60,,,17573,"El Wissem El Dahabi Eau De F leur 0,25L",4000,250ml,0.333,0.333,0.111,False,LOW,BRAND_GAP,https://i0.wp.com/www.taibaoline.com/wp-content/uploads/2024/02/Remove-bg.ai_1707504217304.png?fit=675%2C1198&ssl=1,True,WOULD_REVIEW,,,
6a7b92cd0d97848094f62d42,خل احمر سيدنا,90,,,35303,تينو &#8211; فلفل أحمر مسحوق 150 غ,25000,150g,0.333,0.333,0.282,False,LOW,BRAND_GAP+DUP_SOURCE,https://i0.wp.com/www.taibaoline.com/wp-content/uploads/2024/03/Remove-bg.ai_1710011772975.png?fit=899%2C1200&ssl=1,True,WOULD_REVIEW,,,
6a7b92cd0d97848094f62d41,خل ابيض,110,,,40163,Thika Riz Blanc 1KG,20000,1kg,0.5,0.5,0.162,False,LOW,BRAND_GAP,https://i0.wp.com/www.taibaoline.com/wp-content/uploads/2024/07/Remove-bg.ai_1749551275586.png?fit=400%2C400&ssl=1,True,WOULD_REVIEW,,,
6a7b92cd0d97848094f62d34,مرغرين لا بل,110,250 غ,250g,19031,MARGARINE SOL 250G,9500,250g,0.333,0.333,0.277,True,LOW,BRAND_GAP,https://i0.wp.com/www.taibaoline.com/wp-content/uploads/2024/02/Sol-Margarines-250G.jpg?fit=600%2C600&ssl=1,False,WOULD_REVIEW,,,
6a7b92cd0d97848094f62d2f,حمص بنارة صغيرة,120,,,33969,1Kg حمص _ Pois Chiche 9mm,28000,1kg,0.333,0.333,0.175,False,LOW,BRAND_GAP,https://i0.wp.com/www.taibaoline.com/wp-content/uploads/2024/03/RFF45T-1536x1536-1.jpg?fit=1536%2C1536&ssl=1,False,WOULD_REVIEW,,,
6a7b92cd0d97848094f62d2a,مايونيز ستار بلاستيك,280,,,18996,Star Beurre 200 G,18000,200g,0.5,0.5,0.184,False,LOW,BRAND_GAP,https://i0.wp.com/www.taibaoline.com/wp-content/uploads/2024/02/Remove-bg.ai_1753869376192.webp?fit=1073%2C1020&ssl=1,True,WOULD_REVIEW,,,
6a7b92cd0d97848094f62d08,صانيبو فور اكسبرس,200,,,32834,Nadji Grands Fours Caramel 10 Piéces,20000,,0.333,0.333,0.164,False,LOW,BRAND_GAP,https://i0.wp.com/www.taibaoline.com/wp-content/uploads/2024/03/Remove-bg.ai_1709457779822.png?fit=675%2C1198&ssl=1,True,WOULD_REVIEW,,,
6a7b92cd0d97848094f62d02,مزيل غبار بريلكس,220,,,58023,"Brilex Adoucissant Linge 1,2 L",28000,1.2L,0.333,0.333,0.15,False,LOW,BRAND_GAP,https://i0.wp.com/www.taibaoline.com/wp-content/uploads/2025/11/IMG20251127093826-1.webp?fit=1080%2C607&ssl=1,False,WOULD_REVIEW,,,
6a7b92cd0d97848094f62d01,منظف زجاج توب,130,,,44401,Tip Top Fromage Au Maasdam 16 pièces,29000,,0.5,0.5,0.087,False,LOW,BRAND_GAP+DUP_SOURCE,https://i0.wp.com/www.taibaoline.com/wp-content/uploads/2025/05/Remove-bg.ai_1748119658349.png?fit=1280%2C962&ssl=1,True,WOULD_REVIEW,,,
6a7b92cd0d97848094f62cfe,تيب مشروبات,80,,,44401,Tip Top Fromage Au Maasdam 16 pièces,29000,,0.5,0.5,0.124,False,LOW,BRAND_GAP+DUP_SOURCE,https://i0.wp.com/www.taibaoline.com/wp-content/uploads/2025/05/Remove-bg.ai_1748119658349.png?fit=1280%2C962&ssl=1,True,WOULD_REVIEW,,,
6a7b92cd0d97848094f62cfc,لانجات بيبي ماكس,100,72 قطعة,,35192,Mio Bébé Lingettes Humide 80 Unités,13500,,0.333,0.333,0.132,False,LOW,BRAND_GAP,https://i0.wp.com/www.taibaoline.com/wp-content/uploads/2024/03/Remove-bg.ai_1710098111854.png?fit=1200%2C674&ssl=1,True,WOULD_REVIEW,,,
6a7b92cd0d97848094f62cf9,لانجات وفاء,120,72 قطعة,,34975,Wafa Lingettes Humide 72 Lingettes,30000,,0.5,0.5,0.073,False,LOW,BRAND_GAP+DUP_SOURCE,https://i0.wp.com/www.taibaoline.com/wp-content/uploads/2024/03/photo_2024-03-11_09-36-12.jpg?fit=1200%2C674&ssl=1,False,WOULD_REVIEW,,,
6a7b92cd0d97848094f62cf8,لانجات وفاء مغطى,160,80 قطعة,,32899,Mon Goùter Fourré Au Goùt Fraise Et Enrobé Au Vegecao 10 PS,14000,,0.333,0.333,0.093,False,LOW,BRAND_GAP,https://i0.wp.com/www.taibaoline.com/wp-content/uploads/2024/03/Remove-bg.ai_1709578815550.png?fit=675%2C1198&ssl=1,True,WOULD_REVIEW,,,
6a7b92cd0d97848094f62cf7,كوش هابي دراي حجم صغير رقم5,240,,,8711,Nakhla Petit coude  (500g) نخلة كود صغير,6500,500g,0.202,0.167,0.202,False,LOW,BRAND_GAP+DUP_SOURCE,https://i0.wp.com/www.taibaoline.com/wp-content/uploads/2024/01/409707767_753446706808637_7321598605818236298_n-removebg-preview.png?fit=433%2C577&ssl=1,True,WOULD_REVIEW,,,
6a7b92cd0d97848094f62cf6,كوش هابي دراي حجم صغير رقم4,240,,,8667,Albaraka Coude N°4 (500g) البركة كود رقم 4,8000,500g,0.229,0.167,0.229,False,LOW,BRAND_GAP,https://i0.wp.com/www.taibaoline.com/wp-content/uploads/2024/01/Remove-bg.ai_1705910980734.png?fit=476%2C476&ssl=1,True,WOULD_REVIEW,,,
6a7b92cd0d97848094f62cf5,كوش هابي دراي حجم صغير رقم6,290,,,8670,Albaraka Coude N°6 (500g) البركة كود رقم 6,8000,500g,0.229,0.167,0.229,False,LOW,BRAND_GAP,https://i0.wp.com/www.taibaoline.com/wp-content/uploads/2024/01/Remove-bg.ai_1705911300383.png?fit=476%2C476&ssl=1,True,WOULD_REVIEW,,,
6a7b92cd0d97848094f62ceb,ورق الالمنيوم الفرن,200,,,35839,El Hani Pate Fillo 500G,20000,500g,0.333,0.333,0.189,False,LOW,BRAND_GAP,https://i0.wp.com/www.taibaoline.com/wp-content/uploads/2024/03/SnapBG.ai_1771770696634.png?fit=1280%2C569&ssl=1,True,WOULD_REVIEW,,,
6a7b92cd0d97848094f62ce6,ورق المنيوم كوتكس 5 متر,100,,,33798,Maitre Vergers Pruneaux De France 500 G,95000,500g,0.25,0.25,0.119,False,LOW,BRAND_GAP,https://i0.wp.com/www.taibaoline.com/wp-content/uploads/2024/03/IMG20260213112754-removebg-preview-1.png?fit=333%2C748&ssl=1,True,WOULD_REVIEW,,,
6a7b92cd0d97848094f62ce5,غلاف شفاف وفاء 10متر,100,,,34975,Wafa Lingettes Humide 72 Lingettes,30000,,0.25,0.25,0.119,False,LOW,BRAND_GAP+DUP_SOURCE,https://i0.wp.com/www.taibaoline.com/wp-content/uploads/2024/03/photo_2024-03-11_09-36-12.jpg?fit=1200%2C674&ssl=1,False,WOULD_REVIEW,,,
6a7b92cd0d97848094f62ce4,ماء غازي افري /1ل,60,,1L,35358,Eau Gazeuse Ifri Orange 1L,7500,1L,0.333,0.333,0.22,True,LOW,BRAND_GAP,https://i0.wp.com/www.taibaoline.com/wp-content/uploads/2024/03/ifri-orange-gazeuse-2L_1024x1024.webp?fit=680%2C680&ssl=1,False,WOULD_REVIEW,,,
6a7b92cd0d97848094f62ce3,ورق فيلو,260,,,35903,Djadati Pate Fillo 500G,24000,500g,0.5,0.5,0.2,False,LOW,BRAND_GAP,https://i0.wp.com/www.taibaoline.com/wp-content/uploads/2024/03/Remove-bg.ai_1710760994290.png?fit=1200%2C674&ssl=1,True,WOULD_REVIEW,,,
6a7b92cd0d97848094f62ce2,جي فرويتي 30 سل,40,,,6265,Candia Lait 50 CL,7500,500ml,0.333,0.333,0.222,False,LOW,BRAND_GAP+DUP_SOURCE,https://i0.wp.com/www.taibaoline.com/wp-content/uploads/2023/12/Candia-Lait-0.5l.jpg?fit=600%2C600&ssl=1,False,WOULD_REVIEW,,,
6a7b92cd0d97848094f62ce1,قطايف العائلة,200,,,35196,Mio Bébé Lingettes Humide 120 Unités,20000,,0.5,0.5,0.066,False,LOW,BRAND_GAP,https://i0.wp.com/www.taibaoline.com/wp-content/uploads/2024/03/Remove-bg.ai_1710098685883.png?fit=1200%2C674&ssl=1,True,WOULD_REVIEW,,,
6a7b92cd0d97848094f62ce0,ورق الطهي وفاء 10 م,180,,,35839,El Hani Pate Fillo 500G,20000,500g,0.333,0.333,0.213,False,LOW,BRAND_GAP,https://i0.wp.com/www.taibaoline.com/wp-content/uploads/2024/03/SnapBG.ai_1771770696634.png?fit=1280%2C569&ssl=1,True,WOULD_REVIEW,,,
6a7b92cd0d97848094f62cdf,ورق الالمنيوم وفاء 5 م,100,,,35839,El Hani Pate Fillo 500G,20000,500g,0.333,0.333,0.227,False,LOW,BRAND_GAP,https://i0.wp.com/www.taibaoline.com/wp-content/uploads/2024/03/SnapBG.ai_1771770696634.png?fit=1280%2C569&ssl=1,True,WOULD_REVIEW,,,
6a7b92cd0d97848094f62cde,ورق الطهي ؤفاء 5 م,100,,,35839,El Hani Pate Fillo 500G,20000,500g,0.333,0.333,0.237,False,LOW,BRAND_GAP,https://i0.wp.com/www.taibaoline.com/wp-content/uploads/2024/03/SnapBG.ai_1771770696634.png?fit=1280%2C569&ssl=1,True,WOULD_REVIEW,,,
6a7b92cd0d97848094f62cdd,كوتكس غلاف شفاف 10 متر,100,,,33798,Maitre Vergers Pruneaux De France 500 G,95000,500g,0.25,0.25,0.119,False,LOW,BRAND_GAP,https://i0.wp.com/www.taibaoline.com/wp-content/uploads/2024/03/IMG20260213112754-removebg-preview-1.png?fit=333%2C748&ssl=1,True,WOULD_REVIEW,,,
6a7b92cd0d97848094f62cda,زيت دار ضياف,780,0.5 لتر,500ml,7944,Sacosa Huile 0.5 L,16500,500ml,0.333,0.333,0.132,True,LOW,BRAND_GAP,,False,WOULD_REVIEW,,,
6a7b92cd0d97848094f62cd8,قوفريط وافر,30,,,8114,Madas Free Gaufrettes Goùt Noisette 150 G,30000,150g,0.5,0.5,0.135,False,LOW,BRAND_GAP,https://i0.wp.com/www.taibaoline.com/wp-content/uploads/2024/01/Remove-bg.ai_1751884928787.png?fit=1280%2C962&ssl=1,True,WOULD_REVIEW,,,
6a7b92cd0d97848094f62cd7,قاطو سيليبريتي /حجم صغير,60,,,35196,Mio Bébé Lingettes Humide 120 Unités,20000,,0.25,0.25,0.121,False,LOW,BRAND_GAP+DUP_SOURCE,https://i0.wp.com/www.taibaoline.com/wp-content/uploads/2024/03/Remove-bg.ai_1710098685883.png?fit=1200%2C674&ssl=1,True,WOULD_REVIEW,,,
6a7b92cd0d97848094f62cd6,قوفريط بروموسيون,100,,,8114,Madas Free Gaufrettes Goùt Noisette 150 G,30000,150g,0.5,0.5,0.159,False,LOW,BRAND_GAP,https://i0.wp.com/www.taibaoline.com/wp-content/uploads/2024/01/Remove-bg.ai_1751884928787.png?fit=1280%2C962&ssl=1,True,WOULD_REVIEW,,,
6a7b92cd0d97848094f62cd5,قاطو سبيسيال ماجور +,50,,,32316,Major Biscuits Fourés Créme Gout Chocolat 175 G,16500,175g,0.333,0.333,0.076,False,LOW,BRAND_GAP,https://i0.wp.com/www.taibaoline.com/wp-content/uploads/2024/03/Remove-bg.ai_1709443887996.png?fit=674%2C1200&ssl=1,True,WOULD_REVIEW,,,
6a7b92cd0d97848094f62cd4,قاطو سبيسيال بيفا,55,,,34795,Bifa Cookies aux Pépites de Chocolat Fourrés à La Créme de Chocolat 155g,5500,155g,0.333,0.333,0.018,False,LOW,BRAND_GAP,https://i0.wp.com/www.taibaoline.com/wp-content/uploads/2024/03/Remove-bg.ai_1709920814571.png?fit=675%2C1198&ssl=1,True,WOULD_REVIEW,,,
6a7b92cd0d97848094f62cd2,قاطو بينيتو حجم كبير,60,,,35196,Mio Bébé Lingettes Humide 120 Unités,20000,,0.25,0.25,0.094,False,LOW,BRAND_GAP+DUP_SOURCE,https://i0.wp.com/www.taibaoline.com/wp-content/uploads/2024/03/Remove-bg.ai_1710098685883.png?fit=1200%2C674&ssl=1,True,WOULD_REVIEW,,,
6a7b92cd0d97848094f62cd1,بسكويت القول 30دج,30,,,33203,digestif-elwafi-biscuits-a-base-de-ble-dur-125g,4000,125g,0.5,0.5,0.152,False,LOW,BRAND_GAP,https://i0.wp.com/www.taibaoline.com/wp-content/uploads/2024/03/Remove-bg.ai_1709580260835.png?fit=675%2C1198&ssl=1,True,WOULD_REVIEW,,,
6a7b92cd0d97848094f62cd0,قوفريط كروستيل,80,,,8114,Madas Free Gaufrettes Goùt Noisette 150 G,30000,150g,0.5,0.5,0.162,False,LOW,BRAND_GAP,https://i0.wp.com/www.taibaoline.com/wp-content/uploads/2024/01/Remove-bg.ai_1751884928787.png?fit=1280%2C962&ssl=1,True,WOULD_REVIEW,,,
6a7b92cd0d97848094f62ccd,بسكويت دادي بيفا /بالمارشمالو,140,,,32951,Bifa Petit Beurre Biscuits Au Lait 5 Paquets,19000,,0.5,0.5,0.14,False,LOW,BRAND_GAP+DUP_SOURCE,https://i0.wp.com/www.taibaoline.com/wp-content/uploads/2024/03/Remove-bg.ai_1709579392517.png?fit=675%2C1198&ssl=1,True,WOULD_REVIEW,,,
6a7b92cd0d97848094f62ccb,قاطو فاميلو بيفا,160,,,34795,Bifa Cookies aux Pépites de Chocolat Fourrés à La Créme de Chocolat 155g,5500,155g,0.333,0.333,0.027,False,LOW,BRAND_GAP,https://i0.wp.com/www.taibaoline.com/wp-content/uploads/2024/03/Remove-bg.ai_1709920814571.png?fit=675%2C1198&ssl=1,True,WOULD_REVIEW,,,
6a7b92cd0d97848094f62cca,كوكيز بيفا,100,,,33199,Bifa Special Digestive Blé Complet 186G ,6000,186g,0.5,0.5,0.077,False,LOW,BRAND_GAP,https://i0.wp.com/www.taibaoline.com/wp-content/uploads/2024/03/Remove-bg.ai_1709580166334.png?fit=675%2C1198&ssl=1,True,WOULD_REVIEW,,,
6a7b92cd0d97848094f62cc8,قاطو ماكس كرام بيفا,110,,,32308,Max Créme double Créme Gout Extra 250G,8500,250g,0.25,0.25,0.175,False,LOW,BRAND_GAP+DUP_SOURCE,https://i0.wp.com/www.taibaoline.com/wp-content/uploads/2024/03/Remove-bg.ai_1709442967963.png?fit=675%2C1198&ssl=1,True,WOULD_REVIEW,,,
6a7b92cd0d97848094f62cc7,مون بيسكويت تيمو,110,,,33211,Bimo Biscuit Dorés Au Lait 80 G,2500,80g,0.333,0.333,0.212,False,LOW,BRAND_GAP,https://i0.wp.com/www.taibaoline.com/wp-content/uploads/2024/03/Remove-bg.ai_1709580196188.png?fit=675%2C1198&ssl=1,True,WOULD_REVIEW,,,
6a7b92cd0d97848094f62cc6,قاطو بيستو,80,,,34341,Besto Biscuit Cacaoté Fourré Et Enrobés à La Créme Gout Vanille 54G,2500,54g,0.5,0.5,0.061,False,LOW,BRAND_GAP,https://i0.wp.com/www.taibaoline.com/wp-content/uploads/2024/03/Remove-bg.ai_1709842883676.png?fit=1200%2C674&ssl=1,True,WOULD_REVIEW,,,
6a7b92cd0d97848094f62cc4,بيمو اشكال صغير,25,,,33211,Bimo Biscuit Dorés Au Lait 80 G,2500,80g,0.333,0.333,0.179,False,LOW,BRAND_GAP,https://i0.wp.com/www.taibaoline.com/wp-content/uploads/2024/03/Remove-bg.ai_1709580196188.png?fit=675%2C1198&ssl=1,True,WOULD_REVIEW,,,
6a7b92cd0d97848094f62cc3,بسكويت ZOO,60,,,33203,digestif-elwafi-biscuits-a-base-de-ble-dur-125g,4000,125g,0.5,0.5,0.093,False,LOW,BRAND_GAP,https://i0.wp.com/www.taibaoline.com/wp-content/uploads/2024/03/Remove-bg.ai_1709580260835.png?fit=675%2C1198&ssl=1,True,WOULD_REVIEW,,,
6a7b92cd0d97848094f62cc2,بسبوسة بيفا,35,,,33199,Bifa Special Digestive Blé Complet 186G ,6000,186g,0.5,0.5,0.076,False,LOW,BRAND_GAP,https://i0.wp.com/www.taibaoline.com/wp-content/uploads/2024/03/Remove-bg.ai_1709580166334.png?fit=675%2C1198&ssl=1,True,WOULD_REVIEW,,,
6a7b92cd0d97848094f62cc1,كيك سناوبال,40,,,32891,Donuts Cake Fourré Et Enrobé à La Crème Cacao 6 Sachets,17500,,0.5,0.5,0.082,False,LOW,BRAND_GAP,https://i0.wp.com/www.taibaoline.com/wp-content/uploads/2024/03/Remove-bg.ai_1709580569944.png?fit=675%2C1198&ssl=1,True,WOULD_REVIEW,,,
6a7b92cd0d97848094f62cc0,سويس رول بريك صغير,30,,,34617,Lamina Wafers Roll Filled Créme Gout Berry 120G,9000,120g,0.25,0.25,0.158,False,LOW,BRAND_GAP,https://i0.wp.com/www.taibaoline.com/wp-content/uploads/2024/03/Remove-bg.ai_1709920471998.png?fit=675%2C1198&ssl=1,True,WOULD_REVIEW,,,
6a7b92cd0d97848094f62cbf,قاطو كول متوسط,50,,,8953,Aissa Ben Aissa Couscous Moyen 5 KG,65000,5kg,0.333,0.333,0.136,False,LOW,BRAND_GAP,https://i0.wp.com/www.taibaoline.com/wp-content/uploads/2024/01/Remove-bg.ai_1706180918280.png?fit=535%2C1198&ssl=1,True,WOULD_REVIEW,,,
6a7b92cd0d97848094f62cbe,ماكسو صغير,25,,,8711,Nakhla Petit coude  (500g) نخلة كود صغير,6500,500g,0.5,0.5,0.194,False,LOW,BRAND_GAP,https://i0.wp.com/www.taibaoline.com/wp-content/uploads/2024/01/409707767_753446706808637_7321598605818236298_n-removebg-preview.png?fit=433%2C577&ssl=1,True,WOULD_REVIEW,,,
6a7b92cd0d97848094f62cbd,قاطو شرشال,25,,,32850,cherchell-pops-cereales-croustillantes-chocolat-250g,16000,250g,0.5,0.5,0.077,False,LOW,BRAND_GAP,https://i0.wp.com/www.taibaoline.com/wp-content/uploads/2024/03/Remove-bg.ai_1709580750015.png?fit=675%2C1198&ssl=1,True,WOULD_REVIEW,,,
6a7b92cd0d97848094f62cbc,قاطو برينو,30,,,38436, Brino Lait 125 G,13000,125g,0.5,0.5,0.182,False,LOW,BRAND_GAP,https://i0.wp.com/www.taibaoline.com/wp-content/uploads/2024/05/Remove-bg.ai_1715252640588.png?fit=1280%2C719&ssl=1,True,WOULD_REVIEW,,,
6a7b92cd0d97848094f62cb9,مادلين بيجو,100,,,33809,Dulcesol Madeleine 8 Unités,10000,,0.5,0.5,0.172,False,LOW,BRAND_GAP,https://i0.wp.com/www.taibaoline.com/wp-content/uploads/2024/03/Remove-bg.ai_1709843504237.png?fit=675%2C1198&ssl=1,True,WOULD_REVIEW,,,
6a7b92cd0d97848094f62cb8,قفريط بيلا كس,50,,,18493,Bella Maria Pineapple Slices In Light Syrup 565 G,71000,565g,0.333,0.333,0.091,False,LOW,BRAND_GAP,https://i0.wp.com/www.taibaoline.com/wp-content/uploads/2024/02/Remove-bg.ai_1708256087795.png?fit=450%2C599&ssl=1,True,WOULD_REVIEW,,,
6a7b92cd0d97848094f62cb7,قاطو افنتاج,120,,,32392,Avantage Biscuits Fourés Créme De Cacao 300G,11000,300g,0.5,0.5,0.099,False,LOW,BRAND_GAP,https://i0.wp.com/www.taibaoline.com/wp-content/uploads/2024/03/Remove-bg.ai_1709443315919.png?fit=674%2C1200&ssl=1,True,WOULD_REVIEW,,,
6a7b92cd0d97848094f62cb6,دينارول ماكس بيفا,90,,,34795,Bifa Cookies aux Pépites de Chocolat Fourrés à La Créme de Chocolat 155g,5500,155g,0.333,0.333,0.018,False,LOW,BRAND_GAP,https://i0.wp.com/www.taibaoline.com/wp-content/uploads/2024/03/Remove-bg.ai_1709920814571.png?fit=675%2C1198&ssl=1,True,WOULD_REVIEW,,,
6a7b92cd0d97848094f62cb5,مادلين ساشي فانيلا,120,,,8133,Madas Free Galette Croustillante Goùt Du Beurre 100 G,23000,100g,0.333,0.333,0.15,False,LOW,BRAND_GAP,https://i0.wp.com/www.taibaoline.com/wp-content/uploads/2024/01/Remove-bg.ai_1751885888964.png?fit=1280%2C962&ssl=1,True,WOULD_REVIEW,,,
6a7b92cd0d97848094f62cb3,قوبلي شاي تيميمون,90,,,18772,KHAIMA ORIGINE CHINE 125 g,28000,125g,0.333,0.333,0.144,False,LOW,BRAND_GAP+DUP_SOURCE,https://i0.wp.com/www.taibaoline.com/wp-content/uploads/2024/02/R-3.jpg?fit=600%2C600&ssl=1,False,WOULD_REVIEW,,,
6a7b92cd0d97848094f62cb2,قوبلي قهوة,80,,,48043,Café City One Gold 45 G,53000,45g,0.5,0.5,0.118,False,LOW,BRAND_GAP,https://i0.wp.com/www.taibaoline.com/wp-content/uploads/2025/07/Remove-bg.ai_1753264193483.webp?fit=1280%2C851&ssl=1,True,WOULD_REVIEW,,,
6a7b92cd0d97848094f62cb0,كوش جود كير 5/25,520,,,35953,Jus Ramy Cocktail 1.25 L,13500,1.25L,0.16,0.0,0.16,False,LOW,COMMON_ONLY,https://i0.wp.com/www.taibaoline.com/wp-content/uploads/2024/03/Remove-bg.ai_1710672876983.png?fit=1200%2C1200&ssl=1,True,WOULD_REVIEW,,,
6a7b92cd0d97848094f62caf,كوش جود كير 6/25,600,,,35953,Jus Ramy Cocktail 1.25 L,13500,1.25L,0.16,0.0,0.16,False,LOW,COMMON_ONLY,https://i0.wp.com/www.taibaoline.com/wp-content/uploads/2024/03/Remove-bg.ai_1710672876983.png?fit=1200%2C1200&ssl=1,True,WOULD_REVIEW,,,
6a7b92cd0d97848094f62ca9,هابي دراي 2 /25,460,,,41925,Happy Créme De Noisettes 700G,81000,700g,0.5,0.5,0.157,False,LOW,BRAND_GAP,https://i0.wp.com/www.taibaoline.com/wp-content/uploads/2025/02/Remove-bg.ai_1738766622722.png?fit=1280%2C962&ssl=1,True,WOULD_REVIEW,,,
6a7b92cd0d97848094f62ca8,هابي راحة 4 /,470,25,,37535,Happy Pate à Tartiner Aux Noisettes Et Cacao 700 G,75000,700g,0.5,0.5,0.1,False,LOW,BRAND_GAP,https://i0.wp.com/www.taibaoline.com/wp-content/uploads/2024/04/Remove-bg.ai_1712312746864.png?fit=1280%2C719&ssl=1,True,WOULD_REVIEW,,,
6a7b92cd0d97848094f62ca7,هابي دراي 3/25,570,,,41925,Happy Créme De Noisettes 700G,81000,700g,0.5,0.5,0.139,False,LOW,BRAND_GAP,https://i0.wp.com/www.taibaoline.com/wp-content/uploads/2025/02/Remove-bg.ai_1738766622722.png?fit=1280%2C962&ssl=1,True,WOULD_REVIEW,,,
6a7b92cd0d97848094f62ca6,هابي راحة 6/25,540,,,41925,Happy Créme De Noisettes 700G,81000,700g,0.5,0.5,0.158,False,LOW,BRAND_GAP,https://i0.wp.com/www.taibaoline.com/wp-content/uploads/2025/02/Remove-bg.ai_1738766622722.png?fit=1280%2C962&ssl=1,True,WOULD_REVIEW,,,
6a7b92cd0d97848094f62ca5,هابي راحة 5/25,490,,,41925,Happy Créme De Noisettes 700G,81000,700g,0.5,0.5,0.158,False,LOW,BRAND_GAP,https://i0.wp.com/www.taibaoline.com/wp-content/uploads/2025/02/Remove-bg.ai_1738766622722.png?fit=1280%2C962&ssl=1,True,WOULD_REVIEW,,,
6a7b92cd0d97848094f62ca4,هابي دراي 4/25,610,,,41925,Happy Créme De Noisettes 700G,81000,700g,0.5,0.5,0.139,False,LOW,BRAND_GAP,https://i0.wp.com/www.taibaoline.com/wp-content/uploads/2025/02/Remove-bg.ai_1738766622722.png?fit=1280%2C962&ssl=1,True,WOULD_REVIEW,,,
6a7b92cd0d97848094f62ca3,هابي دراي 6/20,570,,,41925,Happy Créme De Noisettes 700G,81000,700g,0.5,0.5,0.158,False,LOW,BRAND_GAP,https://i0.wp.com/www.taibaoline.com/wp-content/uploads/2025/02/Remove-bg.ai_1738766622722.png?fit=1280%2C962&ssl=1,True,WOULD_REVIEW,,,
6a7b92cd0d97848094f62ca2,هابي دراي 5/25,640,,,41925,Happy Créme De Noisettes 700G,81000,700g,0.5,0.5,0.139,False,LOW,BRAND_GAP,https://i0.wp.com/www.taibaoline.com/wp-content/uploads/2025/02/Remove-bg.ai_1738766622722.png?fit=1280%2C962&ssl=1,True,WOULD_REVIEW,,,
6a7b92cd0d97848094f62c9a,جال ماجيك,300,,,57960,Brilex Gel Machine Baby Joy 1.5 L,32000,1.5L,0.5,0.5,0.118,False,LOW,BRAND_GAP,https://i0.wp.com/www.taibaoline.com/wp-content/uploads/2025/11/IMG20251127102509-2.webp?fit=607%2C1080&ssl=1,False,WOULD_REVIEW,,,
6a7b92cd0d97848094f62c97,لنجات بابي ماكس برومو,160,,,32308,Max Créme double Créme Gout Extra 250G,8500,250g,0.333,0.333,0.141,False,LOW,BRAND_GAP,https://i0.wp.com/www.taibaoline.com/wp-content/uploads/2024/03/Remove-bg.ai_1709442967963.png?fit=675%2C1198&ssl=1,True,WOULD_REVIEW,,,
6a7b92cd0d97848094f62c96,لنجات بمبيز 60 برومو,250,,,27718,تاشفين &#8211; حب الجلجلان 60 غ,10000,60g,0.215,0.0,0.215,False,LOW,COMMON_ONLY,https://i0.wp.com/www.taibaoline.com/wp-content/uploads/2024/02/Remove-bg.ai_1708434613562.png?fit=900%2C1198&ssl=1,True,WOULD_REVIEW,,,
6a7b92cd0d97848094f62c8f,مادلين تومي,80,,,33809,Dulcesol Madeleine 8 Unités,10000,,0.5,0.5,0.172,False,LOW,BRAND_GAP,https://i0.wp.com/www.taibaoline.com/wp-content/uploads/2024/03/Remove-bg.ai_1709843504237.png?fit=675%2C1198&ssl=1,True,WOULD_REVIEW,,,
6a7b92cd0d97848094f62c8e,قاطو كول صاشي,130,,,33172,Kool Biscuit Mosaique Fourré à La Créme De Cacao 220 G,13000,220g,0.333,0.333,0.094,False,LOW,BRAND_GAP+DUP_SOURCE,https://i0.wp.com/www.taibaoline.com/wp-content/uploads/2024/03/Remove-bg.ai_1709580287688.png?fit=675%2C1198&ssl=1,True,WOULD_REVIEW,,,
6a7b92cd0d97848094f62c8d,قفريط وافرز بيفا,80,,,34795,Bifa Cookies aux Pépites de Chocolat Fourrés à La Créme de Chocolat 155g,5500,155g,0.333,0.333,0.036,False,LOW,BRAND_GAP,https://i0.wp.com/www.taibaoline.com/wp-content/uploads/2024/03/Remove-bg.ai_1709920814571.png?fit=675%2C1198&ssl=1,True,WOULD_REVIEW,,,
6a7b92cd0d97848094f62c8a,قفريط ماكسون وفر,150,,,36183, Maxon Végécao Eclats De Cacahuètes 140 G,12500,140g,0.333,0.333,0.137,False,LOW,BRAND_GAP,https://i0.wp.com/www.taibaoline.com/wp-content/uploads/2024/03/Remove-bg.ai_1710542480586.png?fit=768%2C768&ssl=1,True,WOULD_REVIEW,,,
6a7b92cd0d97848094f62c86,عسل البركة الاصيل,140,125 غ,125g,40743,Buram Black Forest Honey 125 G,59000,125g,0.333,0.333,0.216,True,LOW,BRAND_GAP,https://i0.wp.com/www.taibaoline.com/wp-content/uploads/2024/10/Remove-bg.ai_1730292556144.png?fit=1234%2C892&ssl=1,True,WOULD_REVIEW,,,
6a7b92cd0d97848094f62c85,قاطو اوبتيلا,150,,,36088,Optilla Végécao Forré A La Crème Goût Chocolat Noir 90 G,8500,90g,0.5,0.5,0.086,False,LOW,BRAND_GAP+DUP_SOURCE,https://i0.wp.com/www.taibaoline.com/wp-content/uploads/2024/03/Remove-bg.ai_1710535553555.png?fit=809%2C1080&ssl=1,True,WOULD_REVIEW,,,
6a7b92cd0d97848094f62c84,قاطو مون,150,,,32895,Palmary Mon Goùter Fourré Au Goùt Chocolat 10 PS,15000,,0.5,0.5,0.065,False,LOW,BRAND_GAP+DUP_SOURCE,https://i0.wp.com/www.taibaoline.com/wp-content/uploads/2024/03/Remove-bg.ai_1709579032765.png?fit=675%2C1198&ssl=1,True,WOULD_REVIEW,,,
6a7b92cd0d97848094f62c82,حليب نوفالاك 400غ رقم1,880,,400g,37231,Toffia Caramel 400G,23000,400g,0.265,0.0,0.265,True,LOW,COMMON_ONLY+DUP_SOURCE,https://i0.wp.com/www.taibaoline.com/wp-content/uploads/2024/03/Remove-bg.ai_1711464845300.png?fit=1200%2C674&ssl=1,True,WOULD_REVIEW,,,
6a7b92cd0d97848094f62c81,حليب نورسي 400غ رقم,780,2,"2L,400g",18768,Bread tortilla 400g,20000,400g,0.247,0.0,0.247,True,LOW,COMMON_ONLY,https://i0.wp.com/www.taibaoline.com/wp-content/uploads/2024/02/Remove-bg.ai_1707630911859.png?fit=675%2C1198&ssl=1,True,WOULD_REVIEW,,,
6a7b92cd0d97848094f62c80,حليب نورسي 400غ رقم1,770,,400g,18768,Bread tortilla 400g,20000,400g,0.244,0.0,0.244,True,LOW,COMMON_ONLY+DUP_SOURCE,https://i0.wp.com/www.taibaoline.com/wp-content/uploads/2024/02/Remove-bg.ai_1707630911859.png?fit=675%2C1198&ssl=1,True,WOULD_REVIEW,,,
6a7b92cd0d97848094f62c7f,حليب بيوميل 400غ رقم,870,2,"2L,400g",37231,Toffia Caramel 400G,23000,400g,0.272,0.0,0.272,True,LOW,COMMON_ONLY+DUP_SOURCE,https://i0.wp.com/www.taibaoline.com/wp-content/uploads/2024/03/Remove-bg.ai_1711464845300.png?fit=1200%2C674&ssl=1,True,WOULD_REVIEW,,,
6a7b92cd0d97848094f62c7e,حليب بيوميل 400غ رقم1,860,,400g,37231,Toffia Caramel 400G,23000,400g,0.268,0.0,0.268,True,LOW,COMMON_ONLY+DUP_SOURCE,https://i0.wp.com/www.taibaoline.com/wp-content/uploads/2024/03/Remove-bg.ai_1711464845300.png?fit=1200%2C674&ssl=1,True,WOULD_REVIEW,,,
6a7b92cd0d97848094f62c7c,نورسي كونفور 400غ رقم2,860,,400g,37231,Toffia Caramel 400G,23000,400g,0.265,0.0,0.265,True,LOW,COMMON_ONLY+DUP_SOURCE,https://i0.wp.com/www.taibaoline.com/wp-content/uploads/2024/03/Remove-bg.ai_1711464845300.png?fit=1200%2C674&ssl=1,True,WOULD_REVIEW,,,
6a7b92cd0d97848094f62c7b,نورسي كونفور 400غ رقم,860,1,"1L,400g",37231,Toffia Caramel 400G,23000,400g,0.268,0.0,0.268,True,LOW,COMMON_ONLY+DUP_SOURCE,https://i0.wp.com/www.taibaoline.com/wp-content/uploads/2024/03/Remove-bg.ai_1711464845300.png?fit=1200%2C674&ssl=1,True,WOULD_REVIEW,,,
6a7b92cd0d97848094f62c7a,نورسي كونفور 900غ رقم,1,2,"2L,900g",18835,ميزان Cheezy   _ 900 G,58000,900g,0.174,0.0,0.174,True,LOW,COMMON_ONLY,https://i0.wp.com/www.taibaoline.com/wp-content/uploads/2024/02/item2130675300.jpg?fit=800%2C800&ssl=1,False,WOULD_REVIEW,,,
6a7b92cd0d97848094f62c79,نورسي كونفور 900غ رقم1,1,,900g,18835,ميزان Cheezy   _ 900 G,58000,900g,0.172,0.0,0.172,True,LOW,COMMON_ONLY+DUP_SOURCE,https://i0.wp.com/www.taibaoline.com/wp-content/uploads/2024/02/item2130675300.jpg?fit=800%2C800&ssl=1,False,WOULD_REVIEW,,,
6a7b92cd0d97848094f62c6d,شيكولة مون بيضة,280,200 غ,200g,64345,Moon Excellence Créme Aux Noisettes Grillées 200 G,28000,200g,0.333,0.333,0.076,True,LOW,BRAND_GAP,https://i0.wp.com/www.taibaoline.com/wp-content/uploads/2026/08/SnapBG.ai_1785758479662.png?fit=1280%2C960&ssl=1,True,WOULD_REVIEW,,,
6a7b92cd0d97848094f62c6c,شيكولة مون سوداء,270,200 غ,200g,64345,Moon Excellence Créme Aux Noisettes Grillées 200 G,28000,200g,0.333,0.333,0.089,True,LOW,BRAND_GAP,https://i0.wp.com/www.taibaoline.com/wp-content/uploads/2026/08/SnapBG.ai_1785758479662.png?fit=1280%2C960&ssl=1,True,WOULD_REVIEW,,,
6a7b92cd0d97848094f62c64,لبلامين فرونسلي france lait,470,,,7859,Okids  Lait 125g,15000,125g,0.273,0.25,0.273,False,LOW,BRAND_GAP,https://i0.wp.com/www.taibaoline.com/wp-content/uploads/2024/01/Remove-bg.ai_1704795308172.png?fit=900%2C1198&ssl=1,True,WOULD_REVIEW,,,
6a7b92cd0d97848094f62c5f,طراشن وفاء ملونة,80,80 قطعة,,34975,Wafa Lingettes Humide 72 Lingettes,30000,,0.333,0.333,0.14,False,LOW,BRAND_GAP+DUP_SOURCE,https://i0.wp.com/www.taibaoline.com/wp-content/uploads/2024/03/photo_2024-03-11_09-36-12.jpg?fit=1200%2C674&ssl=1,False,WOULD_REVIEW,,,
6a7b92cd0d97848094f62c5e,طراشن وفاء حجم كبير,180,45,,35196,Mio Bébé Lingettes Humide 120 Unités,20000,,0.25,0.25,0.063,False,LOW,BRAND_GAP+DUP_SOURCE,https://i0.wp.com/www.taibaoline.com/wp-content/uploads/2024/03/Remove-bg.ai_1710098685883.png?fit=1200%2C674&ssl=1,True,WOULD_REVIEW,,,
6a7b92cd0d97848094f62c5d,طراشن وفاء,75,80 قطعة,,34975,Wafa Lingettes Humide 72 Lingettes,30000,,0.5,0.5,0.074,False,LOW,BRAND_GAP+DUP_SOURCE,https://i0.wp.com/www.taibaoline.com/wp-content/uploads/2024/03/photo_2024-03-11_09-36-12.jpg?fit=1200%2C674&ssl=1,False,WOULD_REVIEW,,,
6a7b92cd0d97848094f62c52,شربة فارميسال سيم,60,500 غ,500g,41115,Sim Gros Coude 500 G,6000,500g,0.333,0.333,0.118,True,LOW,BRAND_GAP,https://i0.wp.com/www.taibaoline.com/wp-content/uploads/2024/11/Remove-bg.ai_1731488571490.png?fit=1280%2C962&ssl=1,True,WOULD_REVIEW,,,
6a7b92cd0d97848094f62c51,شربة زريعة سيم,60,500 غ,500g,41115,Sim Gros Coude 500 G,6000,500g,0.333,0.333,0.122,True,LOW,BRAND_GAP,https://i0.wp.com/www.taibaoline.com/wp-content/uploads/2024/11/Remove-bg.ai_1731488571490.png?fit=1280%2C962&ssl=1,True,WOULD_REVIEW,,,
6a7b92cd0d97848094f62c50,ماقرون سيم روسول,65,500 غ,500g,41115,Sim Gros Coude 500 G,6000,500g,0.333,0.333,0.167,True,LOW,BRAND_GAP,https://i0.wp.com/www.taibaoline.com/wp-content/uploads/2024/11/Remove-bg.ai_1731488571490.png?fit=1280%2C962&ssl=1,True,WOULD_REVIEW,,,
6a7b92cd0d97848094f62c41,طعام مام متوسط,180,1 كغ,1kg,37676,Moula Semoule Moyenne 1 KG,12000,1kg,0.333,0.333,0.174,True,LOW,BRAND_GAP,https://i0.wp.com/www.taibaoline.com/wp-content/uploads/2024/04/Remove-bg.ai_1712481256297.png?fit=718%2C1280&ssl=1,True,WOULD_REVIEW,,,
6a7b92cd0d97848094f62c3d,شاي احمد عبدس,200,100 غ,100g,18849,EL BERRAD THE VERT DE CHINE 100 G,23000,100g,0.333,0.333,0.102,True,LOW,BRAND_GAP+DUP_SOURCE,https://i0.wp.com/www.taibaoline.com/wp-content/uploads/2024/02/Remove-bg.ai_1707706726372.png?fit=1200%2C899&ssl=1,True,WOULD_REVIEW,,,
6a7b92cd0d97848094f62c28,حلوة سطيف,180,,,18482,Thika légumes conserves 400g,13500,400g,0.5,0.5,0.109,False,LOW,BRAND_GAP,https://i0.wp.com/www.taibaoline.com/wp-content/uploads/2024/02/Remove-bg.ai_1707628920303.png?fit=675%2C1198&ssl=1,True,WOULD_REVIEW,,,
6a7b92cd0d97848094f62c22,لانشو بلاط دجاج,440,250 غ,250g,26292,La Vache qui rit Chef _ gout poulet grillé _ 260G,27500,260g,0.333,0.333,0.114,True,LOW,BRAND_GAP,https://i0.wp.com/www.taibaoline.com/wp-content/uploads/2024/02/Remove-bg.ai_1708036084088.png?fit=1200%2C1200&ssl=1,True,WOULD_REVIEW,,,
6a7b92cd0d97848094f62c14,ثوم مرحي جواد,130,400 غ,400g,18689,Assil pois chiche moulu 400g,18000,400g,0.333,0.333,0.151,True,LOW,BRAND_GAP,https://i0.wp.com/www.taibaoline.com/wp-content/uploads/2024/02/Remove-bg.ai_1707629666749.png?fit=675%2C1198&ssl=1,True,WOULD_REVIEW,,,
6a7b92cd0d97848094f62c12,زنجبيل كبير,180,,,27462,تاشفين &#8211; زنجبيل مرحي 50 غ,7500,50g,0.5,0.5,0.189,False,LOW,BRAND_GAP,https://i0.wp.com/www.taibaoline.com/wp-content/uploads/2024/02/Remove-bg.ai_1716197408061.png?fit=718%2C1280&ssl=1,True,WOULD_REVIEW,,,
6a7b92cd0d97848094f62c11,قهوة اروما غولد,330,250 غ,250g,53217,Café Fegalo 250 G,20000,250g,0.333,0.333,0.25,True,LOW,BRAND_GAP,https://i0.wp.com/www.taibaoline.com/wp-content/uploads/2025/09/Untitled-design-4.webp?fit=375%2C666&ssl=1,False,WOULD_REVIEW,,,
6a7b92cd0d97848094f62c09,طماطم كينغ توم,310,800 غ,800g,9265,Lala Salha Tomate Double Concentrée (800G),27500,800g,0.333,0.333,0.143,True,LOW,BRAND_GAP,https://i0.wp.com/www.taibaoline.com/wp-content/uploads/2024/02/Remove-bg.ai_1748251194782.png?fit=1280%2C962&ssl=1,True,WOULD_REVIEW,,,
6a7b92cd0d97848094f62bfb,قهوة نيزيار,250,,,48043,Café City One Gold 45 G,53000,45g,0.5,0.5,0.14,False,LOW,BRAND_GAP,https://i0.wp.com/www.taibaoline.com/wp-content/uploads/2025/07/Remove-bg.ai_1753264193483.webp?fit=1280%2C851&ssl=1,True,WOULD_REVIEW,,,
6a7b92cd0d97848094f62bef,طماطم كينغ توم,175,400 غ,400g,9219,Lala Salha Tomate Double Concentrée (400G),12500,400g,0.333,0.333,0.143,True,LOW,BRAND_GAP,https://i0.wp.com/www.taibaoline.com/wp-content/uploads/2024/01/Remove-bg.ai_1748251186815.png?fit=1280%2C962&ssl=1,True,WOULD_REVIEW,,,
